feature_set,position,n_predictions,mean_absolute_error,rmse,mean_error,max_absolute_error
All features,30.0,5,1.0260077140380006,1.2258407078582965,-0.3895659236273343,1.8273614027666674
All features,33.0,4,0.7580076461441679,1.0119116701842876,-0.7580076461441679,1.816017059576668
All features,34.0,5,1.161517141309335,1.5900262894450226,0.7225360902986682,2.905325646830001
All features,39.0,5,2.250226268792665,2.5358298146023057,-2.250226268792665,3.6723467380933257
All features,42.0,4,1.4142447826250029,1.7499734332779961,1.0723329861133362,2.708897886346671
All features,43.0,4,0.9526916726200019,1.2613776834582984,0.8213811493066681,1.9024425042433428
All features,48.0,4,1.2550659958899986,1.3941992047967742,-1.2550659958899986,2.2277629355699986
All features,49.0,5,0.5791530658913325,0.6765951900314053,-0.09482216919133166,1.046281779813334
All features,54.0,4,1.571072359075831,1.9093766462727677,-1.571072359075831,2.9383170793633298
All features,57.0,4,1.6659830444450017,1.698459270947478,-1.6659830444450017,2.18972018392
All features,69.0,4,1.8367128204416665,2.195519425037542,1.8367128204416665,3.231329403556666
All features,70.0,5,1.207886540668666,1.6234099646683111,0.28136702347933246,2.857620412923331
All features,90.0,5,1.5979524882179983,2.008664721653426,-1.5979524882179983,3.3175364745933265
All features,91.0,4,0.9241043802691663,1.0896019553912717,0.44782324460583167,1.689952406019998
All features,92.0,5,0.7732160096766669,0.9929572180757942,-0.1289171089286672,1.497325685663335
All features,97.0,4,1.209144192596666,1.5659431616175616,-1.209144192596666,2.8323975022333268
All features,99.0,4,1.101585853305001,1.2496045202456558,-1.0092743381950005,1.7617997843766662
All features,102.0,4,0.44079163757500067,0.504692824600973,-0.44079163757500067,0.8596810164833338
All features,103.0,1,2.2694672117233265,2.2694672117233265,-2.2694672117233265,2.2694672117233265
All features,110.0,4,0.7955272004575001,0.9466687832601781,-0.1331664901591677,1.463379016770002
All features,120.0,2,1.1628177960816715,1.3284388752006813,1.1628177960816715,1.8051608650566666
All features,125.0,5,0.7487767511660015,0.9730456316840509,0.034614071942001966,1.9584770577700086
All features,133.0,2,1.77664182065,2.1097186505815055,1.137741897676666,2.914383718326666
All features,135.0,3,0.6894853608200014,0.8067739073932965,0.5123310158577791,1.2599227689899979
All features,138.0,4,2.3362721232724972,2.543100333344471,-2.3362721232724972,3.6827347533433255
All features,139.0,3,0.566631131696667,0.6991822622044953,-0.566631131696667,1.1436245355233339
All features,141.0,2,1.8537016552783299,1.869571388413799,-1.8537016552783299,2.0967805510999957
All features,144.0,3,0.43857526084333315,0.4640738984022722,-0.2703994439255558,0.6238749076233334
All features,156.0,3,1.8542560306199967,2.43769848444884,-1.8542560306199967,4.061451112403323
All features,160.0,4,0.8930128937166665,1.120975657535107,-0.6676313294400001,1.7036388873600012
All features,165.0,4,0.5265689678774998,0.5623527188748793,0.2158390496174996,0.6921514547400001
All features,166.0,4,1.4915621935033352,1.5280211947133975,-1.4915621935033352,1.854189254023335
All features,171.0,4,1.3900655735058336,1.516314824211056,-1.3900655735058336,2.434321995556664
All features,176.0,2,0.4437973098533337,0.4825146726144796,-0.4437973098533337,0.6331761815766666
All features,188.0,2,0.8193848364316673,0.9030613796887577,-0.8193848364316673,1.1990272277833345
All features,194.0,4,1.267586727590833,1.4886646875552105,-1.267586727590833,2.6118715720433285
All features,196.0,3,2.2894949639588886,2.6487014023708535,-2.2894949639588886,3.4465046800000048
All features,200.0,5,0.6058888811473317,0.6232431452081316,-0.6058888811473317,0.8006942866566575
All features,217.0,3,0.9768769435722238,1.089317972464959,-0.9768769435722238,1.5595771388533337
All features,218.0,4,2.351913956584168,2.743556117444645,2.351913956584168,3.908520176373333
All features,221.0,5,1.0151607868586647,1.336161113293496,-1.0151607868586647,2.6914758295266545
All features,228.0,3,1.6079509156933283,1.9353874214283207,-1.6079509156933283,3.1208189663566657
All features,233.0,4,1.6885604611533367,2.0887077292853076,1.3658581538416699,2.9158212419466687
All features,239.0,4,2.2187830834158384,2.289909603158999,2.2187830834158384,2.9698858093166676
All features,240.0,4,1.686671780206667,2.0747081039577786,1.1221780586749999,3.5773400503399966
All features,247.0,4,1.9877044051358381,2.152272282296057,1.5686227751625041,3.1050629971733335
All features,250.0,6,2.348843892912222,2.4111581626410095,-2.348843892912222,3.0208844673166677
All features,255.0,3,0.3851821124444444,0.464416703782097,0.3191940987222217,0.7271377669733345
All features,263.0,2,0.5312119430566753,0.6136528079315636,0.5312119430566753,0.8384311485700091
All features,273.0,4,1.136976123420001,1.1433628780609957,-1.136976123420001,1.2840375841600016
All features,278.0,5,1.031051131099335,1.285276755207012,0.6630245028140017,2.270052135343338
All features,279.0,3,1.1268690411677775,1.370536222812344,-0.21736524773888535,1.9412026387533245
All features,283.0,4,1.0084925076225018,1.3469349033507347,-0.40716224149249713,2.4383856292099977
Mutation + Biological,30.0,5,1.0997803757337514,1.2756110475010851,-0.4807466340297368,2.103962444521996
Mutation + Biological,33.0,4,2.0557462018930592,2.0949562879242327,-2.0557462018930592,2.6384721846028807
Mutation + Biological,34.0,5,0.7843833177588403,0.8961342915041399,0.3345199868481083,1.2707292243492088
Mutation + Biological,39.0,5,2.1767586709602034,2.387322688958169,-2.1767586709602034,3.198315900830412
Mutation + Biological,42.0,4,1.5096517173996682,1.8345870521529666,1.0120914620729715,2.5500739118626345
Mutation + Biological,43.0,4,1.197912132734001,1.455596963578792,0.7789236800299166,2.1236120991695877
Mutation + Biological,48.0,4,1.2914916413049093,1.38085919658075,-1.2914916413049093,1.9845391368254437
Mutation + Biological,49.0,5,0.8668075969735549,0.9463828325505275,-0.8668075969735549,1.407805616232518
Mutation + Biological,54.0,4,2.0741138773445753,2.363780840820153,-2.0741138773445753,3.295726342861082
Mutation + Biological,57.0,4,2.239384085719668,2.2499722979791392,-2.239384085719668,2.5286569204377476
Mutation + Biological,69.0,4,2.297660465801893,2.5797316444247618,2.297660465801893,3.522310322286475
Mutation + Biological,70.0,5,1.507793146470396,1.9874558859262694,0.017595794090704487,3.8134723514027513
Mutation + Biological,90.0,5,1.821473148103502,2.2473210895058644,-1.708630137560203,3.531649233830412
Mutation + Biological,91.0,4,0.9047140751824432,0.975302078217627,-0.040077839337442966,1.373116794944534
Mutation + Biological,92.0,5,1.301332986085539,1.416189637394225,-0.52890538525437,1.9378955814527923
Mutation + Biological,97.0,4,0.7308534289872777,0.9941782943403465,-0.358593253140765,1.819392986393376
Mutation + Biological,99.0,4,1.5838711413049091,1.6937123786066544,-1.5838711413049091,2.1384721846028807
Mutation + Biological,102.0,4,0.6849952911441151,0.7737912091229595,-0.6849952911441151,1.2271962886715504
Mutation + Biological,103.0,1,3.172883140109163,3.172883140109163,-3.172883140109163,3.172883140109163
Mutation + Biological,110.0,4,0.7422229486880494,0.8615374062320009,0.60025247641288,1.3934562387588771
Mutation + Biological,120.0,2,1.270051930990172,1.278922996940071,1.270051930990172,1.420425215486813
Mutation + Biological,125.0,5,0.8558115928544137,1.5579904739552568,0.5233886133011818,3.4480005153889888
Mutation + Biological,133.0,2,1.9439578679447245,2.1084472464547104,0.816442036361585,2.7603999043063094
Mutation + Biological,135.0,3,0.8480098062076412,0.8859653520981253,0.5120594351125884,1.1196786464935313
Mutation + Biological,138.0,4,2.1524523350862594,2.375941956513862,-2.1524523350862594,3.5913519595615155
Mutation + Biological,139.0,3,0.6761330484827246,0.804565430842371,-0.6761330484827246,1.2412717833640659
Mutation + Biological,141.0,2,2.3841746508198733,2.388172319971539,-2.3841746508198733,2.5222987409206823
Mutation + Biological,144.0,3,0.9801450594482722,0.989194313154444,-0.20275070437837028,1.1660915326048529
Mutation + Biological,156.0,3,1.5336976743661903,2.456341957145533,-1.5211884073067745,4.240731853480902
Mutation + Biological,160.0,4,1.3013957349773544,1.7779052118997793,-1.3013957349773544,2.7297336162325183
Mutation + Biological,165.0,4,0.7040954122415082,0.7519378161416704,-0.48592252305266004,1.1287437118797805
Mutation + Biological,166.0,4,0.6067511522312656,0.6675845046951832,-0.6067511522312656,0.962524022368682
Mutation + Biological,171.0,4,0.8131292505898702,1.3662096081953143,-0.6840796954707701,2.711609496812885
Mutation + Biological,176.0,2,1.0249023709008709,1.0360809480666184,-1.0249023709008709,1.1766879468572076
Mutation + Biological,188.0,2,0.6856028189614258,0.8584724031821035,-0.5166465345450431,1.2022493535064689
Mutation + Biological,194.0,4,1.7153736534700832,1.922627634857491,-1.7153736534700832,3.198315900830412
Mutation + Biological,196.0,3,1.7039127972795767,2.007614349241073,-1.7039127972795767,2.7297336162325183
Mutation + Biological,200.0,5,0.9450580851836612,1.0697455551745492,-0.9450580851836612,1.7292707756507908
Mutation + Biological,217.0,3,0.9240957616422757,1.0049955858999584,-0.9240957616422757,1.4620770448797806
Mutation + Biological,218.0,4,2.392591825331839,2.7382677997418243,2.392591825331839,4.080432625004255
Mutation + Biological,221.0,5,1.8607842954944842,2.3342620548464064,-1.8607842954944842,4.294627658003663
Mutation + Biological,228.0,3,0.5408422193857213,0.7063627083182619,-0.22678267224217108,1.1514373374418385
Mutation + Biological,233.0,4,1.9700050729304313,2.5822978378973414,1.7002160772598285,4.349930591365914
Mutation + Biological,239.0,4,2.0305060117220903,2.0320323231833464,2.0305060117220903,2.1329625920793176
Mutation + Biological,240.0,4,1.6473513046774086,2.2948774502722755,1.4115891551740534,4.349930591365914
Mutation + Biological,247.0,4,1.6050645556537602,1.8933602271375614,1.6050645556537602,3.1814185993895334
Mutation + Biological,250.0,6,2.6806797517555156,2.923487600290038,-2.6806797517555156,5.058196018085541
Mutation + Biological,255.0,3,0.6261291857010066,0.7257946389613391,0.6261291857010066,1.1452400531427926
Mutation + Biological,263.0,2,0.30763977370389206,0.42272796674890156,0.28992534126405456,0.5975651149679466
Mutation + Biological,273.0,4,0.9413620517115495,1.0268547141044237,-0.9413620517115495,1.5164670340952384
Mutation + Biological,278.0,5,1.1868156360059015,1.7327624653603444,1.1233886133011817,3.4480005153889888
Mutation + Biological,279.0,3,1.0769605389349883,1.3113302768615644,0.74904822317382,2.1329625920793176
Mutation + Biological,283.0,4,1.2130758984120442,1.5832287361307593,-1.1071459608445755,2.711609496812885
Mutation + Local Context,30.0,5,1.1903069598726659,1.3972856557884568,-0.8139135389233335,2.4004561155499973
Mutation + Local Context,33.0,4,1.5283908948091653,1.666270646817187,-1.5283908948091653,2.6072836313199996
Mutation + Local Context,34.0,5,1.4907558883793353,1.70232101911705,0.36938305710200087,2.9349794992700007
Mutation + Local Context,39.0,5,1.7171789833579996,1.8606258432941964,-1.7171789833579996,2.664901379369995
Mutation + Local Context,42.0,4,2.2922451408799995,2.8726407472150033,1.6681746875299985,4.4470475488866645
Mutation + Local Context,43.0,4,1.4128250527858328,1.918479261859663,1.2702146689574993,3.382588863993333
Mutation + Local Context,48.0,4,0.8505331434533344,1.0599751590253523,-0.3225664817933356,1.7357666308033368
Mutation + Local Context,49.0,5,0.9816686830453328,1.0153300888255643,-0.31476017871733236,1.183892884993334
Mutation + Local Context,54.0,4,1.1423823943716669,1.1596125249389737,-1.1423823943716669,1.3963925353266675
Mutation + Local Context,57.0,4,2.5355041840533294,2.5710982644849807,-2.5355041840533294,3.0685705822166582
Mutation + Local Context,69.0,4,2.090840245974998,2.418558647712484,2.090840245974998,3.4668129208733314
Mutation + Local Context,70.0,5,0.9045169024753326,1.3018709224199205,0.5430992704739985,2.69073806138333
Mutation + Local Context,90.0,5,1.4097699013940006,1.539531551886383,-1.4097699013940006,2.36002149131
Mutation + Local Context,91.0,4,1.3070951505066664,1.4056397505621114,0.878833881284999,2.033371791989998
Mutation + Local Context,92.0,5,1.0018887133086678,1.1747375349036373,-0.24547426448600138,1.8128839098533374
Mutation + Local Context,97.0,4,1.8611515941699996,2.039121435233842,-1.8611515941699996,2.4054211034799997
Mutation + Local Context,99.0,4,2.53085526420499,2.6686493674354526,-2.53085526420499,3.1623810555599894
Mutation + Local Context,102.0,4,1.5515726858150007,1.5940054245042679,-1.5515726858150007,2.127520348903333
Mutation + Local Context,103.0,1,1.177785512073335,1.177785512073335,-1.177785512073335,1.177785512073335
Mutation + Local Context,110.0,4,0.7119207662708333,0.8359452227974323,0.22955730941249963,1.2855397009533327
Mutation + Local Context,120.0,2,1.6193507843716655,1.6922750145181662,1.6193507843716655,2.1107750022499987
Mutation + Local Context,125.0,5,1.1024758851940029,1.234628933447292,-0.44058563934333306,1.6251464634866726
Mutation + Local Context,133.0,2,2.2297372807950016,2.3396415182115513,0.7086565404849978,2.938393821279999
Mutation + Local Context,135.0,3,1.297238689642221,1.534868879041047,1.0264629316866654,2.3861892441099988
Mutation + Local Context,138.0,4,2.5152655430566635,2.638359164982859,-2.5152655430566635,3.585595600013325
Mutation + Local Context,139.0,3,0.8684023834566684,0.9696675140717582,-0.8684023834566684,1.2558178079066686
Mutation + Local Context,141.0,2,1.9022223309499937,1.9222701382757263,-1.9022223309499937,2.179120666339993
Mutation + Local Context,144.0,3,1.2121919479300003,1.429162238688737,-1.0828852412855567,2.0077445263566664
Mutation + Local Context,156.0,3,2.6642409080588876,3.292682986633564,-2.6642409080588876,5.097402808893332
Mutation + Local Context,160.0,4,0.3287236358175005,0.38268935154028,-0.05994728804083381,0.5513758311133352
Mutation + Local Context,165.0,4,0.48852583624083434,0.5394418986411301,-0.48852583624083434,0.8680345723266673
Mutation + Local Context,166.0,4,0.6172038550466674,0.7058249116058004,-0.4896188397533339,1.1532562050833344
Mutation + Local Context,171.0,4,0.9979889075033346,1.114100355854177,-0.9979889075033346,1.695958875563336
Mutation + Local Context,176.0,2,0.6862405847283335,0.8396624802521816,-0.6862405847283335,1.170086573256667
Mutation + Local Context,188.0,2,1.9019465611233342,1.9030552639007263,-1.9019465611233342,1.9668974355700004
Mutation + Local Context,194.0,4,1.4995047401791664,1.722824851400299,-1.4995047401791664,2.944277918543327
Mutation + Local Context,196.0,3,1.9499207019000027,2.2915549583055155,-1.9499207019000027,3.601600551110006
Mutation + Local Context,200.0,5,0.5291574536773334,0.5362625138524354,-0.33507133456666727,0.6112018239966671
Mutation + Local Context,217.0,3,1.063188181377779,1.135423684166314,-1.063188181377779,1.6240411222500006
Mutation + Local Context,218.0,4,2.269367452562497,2.43668271205741,2.269367452562497,3.2465576813333312
Mutation + Local Context,221.0,5,1.1966804718413317,1.3389966029232463,-1.1966804718413317,2.25563431966666
Mutation + Local Context,228.0,3,1.199350824453333,1.3069191985909885,1.199350824453333,1.8700550721966667
Mutation + Local Context,233.0,4,2.080571112028335,2.4002570577026674,1.3452939843766676,3.224924093183333
Mutation + Local Context,239.0,4,3.732714421495832,3.7395571506598304,3.732714421495832,4.003025605233333
Mutation + Local Context,240.0,4,1.9819626686366663,2.4545112799958124,1.3523033826033326,3.859920207523332
Mutation + Local Context,247.0,4,2.3567510710316704,2.4687285338501725,1.7798408836783361,3.1500875199600014
Mutation + Local Context,250.0,6,2.7253526279711076,2.7485509933848493,-2.7253526279711076,3.240112167943333
Mutation + Local Context,255.0,3,0.5687821898188886,0.5704699596750953,0.14845737499000164,0.6304872222433304
Mutation + Local Context,263.0,2,0.3832239166766658,0.4693873998490288,0.271042359833344,0.6542662765100098
Mutation + Local Context,273.0,4,1.6158257797583353,1.6648828614057642,-1.6158257797583353,2.2890332723833344
Mutation + Local Context,278.0,5,1.4344301562240007,1.7135138804588277,0.5818211483840006,2.619039388849999
Mutation + Local Context,279.0,3,1.3848680634288841,1.4850262875711038,-0.6730463831355508,2.139870297406657
Mutation + Local Context,283.0,4,1.0262629488666684,1.1158204961962754,-0.24683149141333333,1.55886291490667
Mutation + Sequence,30.0,5,1.0199660076753345,1.215006287397624,-0.41870429339400095,2.009200963480001
Mutation + Sequence,33.0,4,1.2144702940416692,1.3805267331146933,-1.2144702940416692,1.9345275888866684
Mutation + Sequence,34.0,5,1.2546521608813344,1.777327561456495,1.1217668489053343,3.7273905600066657
Mutation + Sequence,39.0,5,3.133746491784663,3.237505292551847,-3.133746491784663,4.324506679993335
Mutation + Sequence,42.0,4,1.862579538326668,2.3061624045337794,1.2548669405616675,3.7170840044499975
Mutation + Sequence,43.0,4,1.0551055075216684,1.3808548497838418,0.9256061025816682,1.9573178939933311
Mutation + Sequence,48.0,4,0.7633785234191677,0.9430084086488686,-0.728723538039167,1.5916411413066682
Mutation + Sequence,49.0,5,1.2065641872786657,1.3101523742880226,0.026683538442666733,1.8620946634999977
Mutation + Sequence,54.0,4,1.0744289058799978,1.2295595596001958,-1.0744289058799978,2.0843462672866573
Mutation + Sequence,57.0,4,0.4791972255574999,0.48275126137508984,-0.4791972255574999,0.5396210195833326
Mutation + Sequence,69.0,4,1.9542283077833318,2.359150984833292,1.9542283077833318,3.309519720879998
Mutation + Sequence,70.0,5,1.085730124306,1.6344188799736812,0.6890836384313328,3.463686312626666
Mutation + Sequence,90.0,5,2.231596923771998,2.5416091464553148,-2.231596923771998,4.222441999663328
Mutation + Sequence,91.0,4,0.9793234362175003,1.120889052065336,0.054599641665833476,1.53357210056
Mutation + Sequence,92.0,5,0.7587977953439999,0.9511667130904237,-0.03092824850666671,1.6929919594133338
Mutation + Sequence,97.0,4,1.490921764689999,2.0224342339513264,-1.3012102948749993,3.827322062223328
Mutation + Sequence,99.0,4,1.0507977883675013,1.207374797270471,-1.0507977883675013,1.5669542900333364
Mutation + Sequence,102.0,4,0.7265581315741683,0.8427344196621266,-0.7265581315741683,1.329997166640002
Mutation + Sequence,103.0,1,2.2861251402966567,2.2861251402966567,-2.2861251402966567,2.2861251402966567
Mutation + Sequence,110.0,4,0.49175821425666655,0.5857622159924675,-0.21054342982166765,1.0167727533400013
Mutation + Sequence,120.0,2,1.5406292294599973,1.6334105674926498,1.5406292294599973,2.083300086729996
Mutation + Sequence,125.0,5,1.4035908273406665,1.7991914463828595,0.48847415550333234,3.6369134199799986
Mutation + Sequence,133.0,2,1.919711452696667,2.4102607306861645,1.45741714285,3.377128595546667
Mutation + Sequence,135.0,3,1.28527474544111,1.3187499094293202,0.5190661028899972,1.695148929516663
Mutation + Sequence,138.0,4,1.1581038511766664,1.3624039740928633,-1.1581038511766664,2.0840179568466666
Mutation + Sequence,139.0,3,0.5074216902222224,0.5529418922677156,-0.3471060543711113,0.7785763301933335
Mutation + Sequence,141.0,2,0.9067273304750008,0.9089452167981197,-0.9067273304750008,0.970185626306668
Mutation + Sequence,144.0,3,0.691660417238889,0.7544873315683699,0.023782840518888532,1.0731648866366665
Mutation + Sequence,156.0,3,2.119496063965553,2.858240618158869,-2.119496063965553,4.769514035643325
Mutation + Sequence,160.0,4,1.1193931368941676,1.7627705124325435,-0.9588705450108346,3.4444837866666704
Mutation + Sequence,165.0,4,0.7450113683283335,0.8306228331830113,0.7450113683283335,1.0543955054000003
Mutation + Sequence,166.0,4,0.8484754004941677,0.9062011691745352,-0.8484754004941677,1.1354542800033345
Mutation + Sequence,171.0,4,2.154605522977499,2.1573526292279266,-2.154605522977499,2.275478248119998
Mutation + Sequence,176.0,2,0.2993126809133334,0.3936923630739544,-0.25574517744666736,0.5550578583600008
Mutation + Sequence,188.0,2,0.6017595850550004,0.6711625513292531,-0.6017595850550004,0.8989877332866676
Mutation + Sequence,194.0,4,2.027228868314999,2.2258353659670864,-2.027228868314999,3.608679875553326
Mutation + Sequence,196.0,3,2.065586174827779,2.283757760302084,-2.065586174827779,3.395214720000003
Mutation + Sequence,200.0,5,0.5024449474213329,0.5572064801961739,-0.10923336900800036,0.9830289460333315
Mutation + Sequence,217.0,3,0.8784136068688908,1.0158512102808546,-0.8784136068688908,1.4306836031400014
Mutation + Sequence,218.0,4,2.7517272133816664,2.879705676602356,2.7517272133816664,3.739902021276666
Mutation + Sequence,221.0,5,0.5054428889520003,0.5512848615771313,-0.4224128470493338,0.8931990082533335
Mutation + Sequence,228.0,3,1.8565894901655575,2.284366671767303,-1.8565894901655575,3.354814293336669
Mutation + Sequence,233.0,4,2.3079014733391627,3.090767900399421,2.034873615927502,4.715866397563333
Mutation + Sequence,239.0,4,1.6672342521191723,1.669619289187961,1.6672342521191723,1.7797065613433407
Mutation + Sequence,240.0,4,2.078718003024999,2.6711759082423905,1.5780725865099985,4.352703268306666
Mutation + Sequence,247.0,4,2.3252528413341684,2.5354126289663395,1.7437194301558339,3.5364156903466655
Mutation + Sequence,250.0,6,1.4022053388838895,1.4913166459200993,-1.4022053388838895,2.366355093976667
Mutation + Sequence,255.0,3,1.0140683708799993,1.104044878276777,1.0140683708799993,1.6272647822699997
Mutation + Sequence,263.0,2,1.2097029415150014,1.224261508670816,1.2097029415150014,1.3979448999166704
Mutation + Sequence,273.0,4,1.6969954582166682,1.7239043417170112,-1.6969954582166682,2.2073741668033358
Mutation + Sequence,278.0,5,1.8883386169453327,2.4454887088530937,1.4353124368239993,4.183485271496664
Mutation + Sequence,279.0,3,1.5100203900833329,2.059806230121258,1.120533012594443,3.4898678484566643
Mutation + Sequence,283.0,4,0.8327674932666694,0.9396526153265703,-0.3177761767533319,1.3287216727633355
Mutation only,30.0,5,1.1015629437863,1.2763570729652687,-0.4851153603045075,2.103962444521996
Mutation only,33.0,4,2.037290527682794,2.081994106429004,-2.037290527682794,2.638472184602881
Mutation only,34.0,5,0.7831707784995701,0.8953432952033328,0.3333074475888381,1.2790930132380964
Mutation only,39.0,5,2.1793747757834936,2.388558532040588,-2.1793747757834936,3.1986413425235862
Mutation only,42.0,4,1.5218359661170795,1.8512514242470406,1.0242757107903828,2.558399476904651
Mutation only,43.0,4,1.2021583267260507,1.4563555789568805,0.7756535490008036,2.1232866574764135
Mutation only,48.0,4,1.2914916413049093,1.38085919658075,-1.2914916413049093,1.9845391368254433
Mutation only,49.0,5,0.8588168094282664,0.9395669346941864,-0.8588168094282664,1.407805616232519
Mutation only,54.0,4,2.073280544011242,2.3632228248181493,-2.073280544011242,3.295726342861082
Mutation only,57.0,4,2.2395220364666173,2.2494897362975497,-2.2395220364666173,2.5109171604377476
Mutation only,69.0,4,2.297660465801893,2.5797316444247618,2.297660465801893,3.522310322286475
Mutation only,70.0,5,1.4996801107006432,1.9844323378823703,0.030254551389719508,3.8248366552259068
Mutation only,90.0,5,1.8250002799744114,2.2483667658814506,-1.7112462423834933,3.5319746755235863
Mutation only,91.0,4,0.9047974085157766,0.9754194094606471,-0.0401611726707764,1.3734501282778673
Mutation only,92.0,5,1.2967628465553802,1.4099356599132478,-0.5336088581178622,1.937895581452793
Mutation only,97.0,4,0.7432575443487606,1.0167971564467542,-0.3707612573910813,1.8685372256169743
Mutation only,99.0,4,1.5838711413049094,1.6937123786066546,-1.5838711413049094,2.138472184602881
Mutation only,102.0,4,0.6849952911441151,0.7737912091229596,-0.6849952911441151,1.2271962886715506
Mutation only,103.0,1,3.175587431860717,3.175587431860717,-3.175587431860717,3.175587431860717
Mutation only,110.0,4,0.612287166977621,0.6873534158101569,0.4775988323321183,0.9683723057287696
Mutation only,120.0,2,1.2720957057556648,1.2811941478777211,1.2720957057556648,1.424512765017798
Mutation only,125.0,5,0.9272670327871015,1.6968443041198011,0.5770281954542422,3.7607380706033595
Mutation only,133.0,2,1.9439578679447245,2.1084472464547104,0.816442036361585,2.7603999043063094
Mutation only,135.0,3,0.8493723227179696,0.8873828731597905,0.5134219516229169,1.1196786464935318
Mutation only,138.0,4,2.150694166357963,2.373285515890748,-2.150694166357963,3.58431928464833
Mutation only,139.0,3,0.6761330484827247,0.8045654308423712,-0.6761330484827247,1.2412717833640663
Mutation only,141.0,2,2.3801257899967867,2.3843682442488277,-2.3801257899967867,2.5222987409206823
Mutation only,144.0,3,0.9942321022970257,1.0053455400990088,-0.19297392523332033,1.2018872655955581
Mutation only,156.0,3,1.5888411398561166,2.5092922475180695,-1.5715748413398183,4.3263557159799895
Mutation only,160.0,4,1.3032698665240674,1.780300067071542,-1.3032698665240674,2.729733616232519
Mutation only,165.0,4,0.7051223366859527,0.7525363020687145,-0.4848955986082155,1.1287437118797805
Mutation only,166.0,4,0.6054582969424152,0.6667868508475118,-0.6054582969424152,0.962524022368682
Mutation only,171.0,4,0.8019943394776026,1.365334786947974,-0.6952146065830374,2.7116094968128843
Mutation only,176.0,2,1.0250690375675373,1.0362214171854518,-1.0250690375675373,1.1766879468572071
Mutation only,188.0,2,0.6856028189614256,0.8584724031821032,-0.5166465345450428,1.2022493535064684
Mutation only,194.0,4,1.7186437844991964,1.9244960443522692,-1.7186437844991964,3.1986413425235862
Mutation only,196.0,3,1.7048095127902165,2.007722812758722,-1.7048095127902165,2.729733616232519
Mutation only,200.0,5,0.9433853274058837,1.0670446293988427,-0.9433853274058837,1.7209069867619031
Mutation only,217.0,3,0.922726529049683,1.0042833780047602,-0.922726529049683,1.4620770448797804
Mutation only,218.0,4,2.390045157152146,2.7368901931256597,2.390045157152146,4.077742478472335
Mutation only,221.0,5,1.7512737254836275,2.1615203534426946,-1.7512737254836275,3.9196828532517953
Mutation only,228.0,3,0.5680014208345193,0.7247045482751552,-0.21021861183377766,1.1673300490024454
Mutation only,233.0,4,2.024393568427325,2.6741260118091117,1.7546045727567225,4.569197491990729
Mutation only,239.0,4,2.0184873122782387,2.02056688711025,2.0184873122782387,2.1329625920793176
Mutation only,240.0,4,1.8181215175650454,2.4531728254033633,1.4991299963692426,4.569197491990729
Mutation only,247.0,4,1.6169271716320834,1.9011846416292058,1.6169271716320834,3.181418599389534
Mutation only,250.0,6,2.719686592706747,3.00073259666279,-2.719686592706747,5.336704845948679
Mutation only,255.0,3,0.6260180745898957,0.7257382751706025,0.6260180745898957,1.145240053142793
Mutation only,263.0,2,0.33572603341468166,0.42576011337490655,0.26183908155326496,0.5975651149679466
Mutation only,273.0,4,1.3032865601580927,1.6491856372728366,-1.3032865601580927,2.8701994972758005
Mutation only,278.0,5,1.2582710759385898,1.858604863022301,1.177028195454242,3.7607380706033595
Mutation only,279.0,3,1.0711904663811973,1.3087565133644272,0.7447965290327275,2.1329625920793176
Mutation only,283.0,4,1.2122425650787108,1.5823954901424757,-1.106312627511242,2.7116094968128843
