experiment,model,weighting,position,actual,predicted,error,absolute_error
Extra Trees Target Transform,Extra Trees,baseline,233.0,-5.321928,-0.9924010015132473,4.329526998486752,4.329526998486752
HistGradientBoosting Balanced Extreme + Transform,HistGradientBoosting,balanced_extreme,218.0,-4.321928,-0.011846020413784552,4.310081979586215,4.310081979586215
HistGradientBoosting Target Transform,HistGradientBoosting,baseline,239.0,-5.321928,-1.0169485146638844,4.304979485336116,4.304979485336116
Extra Trees Target Transform,Extra Trees,baseline,240.0,-5.321928,-1.0470336247294485,4.274894375270551,4.274894375270551
Extra Trees Moderate Extreme + Transform,Extra Trees,moderate_extreme,240.0,-5.321928,-1.047121305234909,4.274806694765091,4.274806694765091
HistGradientBoosting Target Transform,HistGradientBoosting,baseline,240.0,-5.321928,-1.069298278893411,4.252629721106588,4.252629721106588
HistGradientBoosting Target Transform,HistGradientBoosting,baseline,239.0,-5.321928,-1.0708210886830467,4.251106911316953,4.251106911316953
HistGradientBoosting Mild Extreme + Transform,HistGradientBoosting,mild_extreme,218.0,-4.321928,-0.09944960364758233,4.222478396352417,4.222478396352417
Extra Trees Balanced Extreme + Transform,Extra Trees,balanced_extreme,233.0,-5.321928,-1.1004509919955154,4.221477008004484,4.221477008004484
HistGradientBoosting Target Transform,HistGradientBoosting,baseline,218.0,-4.321928,-0.10924089289871951,4.212687107101281,4.212687107101281
Extra Trees Balanced Extreme + Transform,Extra Trees,balanced_extreme,240.0,-5.321928,-1.123720601587169,4.198207398412831,4.198207398412831
Extra Trees Mild Extreme + Transform,Extra Trees,mild_extreme,240.0,-5.321928,-1.123949830446197,4.197978169553803,4.197978169553803
HistGradientBoosting Moderate Extreme + Transform,HistGradientBoosting,moderate_extreme,218.0,-4.321928,-0.12813534237272106,4.193792657627279,4.193792657627279
Extra Trees Mild Extreme + Transform,Extra Trees,mild_extreme,233.0,-5.321928,-1.1488050033094428,4.173122996690557,4.173122996690557
Random Forest Target Transform,Random Forest,baseline,240.0,-5.321928,-1.1989262738025064,4.123001726197494,4.123001726197494
Extra Trees Moderate Extreme + Transform,Extra Trees,moderate_extreme,233.0,-5.321928,-1.217526272236299,4.104401727763701,4.104401727763701
HistGradientBoosting Balanced Extreme + Transform,HistGradientBoosting,balanced_extreme,218.0,-4.321928,-0.23913309388359658,4.082794906116403,4.082794906116403
Random Forest Balanced Extreme + Transform,Random Forest,balanced_extreme,218.0,-4.321928,-0.26488069963983957,4.057047300360161,4.057047300360161
HistGradientBoosting Balanced Extreme + Transform,HistGradientBoosting,balanced_extreme,240.0,-5.321928,-1.271494829157588,4.050433170842412,4.050433170842412
Extra Trees Target Transform,Extra Trees,baseline,218.0,-4.321928,-0.2789878045767773,4.042940195423222,4.042940195423222
HistGradientBoosting Mild Extreme + Transform,HistGradientBoosting,mild_extreme,240.0,-5.321928,-1.2857870441715586,4.036140955828441,4.036140955828441
Extra Trees Moderate Extreme + Transform,Extra Trees,moderate_extreme,218.0,-4.321928,-0.31424450591831926,4.007683494081681,4.007683494081681
Extra Trees Balanced Extreme + Transform,Extra Trees,balanced_extreme,218.0,-4.321928,-0.3254825807010649,3.9964454192989347,3.9964454192989347
Extra Trees Mild Extreme + Transform,Extra Trees,mild_extreme,218.0,-4.321928,-0.3261025066044576,3.995825493395542,3.995825493395542
HistGradientBoosting Target Transform,HistGradientBoosting,baseline,218.0,-4.321928,-0.3292173650641853,3.9927106349358144,3.9927106349358144
Random Forest Moderate Extreme + Transform,Random Forest,moderate_extreme,218.0,-4.321928,-0.33882181460012256,3.983106185399877,3.983106185399877
Random Forest Target Transform,Random Forest,baseline,218.0,-4.321928,-0.33964883767156073,3.982279162328439,3.982279162328439
HistGradientBoosting Moderate Extreme + Transform,HistGradientBoosting,moderate_extreme,218.0,-4.321928,-0.3725919016771328,3.949336098322867,3.949336098322867
Random Forest Mild Extreme + Transform,Random Forest,mild_extreme,218.0,-4.321928,-0.3885977342316006,3.933330265768399,3.933330265768399
Extra Trees Target Transform,Extra Trees,baseline,34.0,-5.321928,-1.391696120000418,3.9302318799995817,3.9302318799995817
HistGradientBoosting Mild Extreme + Transform,HistGradientBoosting,mild_extreme,218.0,-4.321928,-0.40866671433319607,3.913261285666804,3.913261285666804
Random Forest Balanced Extreme + Transform,Random Forest,balanced_extreme,240.0,-5.321928,-1.4483860403999786,3.873541959600021,3.873541959600021
HistGradientBoosting Moderate Extreme + Transform,HistGradientBoosting,moderate_extreme,240.0,-5.321928,-1.4551605117449447,3.8667674882550553,3.8667674882550553
Extra Trees Mild Extreme + Transform,Extra Trees,mild_extreme,218.0,-4.321928,-0.45710041621158054,3.8648275837884194,3.8648275837884194
HistGradientBoosting Balanced Extreme + Transform,HistGradientBoosting,balanced_extreme,70.0,-4.321928,-0.47572743056649613,3.8462005694335035,3.8462005694335035
Random Forest Mild Extreme + Transform,Random Forest,mild_extreme,240.0,-5.321928,-1.4985077098830748,3.8234202901169247,3.8234202901169247
HistGradientBoosting Mild Extreme + Transform,HistGradientBoosting,mild_extreme,239.0,-5.321928,-1.4992839374148919,3.822644062585108,3.822644062585108
HistGradientBoosting Target Transform,HistGradientBoosting,baseline,70.0,-4.321928,-0.5063121776660578,3.815615822333942,3.815615822333942
Random Forest Balanced Extreme + Transform,Random Forest,balanced_extreme,218.0,-4.321928,-0.507145108439094,3.8147828915609057,3.8147828915609057
Extra Trees Balanced Extreme + Transform,Extra Trees,balanced_extreme,218.0,-4.321928,-0.509064353125268,3.8128636468747317,3.8128636468747317
Extra Trees Target Transform,Extra Trees,baseline,218.0,-4.321928,-0.5092811072953445,3.812646892704655,3.812646892704655
Extra Trees Moderate Extreme + Transform,Extra Trees,moderate_extreme,218.0,-4.321928,-0.520820639141139,3.801107360858861,3.801107360858861
HistGradientBoosting Moderate Extreme + Transform,HistGradientBoosting,moderate_extreme,70.0,-4.321928,-0.5242347958777401,3.7976932041222597,3.7976932041222597
Random Forest Target Transform,Random Forest,baseline,233.0,-5.321928,-1.5248327111974174,3.7970952888025824,3.7970952888025824
HistGradientBoosting Target Transform,HistGradientBoosting,baseline,239.0,-5.321928,-1.5363108812368786,3.7856171187631213,3.7856171187631213
Extra Trees Mild Extreme + Transform,Extra Trees,mild_extreme,34.0,-5.321928,-1.5368237401042655,3.7851042598957343,3.7851042598957343
Extra Trees Target Transform,Extra Trees,baseline,233.0,-5.321928,-1.5480861963128287,3.773841803687171,3.773841803687171
Random Forest Target Transform,Random Forest,baseline,233.0,-5.321928,-1.579823018703643,3.7421049812963565,3.7421049812963565
HistGradientBoosting Target Transform,HistGradientBoosting,baseline,42.0,-5.321928,-1.5838607720344537,3.738067227965546,3.738067227965546
Random Forest Target Transform,Random Forest,baseline,218.0,-4.321928,-0.5875590791210643,3.7343689208789357,3.7343689208789357
Random Forest Moderate Extreme + Transform,Random Forest,moderate_extreme,240.0,-5.321928,-1.5932527730519483,3.7286752269480514,3.7286752269480514
Random Forest Mild Extreme + Transform,Random Forest,mild_extreme,218.0,-4.321928,-0.593339715024493,3.7285882849755065,3.7285882849755065
HistGradientBoosting Mild Extreme + Transform,HistGradientBoosting,mild_extreme,70.0,-4.321928,-0.5967950247846855,3.725132975215314,3.725132975215314
Random Forest Moderate Extreme + Transform,Random Forest,moderate_extreme,218.0,-4.321928,-0.6007611775575338,3.721166822442466,3.721166822442466
HistGradientBoosting Mild Extreme + Transform,HistGradientBoosting,mild_extreme,239.0,-5.321928,-1.6019440020247881,3.719983997975212,3.719983997975212
Extra Trees Balanced Extreme + Transform,Extra Trees,balanced_extreme,233.0,-5.321928,-1.6230804116108168,3.698847588389183,3.698847588389183
HistGradientBoosting Moderate Extreme + Transform,HistGradientBoosting,moderate_extreme,239.0,-5.321928,-1.6269107548326465,3.695017245167353,3.695017245167353
Random Forest Target Transform,Random Forest,baseline,239.0,-5.321928,-1.6302469042564511,3.6916810957435486,3.6916810957435486
Extra Trees Mild Extreme + Transform,Extra Trees,mild_extreme,233.0,-5.321928,-1.6385149573240099,3.6834130426759897,3.6834130426759897
HistGradientBoosting Balanced Extreme + Transform,HistGradientBoosting,balanced_extreme,233.0,-5.321928,-1.651125632297968,3.6708023677020316,3.6708023677020316
Extra Trees Target Transform,Extra Trees,baseline,69.0,-5.321928,-1.6664381087983149,3.655489891201685,3.655489891201685
HistGradientBoosting Balanced Extreme + Transform,HistGradientBoosting,balanced_extreme,239.0,-5.321928,-1.6849613021524636,3.6369666978475363,3.6369666978475363
HistGradientBoosting Moderate Extreme + Transform,HistGradientBoosting,moderate_extreme,239.0,-5.321928,-1.7126708034292217,3.609257196570778,3.609257196570778
Random Forest Target Transform,Random Forest,baseline,34.0,-5.321928,-1.7134394050707629,3.608488594929237,3.608488594929237
Random Forest Balanced Extreme + Transform,Random Forest,balanced_extreme,233.0,-5.321928,-1.7256163347724918,3.596311665227508,3.596311665227508
Extra Trees Balanced Extreme + Transform,Extra Trees,balanced_extreme,34.0,-5.321928,-1.7267222717868136,3.595205728213186,3.595205728213186
Extra Trees Moderate Extreme + Transform,Extra Trees,moderate_extreme,233.0,-5.321928,-1.7312610855330923,3.5906669144669072,3.5906669144669072
Extra Trees Target Transform,Extra Trees,baseline,70.0,-4.321928,-0.7660453127789918,3.555882687221008,3.555882687221008
Random Forest Mild Extreme + Transform,Random Forest,mild_extreme,233.0,-5.321928,-1.7740652487628985,3.5478627512371013,3.5478627512371013
Extra Trees Target Transform,Extra Trees,baseline,247.0,-5.321928,-1.7878731110796913,3.5340548889203083,3.5340548889203083
Random Forest Target Transform,Random Forest,baseline,69.0,-5.321928,-1.7890337794951283,3.5328942205048715,3.5328942205048715
HistGradientBoosting Target Transform,HistGradientBoosting,baseline,239.0,-5.321928,-1.789176390825193,3.532751609174807,3.532751609174807
HistGradientBoosting Balanced Extreme + Transform,HistGradientBoosting,balanced_extreme,69.0,-5.321928,-1.7988821164995785,3.523045883500421,3.523045883500421
Random Forest Target Transform,Random Forest,baseline,239.0,-5.321928,-1.8087447490111268,3.513183250988873,3.513183250988873
HistGradientBoosting Moderate Extreme + Transform,HistGradientBoosting,moderate_extreme,233.0,-5.321928,-1.8183711585640774,3.5035568414359224,3.5035568414359224
HistGradientBoosting Target Transform,HistGradientBoosting,baseline,69.0,-5.321928,-1.8186932780107574,3.5032347219892426,3.5032347219892426
HistGradientBoosting Mild Extreme + Transform,HistGradientBoosting,mild_extreme,233.0,-5.321928,-1.8373358996435163,3.4845921003564833,3.4845921003564833
HistGradientBoosting Moderate Extreme + Transform,HistGradientBoosting,moderate_extreme,233.0,-5.321928,-1.8379025299662473,3.4840254700337523,3.4840254700337523
Random Forest Mild Extreme + Transform,Random Forest,mild_extreme,239.0,-5.321928,-1.8524244174623214,3.469503582537678,3.469503582537678
Random Forest Target Transform,Random Forest,baseline,70.0,-4.321928,-0.8543055055664592,3.4676224944335408,3.4676224944335408
HistGradientBoosting Mild Extreme + Transform,HistGradientBoosting,mild_extreme,42.0,-5.321928,-1.8572431348951617,3.464684865104838,3.464684865104838
Extra Trees Target Transform,Extra Trees,baseline,42.0,-5.321928,-1.8683595031396498,3.45356849686035,3.45356849686035
Extra Trees Moderate Extreme + Transform,Extra Trees,moderate_extreme,34.0,-5.321928,-1.8738269275014698,3.44810107249853,3.44810107249853
Random Forest Moderate Extreme + Transform,Random Forest,moderate_extreme,233.0,-5.321928,-1.8771338380705997,3.4447941619294,3.4447941619294
Random Forest Mild Extreme + Transform,Random Forest,mild_extreme,239.0,-5.321928,-1.8772657185344201,3.44466228146558,3.44466228146558
Extra Trees Mild Extreme + Transform,Extra Trees,mild_extreme,70.0,-4.321928,-0.8825836230837288,3.439344376916271,3.439344376916271
Extra Trees Moderate Extreme + Transform,Extra Trees,moderate_extreme,70.0,-4.321928,-0.8831581524043255,3.4387698475956743,3.4387698475956743
Extra Trees Moderate Extreme + Transform,Extra Trees,moderate_extreme,69.0,-4.321928,-0.8920580809280287,3.429869919071971,3.429869919071971
Random Forest Mild Extreme + Transform,Random Forest,mild_extreme,233.0,-5.321928,-1.8986707996116547,3.423257200388345,3.423257200388345
Extra Trees Moderate Extreme + Transform,Extra Trees,moderate_extreme,42.0,-5.321928,-1.9012643265214604,3.4206636734785394,3.4206636734785394
Random Forest Target Transform,Random Forest,baseline,69.0,-4.321928,-0.9039898149998641,3.4179381850001356,3.4179381850001356
HistGradientBoosting Balanced Extreme + Transform,HistGradientBoosting,balanced_extreme,239.0,-5.321928,-1.9096443793076103,3.4122836206923894,3.4122836206923894
Random Forest Target Transform,Random Forest,baseline,239.0,-5.321928,-1.9187100791489002,3.4032179208510995,3.4032179208510995
Random Forest Target Transform,Random Forest,baseline,42.0,-5.321928,-1.9234359377998982,3.3984920622001016,3.3984920622001016
Random Forest Balanced Extreme + Transform,Random Forest,balanced_extreme,233.0,-5.321928,-1.9416188947561834,3.3803091052438163,3.3803091052438163
HistGradientBoosting Moderate Extreme + Transform,HistGradientBoosting,moderate_extreme,42.0,-5.321928,-1.9472716875312892,3.3746563124687103,3.3746563124687103
HistGradientBoosting Mild Extreme + Transform,HistGradientBoosting,mild_extreme,69.0,-5.321928,-1.9486865913027664,3.3732414086972335,3.3732414086972335
HistGradientBoosting Moderate Extreme + Transform,HistGradientBoosting,moderate_extreme,69.0,-5.321928,-1.9504565168694266,3.3714714831305734,3.3714714831305734
Random Forest Target Transform,Random Forest,baseline,247.0,-5.321928,-1.9506737147425453,3.3712542852574545,3.3712542852574545
Extra Trees Target Transform,Extra Trees,baseline,69.0,-4.321928,-0.9586590729837946,3.3632689270162053,3.3632689270162053
Extra Trees Mild Extreme + Transform,Extra Trees,mild_extreme,42.0,-5.321928,-1.9588292198266328,3.3630987801733667,3.3630987801733667
Extra Trees Balanced Extreme + Transform,Extra Trees,balanced_extreme,70.0,-4.321928,-0.9680341178244841,3.3538938821755155,3.3538938821755155
Extra Trees Balanced Extreme + Transform,Extra Trees,balanced_extreme,69.0,-4.321928,-0.9733598181428648,3.348568181857135,3.348568181857135
Random Forest Target Transform,Random Forest,baseline,239.0,-5.321928,-1.9800991524545173,3.3418288475454823,3.3418288475454823
Extra Trees Balanced Extreme + Transform,Extra Trees,balanced_extreme,42.0,-5.321928,-1.986040461700202,3.3358875382997977,3.3358875382997977
Extra Trees Mild Extreme + Transform,Extra Trees,mild_extreme,69.0,-5.321928,-1.9861630985202638,3.335764901479736,3.335764901479736
HistGradientBoosting Balanced Extreme + Transform,HistGradientBoosting,balanced_extreme,42.0,-5.321928,-2.0052200397698208,3.316707960230179,3.316707960230179
Random Forest Balanced Extreme + Transform,Random Forest,balanced_extreme,69.0,-4.321928,-1.00651034720297,3.31541765279703,3.31541765279703
Extra Trees Mild Extreme + Transform,Extra Trees,mild_extreme,69.0,-4.321928,-1.0145372602754492,3.3073907397245508,3.3073907397245508
Random Forest Mild Extreme + Transform,Random Forest,mild_extreme,69.0,-4.321928,-1.0201513956974178,3.301776604302582,3.301776604302582
Extra Trees Mild Extreme + Transform,Extra Trees,mild_extreme,247.0,-5.321928,-2.0242623487911917,3.297665651208808,3.297665651208808
Random Forest Moderate Extreme + Transform,Random Forest,moderate_extreme,233.0,-5.321928,-2.0451416115967276,3.276786388403272,3.276786388403272
HistGradientBoosting Balanced Extreme + Transform,HistGradientBoosting,balanced_extreme,42.0,-5.321928,-2.0521562791225643,3.2697717208774355,3.2697717208774355
Random Forest Balanced Extreme + Transform,Random Forest,balanced_extreme,34.0,-5.321928,-2.059469571560079,3.262458428439921,3.262458428439921
HistGradientBoosting Moderate Extreme + Transform,HistGradientBoosting,moderate_extreme,42.0,-5.321928,-2.063271199756777,3.2586568002432226,3.2586568002432226
Random Forest Moderate Extreme + Transform,Random Forest,moderate_extreme,239.0,-5.321928,-2.0662706979840295,3.2556573020159703,3.2556573020159703
Extra Trees Target Transform,Extra Trees,baseline,239.0,-5.321928,-2.069374995099676,3.252553004900324,3.252553004900324
Random Forest Mild Extreme + Transform,Random Forest,mild_extreme,70.0,-4.321928,-1.0701982357403823,3.2517297642596175,3.2517297642596175
Extra Trees Balanced Extreme + Transform,Extra Trees,balanced_extreme,69.0,-5.321928,-2.074871244847066,3.2470567551529337,3.2470567551529337
Random Forest Moderate Extreme + Transform,Random Forest,moderate_extreme,69.0,-4.321928,-1.0759547584975417,3.2459732415024583,3.2459732415024583
Random Forest Balanced Extreme + Transform,Random Forest,balanced_extreme,42.0,-5.321928,-2.0824505047235347,3.239477495276465,3.239477495276465
Random Forest Moderate Extreme + Transform,Random Forest,moderate_extreme,34.0,-5.321928,-2.0943780619528,3.2275499380471997,3.2275499380471997
Extra Trees Balanced Extreme + Transform,Extra Trees,balanced_extreme,247.0,-5.321928,-2.102261403206525,3.2196665967934748,3.2196665967934748
Extra Trees Target Transform,Extra Trees,baseline,239.0,-5.321928,-2.1033976003637767,3.218530399636223,3.218530399636223
Random Forest Mild Extreme + Transform,Random Forest,mild_extreme,247.0,-5.321928,-2.1116318377062355,3.2102961622937642,3.2102961622937642
HistGradientBoosting Moderate Extreme + Transform,HistGradientBoosting,moderate_extreme,239.0,-5.321928,-2.112240249074845,3.2096877509251547,3.2096877509251547
Random Forest Mild Extreme + Transform,Random Forest,mild_extreme,42.0,-5.321928,-2.1169359109481687,3.204992089051831,3.204992089051831
Extra Trees Target Transform,Extra Trees,baseline,42.0,-5.321928,-2.1197813201706444,3.2021466798293554,3.2021466798293554
HistGradientBoosting Mild Extreme + Transform,HistGradientBoosting,mild_extreme,239.0,-5.321928,-2.1286542616110777,3.193273738388922,3.193273738388922
Random Forest Target Transform,Random Forest,baseline,278.0,-5.321928,-2.1312020055117804,3.1907259944882194,3.1907259944882194
Random Forest Mild Extreme + Transform,Random Forest,mild_extreme,69.0,-5.321928,-2.139826950627259,3.182101049372741,3.182101049372741
Random Forest Mild Extreme + Transform,Random Forest,mild_extreme,239.0,-5.321928,-2.1426088416723634,3.1793191583276363,3.1793191583276363
HistGradientBoosting Target Transform,HistGradientBoosting,baseline,34.0,-5.321928,-2.151476761758832,3.1704512382411676,3.1704512382411676
Extra Trees Moderate Extreme + Transform,Extra Trees,moderate_extreme,247.0,-5.321928,-2.1569367695850357,3.164991230414964,3.164991230414964
Random Forest Moderate Extreme + Transform,Random Forest,moderate_extreme,239.0,-5.321928,-2.159581872801556,3.1623461271984437,3.1623461271984437
Random Forest Moderate Extreme + Transform,Random Forest,moderate_extreme,239.0,-5.321928,-2.1677330943525592,3.1541949056474405,3.1541949056474405
Random Forest Mild Extreme + Transform,Random Forest,mild_extreme,34.0,-5.321928,-2.172478178808585,3.1494498211914146,3.1494498211914146
Random Forest Balanced Extreme + Transform,Random Forest,balanced_extreme,239.0,-5.321928,-2.188384303463516,3.1335436965364836,3.1335436965364836
Random Forest Balanced Extreme + Transform,Random Forest,balanced_extreme,239.0,-5.321928,-2.197192964751072,3.1247350352489276,3.1247350352489276
Random Forest Balanced Extreme + Transform,Random Forest,balanced_extreme,239.0,-5.321928,-2.2024381340553574,3.1194898659446424,3.1194898659446424
Random Forest Target Transform,Random Forest,baseline,34.0,-4.821928,-1.7054969418957744,3.1164310581042254,3.1164310581042254
Extra Trees Moderate Extreme + Transform,Extra Trees,moderate_extreme,69.0,-5.321928,-2.209589112259347,3.112338887740653,3.112338887740653
Extra Trees Target Transform,Extra Trees,baseline,239.0,-5.321928,-2.2104203563822087,3.111507643617791,3.111507643617791
HistGradientBoosting Target Transform,HistGradientBoosting,baseline,233.0,-5.321928,-2.2228802202081086,3.099047779791891,3.099047779791891
Random Forest Moderate Extreme + Transform,Random Forest,moderate_extreme,42.0,-5.321928,-2.225617702157322,3.096310297842678,3.096310297842678
Random Forest Target Transform,Random Forest,baseline,42.0,-5.321928,-2.232382758551831,3.0895452414481688,3.0895452414481688
Extra Trees Target Transform,Extra Trees,baseline,239.0,-5.321928,-2.232781612133339,3.089146387866661,3.089146387866661
Random Forest Mild Extreme + Transform,Random Forest,mild_extreme,239.0,-5.321928,-2.242165091538387,3.0797629084616127,3.0797629084616127
Extra Trees Mild Extreme + Transform,Extra Trees,mild_extreme,278.0,-5.321928,-2.2451408387024454,3.0767871612975544,3.0767871612975544
HistGradientBoosting Mild Extreme + Transform,HistGradientBoosting,mild_extreme,233.0,-5.321928,-2.2508170577510582,3.0711109422489415,3.0711109422489415
Random Forest Moderate Extreme + Transform,Random Forest,moderate_extreme,239.0,-5.321928,-2.2577570417682344,3.0641709582317653,3.0641709582317653
Extra Trees Target Transform,Extra Trees,baseline,278.0,-5.321928,-2.2605254581780763,3.0614025418219235,3.0614025418219235
HistGradientBoosting Mild Extreme + Transform,HistGradientBoosting,mild_extreme,34.0,-5.321928,-2.261694605196819,3.0602333948031806,3.0602333948031806
Extra Trees Moderate Extreme + Transform,Extra Trees,moderate_extreme,239.0,-5.321928,-2.2843280307347564,3.0375999692652433,3.0375999692652433
Random Forest Balanced Extreme + Transform,Random Forest,balanced_extreme,247.0,-5.321928,-2.291488222638264,3.0304397773617358,3.0304397773617358
Random Forest Balanced Extreme + Transform,Random Forest,balanced_extreme,239.0,-5.321928,-2.2953764041741165,3.0265515958258833,3.0265515958258833
Random Forest Balanced Extreme + Transform,Random Forest,balanced_extreme,70.0,-4.321928,-1.29572839035627,3.02619960964373,3.02619960964373
Extra Trees Mild Extreme + Transform,Extra Trees,mild_extreme,239.0,-5.321928,-2.2964565717692205,3.0254714282307793,3.0254714282307793
HistGradientBoosting Target Transform,HistGradientBoosting,baseline,42.0,-5.321928,-2.3039224834303735,3.0180055165696262,3.0180055165696262
Extra Trees Balanced Extreme + Transform,Extra Trees,balanced_extreme,278.0,-5.321928,-2.3131262211410313,3.0088017788589685,3.0088017788589685
HistGradientBoosting Mild Extreme + Transform,HistGradientBoosting,mild_extreme,42.0,-5.321928,-2.3155960339918384,3.0063319660081613,3.0063319660081613
Extra Trees Target Transform,Extra Trees,baseline,43.0,-5.321928,-2.3161766035433784,3.0057513964566214,3.0057513964566214
Extra Trees Mild Extreme + Transform,Extra Trees,mild_extreme,239.0,-5.321928,-2.3216590519738127,3.000268948026187,3.000268948026187
Extra Trees Moderate Extreme + Transform,Extra Trees,moderate_extreme,278.0,-5.321928,-2.321774158139167,3.0001538418608327,3.0001538418608327
Random Forest Balanced Extreme + Transform,Random Forest,balanced_extreme,69.0,-5.321928,-2.3221424803097603,2.9997855196902394,2.9997855196902394
HistGradientBoosting Target Transform,HistGradientBoosting,baseline,233.0,-5.321928,-2.3280964578503593,2.9938315421496404,2.9938315421496404
Extra Trees Moderate Extreme + Transform,Extra Trees,moderate_extreme,239.0,-5.321928,-2.3281751689783494,2.9937528310216504,2.9937528310216504
HistGradientBoosting Target Transform,HistGradientBoosting,baseline,69.0,-4.321928,-1.347869299239507,2.9740587007604926,2.9740587007604926
Extra Trees Mild Extreme + Transform,Extra Trees,mild_extreme,239.0,-5.321928,-2.3502176063191893,2.9717103936808105,2.9717103936808105
HistGradientBoosting Balanced Extreme + Transform,HistGradientBoosting,balanced_extreme,239.0,-5.321928,-2.3613676478596455,2.9605603521403543,2.9605603521403543
HistGradientBoosting Balanced Extreme + Transform,HistGradientBoosting,balanced_extreme,233.0,-5.321928,-2.3638723116867166,2.958055688313283,2.958055688313283
HistGradientBoosting Balanced Extreme + Transform,HistGradientBoosting,balanced_extreme,239.0,-5.321928,-2.36575440843414,2.9561735915658596,2.9561735915658596
Extra Trees Balanced Extreme + Transform,Extra Trees,balanced_extreme,239.0,-5.321928,-2.3707118613065106,2.951216138693489,2.951216138693489
Extra Trees Moderate Extreme + Transform,Extra Trees,moderate_extreme,239.0,-5.321928,-2.3727458532515118,2.949182146748488,2.949182146748488
Extra Trees Moderate Extreme + Transform,Extra Trees,moderate_extreme,240.0,-4.321928,-1.376246378159081,2.9456816218409188,2.9456816218409188
Extra Trees Mild Extreme + Transform,Extra Trees,mild_extreme,239.0,-5.321928,-2.381565157911401,2.9403628420885988,2.9403628420885988
Extra Trees Balanced Extreme + Transform,Extra Trees,balanced_extreme,239.0,-5.321928,-2.399871547934543,2.9220564520654566,2.9220564520654566
HistGradientBoosting Moderate Extreme + Transform,HistGradientBoosting,moderate_extreme,69.0,-4.321928,-1.405821536409598,2.9161064635904017,2.9161064635904017
Random Forest Moderate Extreme + Transform,Random Forest,moderate_extreme,70.0,-4.321928,-1.4144008913622945,2.907527108637705,2.907527108637705
Extra Trees Balanced Extreme + Transform,Extra Trees,balanced_extreme,239.0,-5.321928,-2.4170103919539754,2.9049176080460244,2.9049176080460244
Random Forest Moderate Extreme + Transform,Random Forest,moderate_extreme,247.0,-5.321928,-2.4300608861631785,2.8918671138368213,2.8918671138368213
Random Forest Target Transform,Random Forest,baseline,43.0,-5.321928,-2.4430009284539724,2.8789270715460273,2.8789270715460273
HistGradientBoosting Moderate Extreme + Transform,HistGradientBoosting,moderate_extreme,239.0,-5.321928,-2.452042940154816,2.869885059845184,2.869885059845184
Extra Trees Target Transform,Extra Trees,baseline,125.0,-5.321928,-2.456551235477635,2.865376764522365,2.865376764522365
Extra Trees Target Transform,Extra Trees,baseline,34.0,-4.821928,-1.9565783083035881,2.8653496916964114,2.8653496916964114
Extra Trees Balanced Extreme + Transform,Extra Trees,balanced_extreme,240.0,-4.321928,-1.467918424766658,2.854009575233342,2.854009575233342
Random Forest Target Transform,Random Forest,baseline,240.0,-4.321928,-1.4796541667230794,2.8422738332769204,2.8422738332769204
Extra Trees Moderate Extreme + Transform,Extra Trees,moderate_extreme,239.0,-5.321928,-2.48006315337336,2.8418648466266396,2.8418648466266396
Extra Trees Mild Extreme + Transform,Extra Trees,mild_extreme,240.0,-4.321928,-1.4823642530828438,2.8395637469171557,2.8395637469171557
Random Forest Mild Extreme + Transform,Random Forest,mild_extreme,278.0,-5.321928,-2.482797326904111,2.8391306730958887,2.8391306730958887
Random Forest Mild Extreme + Transform,Random Forest,mild_extreme,34.0,-4.821928,-1.9849924736944031,2.836935526305597,2.836935526305597
Extra Trees Target Transform,Extra Trees,baseline,240.0,-4.321928,-1.4914881504568538,2.830439849543146,2.830439849543146
Extra Trees Balanced Extreme + Transform,Extra Trees,balanced_extreme,239.0,-5.321928,-2.5011525882281984,2.8207754117718014,2.8207754117718014
Extra Trees Mild Extreme + Transform,Extra Trees,mild_extreme,125.0,-5.321928,-2.519281928975869,2.8026460710241308,2.8026460710241308
Random Forest Balanced Extreme + Transform,Random Forest,balanced_extreme,278.0,-5.321928,-2.520047883968584,2.8018801160314157,2.8018801160314157
Extra Trees Mild Extreme + Transform,Extra Trees,mild_extreme,42.0,-5.321928,-2.5202948524804465,2.8016331475195533,2.8016331475195533
Extra Trees Target Transform,Extra Trees,baseline,247.0,-5.321928,-2.5372017872696335,2.7847262127303662,2.7847262127303662
Extra Trees Balanced Extreme + Transform,Extra Trees,balanced_extreme,42.0,-5.321928,-2.5454296182256813,2.7764983817743185,2.7764983817743185
HistGradientBoosting Target Transform,HistGradientBoosting,baseline,43.0,-5.321928,-2.5704635070454236,2.751464492954576,2.751464492954576
HistGradientBoosting Target Transform,HistGradientBoosting,baseline,247.0,-5.321928,-2.572963681650735,2.7489643183492647,2.7489643183492647
Extra Trees Mild Extreme + Transform,Extra Trees,mild_extreme,34.0,-4.821928,-2.0764469709317406,2.745481029068259,2.745481029068259
HistGradientBoosting Target Transform,HistGradientBoosting,baseline,240.0,-4.321928,-1.5774334150288682,2.7444945849711315,2.7444945849711315
HistGradientBoosting Balanced Extreme + Transform,HistGradientBoosting,balanced_extreme,34.0,-5.321928,-2.5971241764797655,2.7248038235202343,2.7248038235202343
Extra Trees Target Transform,Extra Trees,baseline,278.0,-4.321928,-1.5997925593248452,2.722135440675155,2.722135440675155
HistGradientBoosting Moderate Extreme + Transform,HistGradientBoosting,moderate_extreme,34.0,-5.321928,-2.601415840899528,2.7205121591004717,2.7205121591004717
Random Forest Moderate Extreme + Transform,Random Forest,moderate_extreme,69.0,-5.321928,-2.6047788661023437,2.717149133897656,2.717149133897656
HistGradientBoosting Balanced Extreme + Transform,HistGradientBoosting,balanced_extreme,69.0,-4.321928,-1.6086948220376938,2.713233177962306,2.713233177962306
Random Forest Balanced Extreme + Transform,Random Forest,balanced_extreme,42.0,-5.321928,-2.6262996042806956,2.695628395719304,2.695628395719304
Random Forest Moderate Extreme + Transform,Random Forest,moderate_extreme,278.0,-5.321928,-2.6334427456015232,2.6884852543984765,2.6884852543984765
Extra Trees Moderate Extreme + Transform,Extra Trees,moderate_extreme,42.0,-5.321928,-2.6408357255408705,2.6810922744591292,2.6810922744591292
Random Forest Mild Extreme + Transform,Random Forest,mild_extreme,42.0,-5.321928,-2.6410258356384233,2.6809021643615765,2.6809021643615765
Extra Trees Moderate Extreme + Transform,Extra Trees,moderate_extreme,125.0,-5.321928,-2.6437092882140734,2.6782187117859264,2.6782187117859264
Extra Trees Balanced Extreme + Transform,Extra Trees,balanced_extreme,125.0,-5.321928,-2.6533661717352626,2.668561828264737,2.668561828264737
Random Forest Target Transform,Random Forest,baseline,125.0,-5.321928,-2.6625110744686196,2.65941692553138,2.65941692553138
Extra Trees Target Transform,Extra Trees,baseline,279.0,-5.321928,-2.665744892526633,2.6561831074733666,2.6561831074733666
Extra Trees Mild Extreme + Transform,Extra Trees,mild_extreme,278.0,-4.321928,-1.679917243221192,2.6420107567788076,2.6420107567788076
Extra Trees Moderate Extreme + Transform,Extra Trees,moderate_extreme,278.0,-4.321928,-1.714556308464461,2.6073716915355387,2.6073716915355387
Extra Trees Target Transform,Extra Trees,baseline,247.0,-5.321928,-2.724371052074642,2.5975569479253577,2.5975569479253577
HistGradientBoosting Mild Extreme + Transform,HistGradientBoosting,mild_extreme,239.0,-5.321928,-2.726366404383015,2.5955615956169846,2.5955615956169846
Extra Trees Balanced Extreme + Transform,Extra Trees,balanced_extreme,278.0,-4.321928,-1.737384439580999,2.584543560419001,2.584543560419001
Random Forest Balanced Extreme + Transform,Random Forest,balanced_extreme,240.0,-4.321928,-1.7488016311060144,2.5731263688939854,2.5731263688939854
Random Forest Mild Extreme + Transform,Random Forest,mild_extreme,240.0,-4.321928,-1.7532234408497656,2.568704559150234,2.568704559150234
HistGradientBoosting Mild Extreme + Transform,HistGradientBoosting,mild_extreme,69.0,-4.321928,-1.7615647716060023,2.5603632283939977,2.5603632283939977
HistGradientBoosting Moderate Extreme + Transform,HistGradientBoosting,moderate_extreme,247.0,-5.321928,-2.7635060443061192,2.5584219556938805,2.5584219556938805
Extra Trees Balanced Extreme + Transform,Extra Trees,balanced_extreme,247.0,-5.321928,-2.7759085952324494,2.5460194047675504,2.5460194047675504
HistGradientBoosting Mild Extreme + Transform,HistGradientBoosting,mild_extreme,240.0,-4.321928,-1.7943221357491907,2.527605864250809,2.527605864250809
Random Forest Target Transform,Random Forest,baseline,247.0,-5.321928,-2.7990369536287045,2.5228910463712952,2.5228910463712952
HistGradientBoosting Balanced Extreme + Transform,HistGradientBoosting,balanced_extreme,240.0,-4.321928,-1.8038183316966077,2.518109668303392,2.518109668303392
HistGradientBoosting Balanced Extreme + Transform,HistGradientBoosting,balanced_extreme,247.0,-5.321928,-2.8344574561629976,2.487470543837002,2.487470543837002
Random Forest Balanced Extreme + Transform,Random Forest,balanced_extreme,34.0,-4.821928,-2.341462324523546,2.4804656754764536,2.4804656754764536
Extra Trees Balanced Extreme + Transform,Extra Trees,balanced_extreme,34.0,-4.821928,-2.3478529326581494,2.4740750673418503,2.4740750673418503
Random Forest Target Transform,Random Forest,baseline,278.0,-4.321928,-1.850999880222242,2.4709281197777577,2.4709281197777577
Random Forest Target Transform,Random Forest,baseline,247.0,-5.321928,-2.85949686485259,2.4624311351474097,2.4624311351474097
Extra Trees Moderate Extreme + Transform,Extra Trees,moderate_extreme,247.0,-5.321928,-2.8634385398479294,2.4584894601520704,2.4584894601520704
HistGradientBoosting Mild Extreme + Transform,HistGradientBoosting,mild_extreme,247.0,-5.321928,-2.873796187185288,2.4481318128147116,2.4481318128147116
Random Forest Moderate Extreme + Transform,Random Forest,moderate_extreme,34.0,-4.821928,-2.3751434501382884,2.4467845498617113,2.4467845498617113
Extra Trees Mild Extreme + Transform,Extra Trees,mild_extreme,247.0,-5.321928,-2.8804945638245387,2.441433436175461,2.441433436175461
Random Forest Moderate Extreme + Transform,Random Forest,moderate_extreme,240.0,-4.321928,-1.8937788905767878,2.428149109423212,2.428149109423212
Extra Trees Mild Extreme + Transform,Extra Trees,mild_extreme,247.0,-5.321928,-2.912980068353163,2.408947931646837,2.408947931646837
Random Forest Mild Extreme + Transform,Random Forest,mild_extreme,247.0,-5.321928,-2.9235621535004213,2.3983658464995785,2.3983658464995785
Random Forest Moderate Extreme + Transform,Random Forest,moderate_extreme,42.0,-5.321928,-2.955563480740844,2.3663645192591556,2.3663645192591556
HistGradientBoosting Balanced Extreme + Transform,HistGradientBoosting,balanced_extreme,43.0,-5.321928,-2.96922440397974,2.35270359602026,2.35270359602026
Extra Trees Balanced Extreme + Transform,Extra Trees,balanced_extreme,247.0,-5.321928,-2.9692942030108265,2.3526337969891733,2.3526337969891733
Extra Trees Moderate Extreme + Transform,Extra Trees,moderate_extreme,34.0,-4.821928,-2.474304146718045,2.347623853281955,2.347623853281955
Extra Trees Mild Extreme + Transform,Extra Trees,mild_extreme,279.0,-5.321928,-2.980044971504795,2.3418830284952046,2.3418830284952046
Extra Trees Mild Extreme + Transform,Extra Trees,mild_extreme,43.0,-5.321928,-2.98987217512205,2.33205582487795,2.33205582487795
Extra Trees Moderate Extreme + Transform,Extra Trees,moderate_extreme,247.0,-5.321928,-3.004545389098263,2.3173826109017366,2.3173826109017366
Extra Trees Balanced Extreme + Transform,Extra Trees,balanced_extreme,279.0,-5.321928,-3.023929236609612,2.2979987633903876,2.2979987633903876
Random Forest Target Transform,Random Forest,baseline,279.0,-5.321928,-3.0452050426671557,2.276722957332844,2.276722957332844
Random Forest Balanced Extreme + Transform,Random Forest,balanced_extreme,278.0,-4.321928,-2.045905008142929,2.276022991857071,2.276022991857071
Extra Trees Balanced Extreme + Transform,Extra Trees,balanced_extreme,43.0,-5.321928,-3.0497419449090755,2.2721860550909243,2.2721860550909243
Random Forest Moderate Extreme + Transform,Random Forest,moderate_extreme,278.0,-4.321928,-2.054648241045411,2.2672797589545888,2.2672797589545888
Random Forest Mild Extreme + Transform,Random Forest,mild_extreme,278.0,-4.321928,-2.0599153094656115,2.2620126905343882,2.2620126905343882
Random Forest Mild Extreme + Transform,Random Forest,mild_extreme,43.0,-5.321928,-3.07478616924016,2.2471418307598396,2.2471418307598396
Random Forest Balanced Extreme + Transform,Random Forest,balanced_extreme,43.0,-5.321928,-3.074813805023215,2.2471141949767848,2.2471141949767848
Extra Trees Moderate Extreme + Transform,Extra Trees,moderate_extreme,43.0,-5.321928,-3.0859978735634184,2.2359301264365814,2.2359301264365814
Random Forest Balanced Extreme + Transform,Random Forest,balanced_extreme,247.0,-5.321928,-3.177304650611483,2.144623349388517,2.144623349388517
HistGradientBoosting Moderate Extreme + Transform,HistGradientBoosting,moderate_extreme,278.0,-5.321928,-3.213882060713394,2.1080459392866056,2.1080459392866056
Random Forest Mild Extreme + Transform,Random Forest,mild_extreme,125.0,-5.321928,-3.2477998612662593,2.0741281387337405,2.0741281387337405
HistGradientBoosting Target Transform,HistGradientBoosting,baseline,278.0,-5.321928,-3.254019872011826,2.067908127988174,2.067908127988174
HistGradientBoosting Moderate Extreme + Transform,HistGradientBoosting,moderate_extreme,240.0,-4.321928,-2.2579226994077346,2.064005300592265,2.064005300592265
Extra Trees Moderate Extreme + Transform,Extra Trees,moderate_extreme,279.0,-5.321928,-3.2604458742685987,2.061482125731401,2.061482125731401
Random Forest Moderate Extreme + Transform,Random Forest,moderate_extreme,43.0,-5.321928,-3.274826448199204,2.047101551800796,2.047101551800796
Random Forest Moderate Extreme + Transform,Random Forest,moderate_extreme,247.0,-5.321928,-3.388084048677177,1.9338439513228227,1.9338439513228227
Random Forest Mild Extreme + Transform,Random Forest,mild_extreme,247.0,-5.321928,-3.406881084442025,1.9150469155579746,1.9150469155579746
Random Forest Balanced Extreme + Transform,Random Forest,balanced_extreme,125.0,-5.321928,-3.406926507334695,1.9150014926653047,1.9150014926653047
HistGradientBoosting Balanced Extreme + Transform,HistGradientBoosting,balanced_extreme,278.0,-5.321928,-3.41493584661722,1.9069921533827796,1.9069921533827796
Random Forest Balanced Extreme + Transform,Random Forest,balanced_extreme,247.0,-5.321928,-3.4217250381547357,1.900202961845264,1.900202961845264
Random Forest Moderate Extreme + Transform,Random Forest,moderate_extreme,247.0,-5.321928,-3.463887602895908,1.8580403971040917,1.8580403971040917
Random Forest Moderate Extreme + Transform,Random Forest,moderate_extreme,125.0,-5.321928,-3.4683222771905564,1.8536057228094434,1.8536057228094434
HistGradientBoosting Mild Extreme + Transform,HistGradientBoosting,mild_extreme,278.0,-5.321928,-3.503259166934528,1.818668833065472,1.818668833065472
Random Forest Balanced Extreme + Transform,Random Forest,balanced_extreme,279.0,-5.321928,-3.594041725505242,1.7278862744947578,1.7278862744947578
Random Forest Mild Extreme + Transform,Random Forest,mild_extreme,279.0,-5.321928,-3.6039392310160543,1.7179887689839455,1.7179887689839455
HistGradientBoosting Target Transform,HistGradientBoosting,baseline,283.0,-4.321928,-2.611740267989527,1.7101877320104726,1.7101877320104726
HistGradientBoosting Mild Extreme + Transform,HistGradientBoosting,mild_extreme,125.0,-5.321928,-3.6459216306051525,1.6760063693948473,1.6760063693948473
HistGradientBoosting Target Transform,HistGradientBoosting,baseline,278.0,-4.321928,-2.7044490692502863,1.6174789307497135,1.6174789307497135
Random Forest Moderate Extreme + Transform,Random Forest,moderate_extreme,279.0,-5.321928,-3.717807411746764,1.604120588253236,1.604120588253236
HistGradientBoosting Mild Extreme + Transform,HistGradientBoosting,mild_extreme,43.0,-5.321928,-3.746944152453558,1.574983847546442,1.574983847546442
HistGradientBoosting Target Transform,HistGradientBoosting,baseline,279.0,-5.321928,-3.757986148328085,1.5639418516719146,1.5639418516719146
HistGradientBoosting Moderate Extreme + Transform,HistGradientBoosting,moderate_extreme,125.0,-5.321928,-3.792751837453227,1.5291761625467726,1.5291761625467726
HistGradientBoosting Moderate Extreme + Transform,HistGradientBoosting,moderate_extreme,43.0,-5.321928,-3.844227427887972,1.477700572112028,1.477700572112028
HistGradientBoosting Target Transform,HistGradientBoosting,baseline,125.0,-5.321928,-3.867437638534528,1.4544903614654716,1.4544903614654716
HistGradientBoosting Balanced Extreme + Transform,HistGradientBoosting,balanced_extreme,278.0,-4.321928,-2.8765678005358826,1.4453601994641172,1.4453601994641172
HistGradientBoosting Target Transform,HistGradientBoosting,baseline,34.0,-4.821928,-3.4141338830363264,1.4077941169636734,1.4077941169636734
Random Forest Target Transform,Random Forest,baseline,283.0,-4.321928,-2.9557924607043216,1.3661355392956782,1.3661355392956782
HistGradientBoosting Mild Extreme + Transform,HistGradientBoosting,mild_extreme,279.0,-5.321928,-3.9680074084822667,1.353920591517733,1.353920591517733
HistGradientBoosting Target Transform,HistGradientBoosting,baseline,247.0,-5.321928,-3.98437441319361,1.33755358680639,1.33755358680639
HistGradientBoosting Mild Extreme + Transform,HistGradientBoosting,mild_extreme,278.0,-4.321928,-3.095136243961501,1.2267917560384989,1.2267917560384989
HistGradientBoosting Balanced Extreme + Transform,HistGradientBoosting,balanced_extreme,283.0,-4.321928,-3.120930459815288,1.2009975401847117,1.2009975401847117
Extra Trees Target Transform,Extra Trees,baseline,283.0,-4.321928,-3.132247633049223,1.189680366950777,1.189680366950777
Extra Trees Mild Extreme + Transform,Extra Trees,mild_extreme,283.0,-4.321928,-3.2208657032298174,1.1010622967701824,1.1010622967701824
HistGradientBoosting Moderate Extreme + Transform,HistGradientBoosting,moderate_extreme,279.0,-5.321928,-4.225387405783395,1.0965405942166049,1.0965405942166049
HistGradientBoosting Mild Extreme + Transform,HistGradientBoosting,mild_extreme,283.0,-4.321928,-3.2427222981092223,1.0792057018907775,1.0792057018907775
Extra Trees Moderate Extreme + Transform,Extra Trees,moderate_extreme,283.0,-4.321928,-3.2695337680617484,1.0523942319382513,1.0523942319382513
Random Forest Mild Extreme + Transform,Random Forest,mild_extreme,283.0,-4.321928,-3.270576516063268,1.051351483936732,1.051351483936732
HistGradientBoosting Moderate Extreme + Transform,HistGradientBoosting,moderate_extreme,278.0,-4.321928,-3.27743431074711,1.04449368925289,1.04449368925289
HistGradientBoosting Balanced Extreme + Transform,HistGradientBoosting,balanced_extreme,279.0,-5.321928,-4.281308539308107,1.040619460691893,1.040619460691893
Random Forest Moderate Extreme + Transform,Random Forest,moderate_extreme,283.0,-4.321928,-3.2909623413156934,1.0309656586843063,1.0309656586843063
Random Forest Balanced Extreme + Transform,Random Forest,balanced_extreme,283.0,-4.321928,-3.3015353946420047,1.020392605357995,1.020392605357995
HistGradientBoosting Balanced Extreme + Transform,HistGradientBoosting,balanced_extreme,125.0,-5.321928,-4.31313909116984,1.0087889088301596,1.0087889088301596
HistGradientBoosting Moderate Extreme + Transform,HistGradientBoosting,moderate_extreme,283.0,-4.321928,-3.319664073835564,1.002263926164436,1.002263926164436
Extra Trees Balanced Extreme + Transform,Extra Trees,balanced_extreme,283.0,-4.321928,-3.3630349992269983,0.9588930007730014,0.9588930007730014
HistGradientBoosting Target Transform,HistGradientBoosting,baseline,247.0,-5.321928,-4.419909665790155,0.9020183342098447,0.9020183342098447
HistGradientBoosting Balanced Extreme + Transform,HistGradientBoosting,balanced_extreme,247.0,-5.321928,-5.677962948267448,-0.35603494826744786,0.35603494826744786
HistGradientBoosting Balanced Extreme + Transform,HistGradientBoosting,balanced_extreme,34.0,-4.821928,-4.481549108512102,0.340378891487898,0.340378891487898
HistGradientBoosting Mild Extreme + Transform,HistGradientBoosting,mild_extreme,247.0,-5.321928,-5.036438743421018,0.28548925657898216,0.28548925657898216
HistGradientBoosting Moderate Extreme + Transform,HistGradientBoosting,moderate_extreme,247.0,-5.321928,-5.079005665985979,0.24292233401402097,0.24292233401402097
HistGradientBoosting Mild Extreme + Transform,HistGradientBoosting,mild_extreme,34.0,-4.821928,-4.607089656188213,0.21483834381178646,0.21483834381178646
HistGradientBoosting Moderate Extreme + Transform,HistGradientBoosting,moderate_extreme,34.0,-4.821928,-4.609803425765821,0.21212457423417863,0.21212457423417863
HistGradientBoosting Moderate Extreme + Transform,HistGradientBoosting,moderate_extreme,247.0,-5.321928,-5.126762385055179,0.19516561494482065,0.19516561494482065
HistGradientBoosting Mild Extreme + Transform,HistGradientBoosting,mild_extreme,247.0,-5.321928,-5.20425490036622,0.11767309963377937,0.11767309963377937
HistGradientBoosting Balanced Extreme + Transform,HistGradientBoosting,balanced_extreme,247.0,-5.321928,-5.263108855680994,0.05881914431900537,0.05881914431900537
