feature_set,position,actual,predicted
Mutation only,30.0,-0.386988,-1.3627304416193255
Mutation only,30.0,-1.0,-0.8588962280075478
Mutation only,30.0,-2.321928,-0.9219128132879714
Mutation only,30.0,1.0,-1.103962444521996
Mutation only,30.0,0.0,-0.8869908740856969
Mutation only,33.0,0.0,-2.638472184602881
Mutation only,33.0,-1.0,-2.9845391368254433
Mutation only,33.0,-1.0,-2.429910954881141
Mutation only,33.0,0.0,-2.096239834421711
Mutation only,34.0,-1.0643856000000005,-1.1275158315831397
Mutation only,34.0,0.0,-1.0615280956936908
Mutation only,34.0,-5.321928,-4.042834986761903
Mutation only,34.0,-1.0,-0.4653812835722208
Mutation only,34.0,-4.821928,-3.844444164444855
Mutation only,39.0,1.0,-1.4497301234920634
Mutation only,39.0,-0.5,-1.4895909060227048
Mutation only,39.0,0.0,-3.1986413425235862
Mutation only,39.0,0.0,-3.188965407920682
Mutation only,39.0,0.0,-1.0699460989584304
Mutation only,42.0,-1.0,-1.1456201999773166
Mutation only,42.0,0.25,-0.5995003106760765
Mutation only,42.0,-5.321928,-2.763528523095349
Mutation only,42.0,-5.321928,-2.788104123089726
Mutation only,43.0,-0.666666667,-1.4497301234920634
Mutation only,43.0,-3.321928,-1.4895909060227048
Mutation only,43.0,-5.321928,-3.1986413425235862
Mutation only,43.0,-1.0,-1.0699460989584304
Mutation only,48.0,0.0,-1.438161409369602
Mutation only,48.0,-1.0,-2.9845391368254433
Mutation only,48.0,-1.0,-2.096239834421711
Mutation only,48.0,-1.991446,-2.638472184602881
Mutation only,49.0,0.0,-0.503925556642579
Mutation only,49.0,-2.321928,-2.7771709397147033
Mutation only,49.0,0.0,-1.2022493535064684
Mutation only,49.0,-2.321928,-3.729733616232519
Mutation only,49.0,-3.321928,-4.046788581045063
Mutation only,54.0,0.0,-1.580979545505939
Mutation only,54.0,-1.370723,-4.666449342861082
Mutation only,54.0,0.25,-2.7116094968128843
Mutation only,54.0,0.333333333,-0.12147345786506257
Mutation only,57.0,0.0,-2.3798926503177738
Mutation only,57.0,0.0,-2.5109171604377476
Mutation only,57.0,0.0,-2.013075199269681
Mutation only,57.0,0.0,-2.0542031358412682
Mutation only,69.0,-5.321928,-1.7996176777135247
Mutation only,69.0,-2.821928,-1.602458925718286
Mutation only,69.0,-4.321928,-0.9079384503640662
Mutation only,69.0,-1.214618667,-0.17974574999655127
Mutation only,70.0,-1.0,-2.1673300490024454
Mutation only,70.0,-1.5287712,-1.7985836186851536
Mutation only,70.0,0.0,-1.867955500813734
Mutation only,70.0,-4.321928,-0.4970913447740932
Mutation only,70.0,-0.666666667,-1.0351325967759761
Mutation only,90.0,0.0,-1.4497301234920634
Mutation only,90.0,-1.7739759999999998,-1.4895909060227048
Mutation only,90.0,0.0,-3.188965407920682
Mutation only,90.0,-0.4,-1.0699460989584304
Mutation only,90.0,0.333333333,-3.1986413425235862
Mutation only,91.0,-3.321928,-2.176687946857207
Mutation only,91.0,0.0,-1.3734501282778673
Mutation only,91.0,-2.321928,-1.737895581452793
Mutation only,91.0,-1.0,-1.5164670340952386
Mutation only,92.0,-1.0,-2.176687946857207
Mutation only,92.0,-2.321928,-0.41404302890620504
Mutation only,92.0,-0.428571429,-1.3734501282778673
Mutation only,92.0,0.2,-1.737895581452793
Mutation only,92.0,-1.0,-1.5164670340952386
Mutation only,97.0,-1.107309333,-0.3623167590846414
Mutation only,97.0,0.0,-0.06920546973207581
Mutation only,97.0,0.25,-0.04029490813063359
Mutation only,97.0,0.0,-1.8685372256169743
Mutation only,99.0,-0.5,-2.638472184602881
Mutation only,99.0,0.0,-2.096239834421711
Mutation only,99.0,-2.321928,-2.9845391368254433
Mutation only,99.0,0.0,-1.438161409369602
Mutation only,102.0,-0.5,-0.9338030312966535
Mutation only,102.0,0.333333333,-0.8938629556715506
Mutation only,102.0,-0.666666667,-0.9625240223686821
Mutation only,102.0,0.0,-0.7831244892395739
Mutation only,103.0,-0.666666667,-3.842254098860717
Mutation only,110.0,0.0,-0.26937666929100545
Mutation only,110.0,-0.5,-0.164268255813913
Mutation only,110.0,-1.0,-0.12433205129537821
Mutation only,110.0,-2.321928,-1.3535556942712306
Mutation only,120.0,-2.321928,-1.2022493535064684
Mutation only,120.0,-3.821928,-2.397415234982202
Mutation only,125.0,0.0,-0.12147345786506257
Mutation only,125.0,0.0,-0.2828083953083954
Mutation only,125.0,0.0,-0.08163374334580689
Mutation only,125.0,-5.321928,-1.5611899293966405
Mutation only,125.0,-2.321928,-2.7116094968128843
Mutation only,133.0,-3.821928,-1.0615280956936908
Mutation only,133.0,0.0,-1.1275158315831397
Mutation only,135.0,-3.321928,-2.397415234982202
Mutation only,135.0,0.0,-0.503925556642579
Mutation only,135.0,-2.321928,-1.2022493535064684
Mutation only,138.0,0.0,-0.9079384503640662
Mutation only,138.0,0.0,-1.602458925718286
Mutation only,138.0,0.0,-2.5080600047011696
Mutation only,138.0,0.0,-3.58431928464833
Mutation only,139.0,0.333333333,-0.9079384503640662
Mutation only,139.0,-0.5,-1.1073816120875566
Mutation only,139.0,0.0,-0.17974574999655127
Mutation only,141.0,-1.0,-3.237952839072891
Mutation only,141.0,-0.666666667,-3.188965407920682
Mutation only,144.0,0.0,-0.9219128132879714
Mutation only,144.0,0.0,-0.8588962280075478
Mutation only,144.0,-1.107309333,0.0945779325955582
Mutation only,156.0,-0.5,-0.4741005522255523
Mutation only,156.0,0.25,-0.164268255813913
Mutation only,156.0,1.0,-3.32635571597999
Mutation only,160.0,-1.0,-1.2022493535064684
Mutation only,160.0,-0.5,-2.7771709397147033
Mutation only,160.0,-0.5,-0.503925556642579
Mutation only,160.0,-1.0,-3.729733616232519
Mutation only,165.0,-1.0,-1.7102506854247428
Mutation only,165.0,-0.333333333,-1.4620770448797804
Mutation only,165.0,-1.160964,-0.7205105238445259
Mutation only,165.0,-1.0,-1.5410414732838131
Mutation only,166.0,0.0,-0.4090483118647511
Mutation only,166.0,0.0,-0.7831244892395739
Mutation only,166.0,-0.666666667,-0.9338030312966535
Mutation only,166.0,0.0,-0.9625240223686821
Mutation only,171.0,-0.166666667,-0.08163374334580689
Mutation only,171.0,0.0,-0.2828083953083954
Mutation only,171.0,0.0,-2.7116094968128843
Mutation only,171.0,-0.25,-0.12147345786506257
Mutation only,176.0,-0.5,-1.3734501282778673
Mutation only,176.0,-1.0,-2.176687946857207
Mutation only,188.0,0.0,0.16895628441638286
Mutation only,188.0,0.0,-1.2022493535064684
Mutation only,194.0,0.0,-1.0699460989584304
Mutation only,194.0,0.0,-3.1986413425235862
Mutation only,194.0,0.0,-1.4497301234920634
Mutation only,194.0,-0.333333333,-1.4895909060227048
Mutation only,196.0,0.0,-0.24418552152766462
Mutation only,196.0,-1.0,-3.729733616232519
Mutation only,196.0,0.0,-2.140509400610466
Mutation only,200.0,-2.321928,-4.042834986761903
Mutation only,200.0,0.0,-0.4653812835722208
Mutation only,200.0,0.0,-1.1275158315831397
Mutation only,200.0,0.0,-0.34159443941846396
Mutation only,200.0,0.0,-1.0615280956936908
Mutation only,217.0,-0.2,-0.7205105238445259
Mutation only,217.0,0.0,-1.4620770448797804
Mutation only,217.0,-0.924658667,-1.7102506854247428
Mutation only,218.0,-2.321928,-0.503925556642579
Mutation only,218.0,-3.321928,-2.7771709397147033
Mutation only,218.0,-4.321928,-0.24418552152766462
Mutation only,218.0,-4.321928,-1.2022493535064684
Mutation only,221.0,-0.666666667,-3.045853371427681
Mutation only,221.0,0.0,-0.6379830423916057
Mutation only,221.0,0.0,-0.5395779913412054
Mutation only,221.0,-1.0,-2.2799380360058494
Mutation only,221.0,0.0,-3.9196828532517953
Mutation only,228.0,-1.0,-2.1673300490024454
Mutation only,228.0,-1.881285333,-1.7985836186851536
Mutation only,228.0,-2.321928,-1.867955500813734
Mutation only,233.0,-5.321928,-0.7527305080092708
Mutation only,233.0,0.0,-0.5395779913412054
Mutation only,233.0,-5.321928,-2.6092038381949525
Mutation only,233.0,-3.321928,-3.045853371427681
Mutation only,239.0,-5.321928,-3.3910295520320535
Mutation only,239.0,-5.321928,-3.237952839072891
Mutation only,239.0,-5.321928,-3.188965407920682
Mutation only,239.0,-5.321928,-3.395814951861417
Mutation only,240.0,0.0,-0.6379830423916057
Mutation only,240.0,-4.321928,-2.7170444727809477
Mutation only,240.0,-5.321928,-0.7527305080092708
Mutation only,240.0,-1.0,-0.5395779913412054
Mutation only,247.0,-5.321928,-2.140509400610466
Mutation only,247.0,-5.321928,-4.046788581045063
Mutation only,247.0,-0.25,0.16895628441638286
Mutation only,247.0,-5.321928,-3.729733616232519
Mutation only,250.0,0.5,-2.096239834421711
Mutation only,250.0,1.0,-4.336704845948679
Mutation only,250.0,0.0,-2.638472184602881
Mutation only,250.0,0.0,-1.438161409369602
Mutation only,250.0,-0.333333333,-2.9845391368254433
Mutation only,250.0,0.0,-1.6573354780721652
Mutation only,255.0,-3.321928,-2.176687946857207
Mutation only,255.0,-1.7414459999999998,-1.3734501282778673
Mutation only,255.0,-1.881285333,-1.5164670340952386
Mutation only,263.0,-3.321928,-3.395814951861417
Mutation only,263.0,-3.988594667,-3.3910295520320535
Mutation only,273.0,0.0,-1.5164670340952386
Mutation only,273.0,0.5,-2.3701994972758005
Mutation only,273.0,0.0,-0.4124366803551265
Mutation only,273.0,0.0,-0.41404302890620504
Mutation only,278.0,-5.321928,-1.5611899293966405
Mutation only,278.0,0.0,-0.08163374334580689
Mutation only,278.0,-4.321928,-2.7116094968128843
Mutation only,278.0,-1.0,-0.2828083953083954
Mutation only,278.0,0.0,-0.12147345786506257
Mutation only,279.0,-1.0,-1.4895909060227048
Mutation only,279.0,-5.321928,-3.188965407920682
Mutation only,279.0,-1.660964,-1.0699460989584304
Mutation only,283.0,0.0,-1.580979545505939
Mutation only,283.0,-0.333333333,-0.12147345786506257
Mutation only,283.0,0.0,-2.7116094968128843
Mutation only,283.0,-4.321928,-4.666449342861082
Mutation + Biological,30.0,-0.386988,-1.359662765462773
Mutation + Biological,30.0,-1.0,-0.8588962280075481
Mutation + Biological,30.0,-2.321928,-0.9154474177324157
Mutation + Biological,30.0,1.0,-1.1039624445219962
Mutation + Biological,30.0,0.0,-0.874680314423951
Mutation + Biological,33.0,0.0,-2.6384721846028807
Mutation + Biological,33.0,-1.0,-2.9845391368254437
Mutation + Biological,33.0,-1.0,-2.5037336517222024
Mutation + Biological,33.0,0.0,-2.0962398344217106
Mutation + Biological,34.0,-1.0643856000000005,-1.1275158315831397
Mutation + Biological,34.0,0.0,-1.061528095693691
Mutation + Biological,34.0,-5.321928,-4.051198775650791
Mutation + Biological,34.0,-1.0,-0.46538128357222114
Mutation + Biological,34.0,-4.821928,-3.830017679259616
Mutation + Biological,39.0,1.0,-1.4497301234920632
Mutation + Biological,39.0,-0.5,-1.4918684736417525
Mutation + Biological,39.0,0.0,-3.198315900830412
Mutation + Biological,39.0,0.0,-3.188965407920682
Mutation + Biological,39.0,0.0,-1.0549134489161054
Mutation + Biological,42.0,-1.0,-1.1456201999773168
Mutation + Biological,42.0,0.25,-0.5995003106760766
Mutation + Biological,42.0,-5.321928,-2.7718540881373652
Mutation + Biological,42.0,-5.321928,-2.828515552917355
Mutation + Biological,43.0,-0.666666667,-1.4497301234920632
Mutation + Biological,43.0,-3.321928,-1.4918684736417525
Mutation + Biological,43.0,-5.321928,-3.198315900830412
Mutation + Biological,43.0,-1.0,-1.0549134489161054
Mutation + Biological,48.0,0.0,-1.438161409369602
Mutation + Biological,48.0,-1.0,-2.9845391368254437
Mutation + Biological,48.0,-1.0,-2.0962398344217106
Mutation + Biological,48.0,-1.991446,-2.6384721846028807
Mutation + Biological,49.0,0.0,-0.503925556642579
Mutation + Biological,49.0,-2.321928,-2.7696744135278517
Mutation + Biological,49.0,0.0,-1.2022493535064687
Mutation + Biological,49.0,-2.321928,-3.7297336162325183
Mutation + Biological,49.0,-3.321928,-4.094239044958357
Mutation + Biological,54.0,0.0,-1.5843128788392724
Mutation + Biological,54.0,-1.370723,-4.666449342861082
Mutation + Biological,54.0,0.25,-2.711609496812885
Mutation + Biological,54.0,0.333333333,-0.12147345786506257
Mutation + Biological,57.0,0.0,-2.364866492419895
Mutation + Biological,57.0,0.0,-2.5286569204377476
Mutation + Biological,57.0,0.0,-1.9835220821797614
Mutation + Biological,57.0,0.0,-2.080490847841269
Mutation + Biological,69.0,-5.321928,-1.7996176777135247
Mutation + Biological,69.0,-2.821928,-1.6024589257182862
Mutation + Biological,69.0,-4.321928,-0.907938450364066
Mutation + Biological,69.0,-1.214618667,-0.17974574999655127
Mutation + Biological,70.0,-1.0,-2.1514373374418385
Mutation + Biological,70.0,-1.5287712,-1.8190529789090393
Mutation + Biological,70.0,0.0,-1.9130710333756356
Mutation + Biological,70.0,-4.321928,-0.5084556485972482
Mutation + Biological,70.0,-0.666666667,-1.0373698982227157
Mutation + Biological,90.0,0.0,-1.4497301234920632
Mutation + Biological,90.0,-1.7739759999999998,-1.4918684736417525
Mutation + Biological,90.0,0.0,-3.188965407920682
Mutation + Biological,90.0,-0.4,-1.0549134489161054
Mutation + Biological,90.0,0.333333333,-3.198315900830412
Mutation + Biological,91.0,-3.321928,-2.1766879468572076
Mutation + Biological,91.0,0.0,-1.373116794944534
Mutation + Biological,91.0,-2.321928,-1.7378955814527925
Mutation + Biological,91.0,-1.0,-1.5164670340952384
Mutation + Biological,92.0,-1.0,-2.1766879468572076
Mutation + Biological,92.0,-2.321928,-0.39085899792207796
Mutation + Biological,92.0,-0.428571429,-1.373116794944534
Mutation + Biological,92.0,0.2,-1.7378955814527925
Mutation + Biological,92.0,-1.0,-1.5164670340952384
Mutation + Biological,97.0,-1.107309333,-0.36278898130697473
Mutation + Biological,97.0,0.0,-0.0692054697320758
Mutation + Biological,97.0,0.25,-0.040294908130633585
Mutation + Biological,97.0,0.0,-1.819392986393376
Mutation + Biological,99.0,-0.5,-2.6384721846028807
Mutation + Biological,99.0,0.0,-2.0962398344217106
Mutation + Biological,99.0,-2.321928,-2.9845391368254437
Mutation + Biological,99.0,0.0,-1.438161409369602
Mutation + Biological,102.0,-0.5,-0.9338030312966538
Mutation + Biological,102.0,0.333333333,-0.8938629556715504
Mutation + Biological,102.0,-0.666666667,-0.962524022368682
Mutation + Biological,102.0,0.0,-0.7831244892395739
Mutation + Biological,103.0,-0.666666667,-3.839549807109163
Mutation + Biological,110.0,0.0,-0.28394094455033875
Mutation + Biological,110.0,-0.5,-0.09159726902854495
Mutation + Biological,110.0,-1.0,-0.11690811952847345
Mutation + Biological,110.0,-2.321928,-0.9284717612411233
Mutation + Biological,120.0,-2.321928,-1.2022493535064687
Mutation + Biological,120.0,-3.821928,-2.401502784513187
Mutation + Biological,125.0,0.0,-0.12147345786506257
Mutation + Biological,125.0,0.0,-0.2828083953083954
Mutation + Biological,125.0,0.0,-0.03709409889673714
Mutation + Biological,125.0,-5.321928,-1.8739274846110114
Mutation + Biological,125.0,-2.321928,-2.711609496812885
Mutation + Biological,133.0,-3.821928,-1.061528095693691
Mutation + Biological,133.0,0.0,-1.1275158315831397
Mutation + Biological,135.0,-3.321928,-2.401502784513187
Mutation + Biological,135.0,0.0,-0.503925556642579
Mutation + Biological,135.0,-2.321928,-1.2022493535064687
Mutation + Biological,138.0,0.0,-0.907938450364066
Mutation + Biological,138.0,0.0,-1.6024589257182862
Mutation + Biological,138.0,0.0,-2.508060004701169
Mutation + Biological,138.0,0.0,-3.5913519595615155
Mutation + Biological,139.0,0.333333333,-0.907938450364066
Mutation + Biological,139.0,-0.5,-1.1073816120875568
Mutation + Biological,139.0,0.0,-0.17974574999655127
Mutation + Biological,141.0,-1.0,-3.2460505607190644
Mutation + Biological,141.0,-0.666666667,-3.188965407920682
Mutation + Biological,144.0,0.0,-0.9154474177324157
Mutation + Biological,144.0,0.0,-0.8588962280075481
Mutation + Biological,144.0,-1.107309333,0.058782199604853036
Mutation + Biological,156.0,-0.5,-0.48123609941087636
Mutation + Biological,156.0,0.25,-0.09159726902854495
Mutation + Biological,156.0,1.0,-3.240731853480902
Mutation + Biological,160.0,-1.0,-1.2022493535064687
Mutation + Biological,160.0,-0.5,-2.7696744135278517
Mutation + Biological,160.0,-0.5,-0.503925556642579
Mutation + Biological,160.0,-1.0,-3.7297336162325183
Mutation + Biological,165.0,-1.0,-1.7102506854247428
Mutation + Biological,165.0,-0.333333333,-1.4620770448797806
Mutation + Biological,165.0,-1.160964,-0.7246182216223037
Mutation + Biological,165.0,-1.0,-1.5410414732838131
Mutation + Biological,166.0,0.0,-0.41421973302015325
Mutation + Biological,166.0,0.0,-0.7831244892395739
Mutation + Biological,166.0,-0.666666667,-0.9338030312966538
Mutation + Biological,166.0,0.0,-0.962524022368682
Mutation + Biological,171.0,-0.166666667,-0.03709409889673714
Mutation + Biological,171.0,0.0,-0.2828083953083954
Mutation + Biological,171.0,0.0,-2.711609496812885
Mutation + Biological,171.0,-0.25,-0.12147345786506257
Mutation + Biological,176.0,-0.5,-1.373116794944534
Mutation + Biological,176.0,-1.0,-2.1766879468572076
Mutation + Biological,188.0,0.0,0.16895628441638286
Mutation + Biological,188.0,0.0,-1.2022493535064687
Mutation + Biological,194.0,0.0,-1.0549134489161054
Mutation + Biological,194.0,0.0,-3.198315900830412
Mutation + Biological,194.0,0.0,-1.4497301234920632
Mutation + Biological,194.0,-0.333333333,-1.4918684736417525
Mutation + Biological,196.0,0.0,-0.24149537499574555
Mutation + Biological,196.0,-1.0,-3.7297336162325183
Mutation + Biological,196.0,0.0,-2.1405094006104664
Mutation + Biological,200.0,-2.321928,-4.051198775650791
Mutation + Biological,200.0,0.0,-0.46538128357222114
Mutation + Biological,200.0,0.0,-1.1275158315831397
Mutation + Biological,200.0,0.0,-0.34159443941846385
Mutation + Biological,200.0,0.0,-1.061528095693691
Mutation + Biological,217.0,-0.2,-0.7246182216223037
Mutation + Biological,217.0,0.0,-1.4620770448797806
Mutation + Biological,217.0,-0.924658667,-1.7102506854247428
Mutation + Biological,218.0,-2.321928,-0.503925556642579
Mutation + Biological,218.0,-3.321928,-2.7696744135278517
Mutation + Biological,218.0,-4.321928,-0.24149537499574555
Mutation + Biological,218.0,-4.321928,-1.2022493535064687
Mutation + Biological,221.0,-0.666666667,-3.049052568094348
Mutation + Biological,221.0,0.0,-0.47152429900671017
Mutation + Biological,221.0,0.0,-0.5395779913412055
Mutation + Biological,221.0,-1.0,-2.6158056280264947
Mutation + Biological,221.0,0.0,-4.294627658003663
Mutation + Biological,228.0,-1.0,-2.1514373374418385
Mutation + Biological,228.0,-1.881285333,-1.8190529789090393
Mutation + Biological,228.0,-2.321928,-1.9130710333756356
Mutation + Biological,233.0,-5.321928,-0.971997408634086
Mutation + Biological,233.0,0.0,-0.5395779913412055
Mutation + Biological,233.0,-5.321928,-2.6042917228910465
Mutation + Biological,233.0,-3.321928,-3.049052568094348
Mutation + Biological,239.0,-5.321928,-3.3910295520320535
Mutation + Biological,239.0,-5.321928,-3.2460505607190644
Mutation + Biological,239.0,-5.321928,-3.188965407920682
Mutation + Biological,239.0,-5.321928,-3.3396424324398377
Mutation + Biological,240.0,0.0,-0.47152429900671017
Mutation + Biological,240.0,-4.321928,-3.0143996803217843
Mutation + Biological,240.0,-5.321928,-0.971997408634086
Mutation + Biological,240.0,-1.0,-0.5395779913412055
Mutation + Biological,247.0,-5.321928,-2.1405094006104664
Mutation + Biological,247.0,-5.321928,-4.094239044958357
Mutation + Biological,247.0,-0.25,0.16895628441638286
Mutation + Biological,247.0,-5.321928,-3.7297336162325183
Mutation + Biological,250.0,0.5,-2.0962398344217106
Mutation + Biological,250.0,1.0,-4.058196018085541
Mutation + Biological,250.0,0.0,-2.6384721846028807
Mutation + Biological,250.0,0.0,-1.438161409369602
Mutation + Biological,250.0,-0.333333333,-2.9845391368254437
Mutation + Biological,250.0,0.0,-1.7018032602279154
Mutation + Biological,255.0,-3.321928,-2.1766879468572076
Mutation + Biological,255.0,-1.7414459999999998,-1.373116794944534
Mutation + Biological,255.0,-1.881285333,-1.5164670340952384
Mutation + Biological,263.0,-3.321928,-3.3396424324398377
Mutation + Biological,263.0,-3.988594667,-3.3910295520320535
Mutation + Biological,273.0,0.0,-1.5164670340952384
Mutation + Biological,273.0,0.5,-0.568650459259585
Mutation + Biological,273.0,0.0,-0.789471715569297
Mutation + Biological,273.0,0.0,-0.39085899792207796
Mutation + Biological,278.0,-5.321928,-1.8739274846110114
Mutation + Biological,278.0,0.0,-0.03709409889673714
Mutation + Biological,278.0,-4.321928,-2.711609496812885
Mutation + Biological,278.0,-1.0,-0.2828083953083954
Mutation + Biological,278.0,0.0,-0.12147345786506257
Mutation + Biological,279.0,-1.0,-1.4918684736417525
Mutation + Biological,279.0,-5.321928,-3.188965407920682
Mutation + Biological,279.0,-1.660964,-1.0549134489161054
Mutation + Biological,283.0,0.0,-1.5843128788392724
Mutation + Biological,283.0,-0.333333333,-0.12147345786506257
Mutation + Biological,283.0,0.0,-2.711609496812885
Mutation + Biological,283.0,-4.321928,-4.666449342861082
Mutation + Sequence,30.0,-0.386988,-0.9657087844800014
Mutation + Sequence,30.0,-1.0,-1.1571522866466677
Mutation + Sequence,30.0,-2.321928,-0.8187737142966663
Mutation + Sequence,30.0,1.0,-1.009200963480001
Mutation + Sequence,30.0,0.0,-0.8516017180666683
Mutation + Sequence,33.0,0.0,-1.7821501193366691
Mutation + Sequence,33.0,-1.0,-1.7345949133100032
Mutation + Sequence,33.0,-1.0,-1.4066085546333358
Mutation + Sequence,33.0,0.0,-1.9345275888866684
Mutation + Sequence,34.0,-1.0643856000000005,-0.37162706221333347
Mutation + Sequence,34.0,0.0,-0.3322132799399998
Mutation + Sequence,34.0,-5.321928,-1.594537439993334
Mutation + Sequence,34.0,-1.0,-0.5172015111033339
Mutation + Sequence,34.0,-4.821928,-3.783828062223327
Mutation + Sequence,39.0,1.0,-2.5890872154866624
Mutation + Sequence,39.0,-0.5,-2.6456298119699952
Mutation + Sequence,39.0,0.0,-4.324506679993335
Mutation + Sequence,39.0,0.0,-3.2983513896999908
Mutation + Sequence,39.0,0.0,-2.3111573617733323
Mutation + Sequence,42.0,-1.0,-1.1724910910666675
Mutation + Sequence,42.0,0.25,-0.7929341044633335
Mutation + Sequence,42.0,-5.321928,-2.8041190466733266
Mutation + Sequence,42.0,-5.321928,-1.604843995550002
Mutation + Sequence,43.0,-0.666666667,-0.9256654768800006
Mutation + Sequence,43.0,-3.321928,-1.3646101060066693
Mutation + Sequence,43.0,-5.321928,-3.3923389053333235
Mutation + Sequence,43.0,-1.0,-0.9254837684533339
Mutation + Sequence,48.0,0.0,-1.5916411413066682
Mutation + Sequence,48.0,-1.0,-1.8533136714366674
Mutation + Sequence,48.0,-1.0,-1.539249310173334
Mutation + Sequence,48.0,-1.991446,-1.922136029239999
Mutation + Sequence,49.0,0.0,-0.4906558920666669
Mutation + Sequence,49.0,-2.321928,-1.1009033491966673
Mutation + Sequence,49.0,0.0,-0.805257423356668
Mutation + Sequence,49.0,-2.321928,-3.9757163066666625
Mutation + Sequence,49.0,-3.321928,-1.4598333365000025
Mutation + Sequence,54.0,0.0,-0.660846809936667
Mutation + Sequence,54.0,-1.370723,-3.455069267286657
Mutation + Sequence,54.0,0.25,-0.7007402774466674
Mutation + Sequence,54.0,0.333333333,-0.26844893585
Mutation + Sequence,57.0,0.0,-0.5396210195833326
Mutation + Sequence,57.0,0.0,-0.4221190833200003
Mutation + Sequence,57.0,0.0,-0.5356649690199998
Mutation + Sequence,57.0,0.0,-0.41938383030666676
Mutation + Sequence,69.0,-5.321928,-2.012408279120002
Mutation + Sequence,69.0,-2.821928,-1.4284624469533347
Mutation + Sequence,69.0,-4.321928,-1.2617287129366674
Mutation + Sequence,69.0,-1.214618667,-1.160889996856668
Mutation + Sequence,70.0,-1.0,-0.7899221206333338
Mutation + Sequence,70.0,-1.5287712,-0.7655009851500003
Mutation + Sequence,70.0,0.0,-0.843037864783334
Mutation + Sequence,70.0,-4.321928,-0.8582416873733338
Mutation + Sequence,70.0,-0.666666667,-0.8152450169033341
Mutation + Sequence,90.0,0.0,-1.8440082986566688
Mutation + Sequence,90.0,-1.7739759999999998,-2.402785203236664
Mutation + Sequence,90.0,0.0,-2.829753513759995
Mutation + Sequence,90.0,-0.4,-2.0329716035433343
Mutation + Sequence,90.0,0.333333333,-3.8891086666633283
Mutation + Sequence,91.0,-3.321928,-1.7883558994400002
Mutation + Sequence,91.0,0.0,-1.506981779493332
Mutation + Sequence,91.0,-2.321928,-1.7876539447933328
Mutation + Sequence,91.0,-1.0,-1.3424658096100015
Mutation + Sequence,92.0,-1.0,-1.6182512724900002
Mutation + Sequence,92.0,-2.321928,-0.6289360405866665
Mutation + Sequence,92.0,-0.428571429,-0.6945164034933331
Mutation + Sequence,92.0,0.2,-0.8901188626433333
Mutation + Sequence,92.0,-1.0,-0.8733180923200007
Mutation + Sequence,97.0,-1.107309333,-0.7278863933700005
Mutation + Sequence,97.0,0.0,-0.766260752920001
Mutation + Sequence,97.0,0.25,-0.7406813039866679
Mutation + Sequence,97.0,0.0,-3.8273220622233284
Mutation + Sequence,99.0,-0.5,-1.9758598265533358
Mutation + Sequence,99.0,0.0,-1.5669542900333364
Mutation + Sequence,99.0,-2.321928,-2.3901252119799983
Mutation + Sequence,99.0,0.0,-1.0921798249033348
Mutation + Sequence,102.0,-0.5,-0.8313421511066679
Mutation + Sequence,102.0,0.333333333,-0.996663833640002
Mutation + Sequence,102.0,-0.666666667,-0.9831348622200015
Mutation + Sequence,102.0,0.0,-0.9284250133300016
Mutation + Sequence,103.0,-0.666666667,-2.9527918072966566
Mutation + Sequence,110.0,0.0,-1.0167727533400013
Mutation + Sequence,110.0,-0.5,-0.8878305348166672
Mutation + Sequence,110.0,-1.0,-0.8413956333466672
Mutation + Sequence,110.0,-2.321928,-1.9181027977833351
Mutation + Sequence,120.0,-2.321928,-1.323969627810002
Mutation + Sequence,120.0,-3.821928,-1.7386279132700042
Mutation + Sequence,125.0,0.0,-0.7883744638066675
Mutation + Sequence,125.0,0.0,-0.6562839500433335
Mutation + Sequence,125.0,0.0,-0.843133265743334
Mutation + Sequence,125.0,-5.321928,-1.6850145800200012
Mutation + Sequence,125.0,-2.321928,-1.228678962870002
Mutation + Sequence,133.0,-3.821928,-0.44479940445333344
Mutation + Sequence,133.0,0.0,-0.4622943098466669
Mutation + Sequence,135.0,-3.321928,-1.6267790704833371
Mutation + Sequence,135.0,0.0,-1.149312963826669
Mutation + Sequence,135.0,-2.321928,-1.3105656570200026
Mutation + Sequence,138.0,0.0,-0.4536458356700002
Mutation + Sequence,138.0,0.0,-0.46356898555
Mutation + Sequence,138.0,0.0,-1.631182626639999
Mutation + Sequence,138.0,0.0,-2.0840179568466666
Mutation + Sequence,139.0,0.333333333,-0.4452429971933335
Mutation + Sequence,139.0,-0.5,-0.25952654622333343
Mutation + Sequence,139.0,0.0,-0.503215286696667
Mutation + Sequence,141.0,-1.0,-1.8432690346433336
Mutation + Sequence,141.0,-0.666666667,-1.636852293306668
Mutation + Sequence,144.0,0.0,-0.6656086863500006
Mutation + Sequence,144.0,0.0,-0.3362076787300003
Mutation + Sequence,144.0,-1.107309333,-0.034144446363333324
Mutation + Sequence,156.0,-0.5,-0.7955207851466669
Mutation + Sequence,156.0,0.25,-1.0434533711066685
Mutation + Sequence,156.0,1.0,-3.7695140356433248
Mutation + Sequence,160.0,-1.0,-0.7827768762133337
Mutation + Sequence,160.0,-0.5,-1.2120435771433342
Mutation + Sequence,160.0,-0.5,-0.3961779400200001
Mutation + Sequence,160.0,-1.0,-4.44448378666667
Mutation + Sequence,165.0,-1.0,-0.07897269332999998
Mutation + Sequence,165.0,-0.333333333,-0.2151200607166667
Mutation + Sequence,165.0,-1.160964,-0.10656849459999998
Mutation + Sequence,165.0,-1.0,-0.11359061104000001
Mutation + Sequence,166.0,0.0,-1.1354542800033345
Mutation + Sequence,166.0,0.0,-0.8604599000066677
Mutation + Sequence,166.0,-0.666666667,-0.992853351113335
Mutation + Sequence,166.0,0.0,-1.0718007378533336
Mutation + Sequence,171.0,-0.166666667,-2.442144915119998
Mutation + Sequence,171.0,0.0,-2.187951470686666
Mutation + Sequence,171.0,0.0,-2.176913894546667
Mutation + Sequence,171.0,-0.25,-2.2280784785566654
Mutation + Sequence,176.0,-0.5,-1.0550578583600008
Mutation + Sequence,176.0,-1.0,-0.9564324965333341
Mutation + Sequence,188.0,0.0,-0.30453143682333333
Mutation + Sequence,188.0,0.0,-0.8989877332866676
Mutation + Sequence,194.0,0.0,-1.449314490660001
Mutation + Sequence,194.0,0.0,-3.6086798755533254
Mutation + Sequence,194.0,0.0,-1.3836339555466683
Mutation + Sequence,194.0,-0.333333333,-2.0006204845000015
Mutation + Sequence,196.0,0.0,-1.088648782226668
Mutation + Sequence,196.0,-1.0,-4.395214720000003
Mutation + Sequence,196.0,0.0,-1.7128950222566672
Mutation + Sequence,200.0,-2.321928,-1.3388990539666688
Mutation + Sequence,200.0,0.0,-0.41454705841333334
Mutation + Sequence,200.0,0.0,-0.36711221524666693
Mutation + Sequence,200.0,0.0,-0.37718399200666647
Mutation + Sequence,200.0,0.0,-0.3703525254066667
Mutation + Sequence,217.0,-0.2,-1.2044765866733356
Mutation + Sequence,217.0,0.0,-1.4306836031400014
Mutation + Sequence,217.0,-0.924658667,-1.1247392977933353
Mutation + Sequence,218.0,-2.321928,-0.4740502333333334
Mutation + Sequence,218.0,-3.321928,-1.3491876834933336
Mutation + Sequence,218.0,-4.321928,-0.5820259787233338
Mutation + Sequence,218.0,-4.321928,-0.8755392509233341
Mutation + Sequence,221.0,-0.666666667,-1.1560375555533353
Mutation + Sequence,221.0,0.0,-0.47718525080666696
Mutation + Sequence,221.0,0.0,-0.8931990082533335
Mutation + Sequence,221.0,-1.0,-0.7924248952433337
Mutation + Sequence,221.0,0.0,-0.45988419238999984
Mutation + Sequence,228.0,-1.0,-4.354814293336669
Mutation + Sequence,228.0,-1.881285333,-2.002049867943334
Mutation + Sequence,228.0,-2.321928,-4.41611764221667
Mutation + Sequence,233.0,-5.321928,-0.6060616024366668
Mutation + Sequence,233.0,0.0,-0.45262634592
Mutation + Sequence,233.0,-5.321928,-1.3522442190300028
Mutation + Sequence,233.0,-3.321928,-3.4153573689033223
Mutation + Sequence,239.0,-5.321928,-3.6901354693166604
Mutation + Sequence,239.0,-5.321928,-3.6067189097699943
Mutation + Sequence,239.0,-5.321928,-3.542221438656659
Mutation + Sequence,239.0,-5.321928,-3.7796991737799948
Mutation + Sequence,240.0,0.0,-1.001290833030001
Mutation + Sequence,240.0,-4.321928,-1.3908486936633366
Mutation + Sequence,240.0,-5.321928,-0.9692247316933345
Mutation + Sequence,240.0,-1.0,-0.9702013955733338
Mutation + Sequence,247.0,-5.321928,-1.7855123096533343
Mutation + Sequence,247.0,-5.321928,-2.2251502140333326
Mutation + Sequence,247.0,-0.25,-1.413066822356669
Mutation + Sequence,247.0,-5.321928,-3.8171769333333274
Mutation + Sequence,250.0,0.5,-1.0943762257233351
Mutation + Sequence,250.0,1.0,-1.3663550939766667
Mutation + Sequence,250.0,0.0,-1.4550840720433347
Mutation + Sequence,250.0,0.0,-0.7539357739733339
Mutation + Sequence,250.0,-0.333333333,-1.464770179646667
Mutation + Sequence,250.0,0.0,-1.1120440209400009
Mutation + Sequence,255.0,-3.321928,-1.6946632177300005
Mutation + Sequence,255.0,-1.7414459999999998,-1.0961310392533343
Mutation + Sequence,255.0,-1.881285333,-1.1116599633766677
Mutation + Sequence,263.0,-3.321928,-2.300467016886668
Mutation + Sequence,263.0,-3.988594667,-2.5906497670833297
Mutation + Sequence,273.0,0.0,-1.4356669343100024
Mutation + Sequence,273.0,0.5,-1.7073741668033358
Mutation + Sequence,273.0,0.0,-1.507592188110001
Mutation + Sequence,273.0,0.0,-1.6373485436433342
Mutation + Sequence,278.0,-5.321928,-1.138442728503335
Mutation + Sequence,278.0,0.0,-0.631101402756667
Mutation + Sequence,278.0,-4.321928,-0.9862540218866669
Mutation + Sequence,278.0,-1.0,-0.21003161518666671
Mutation + Sequence,278.0,0.0,-0.5014640475466668
Mutation + Sequence,279.0,-1.0,-1.5842310662333348
Mutation + Sequence,279.0,-5.321928,-1.8320601515433357
Mutation + Sequence,279.0,-1.660964,-1.2050017444400005
Mutation + Sequence,283.0,0.0,-0.8272657755333338
Mutation + Sequence,283.0,-0.333333333,-0.4784332247433334
Mutation + Sequence,283.0,0.0,-1.3287216727633357
Mutation + Sequence,283.0,-4.321928,-3.2919453669733247
Mutation + Local Context,30.0,-0.386988,-0.8433237520933335
Mutation + Local Context,30.0,-1.0,-1.5352089593666682
Mutation + Local Context,30.0,-2.321928,-1.380944447626669
Mutation + Local Context,30.0,1.0,-0.6185504199799996
Mutation + Local Context,30.0,0.0,-2.4004561155499973
Mutation + Local Context,33.0,0.0,-2.6072836313199996
Mutation + Local Context,33.0,-1.0,-2.050608409816666
Mutation + Local Context,33.0,-1.0,-1.9204563965033326
Mutation + Local Context,33.0,0.0,-1.5352151415966628
Mutation + Local Context,34.0,-1.0643856000000005,-1.6643788066633347
Mutation + Local Context,34.0,0.0,-1.3712833529033353
Mutation + Local Context,34.0,-5.321928,-2.386948500729999
Mutation + Local Context,34.0,-1.0,-1.8321555186266665
Mutation + Local Context,34.0,-4.821928,-3.10656013556666
Mutation + Local Context,39.0,1.0,-0.7525822426800003
Mutation + Local Context,39.0,-0.5,-1.3338889476866698
Mutation + Local Context,39.0,0.0,-2.664901379369995
Mutation + Local Context,39.0,0.0,-2.3311543674866653
Mutation + Local Context,39.0,0.0,-1.003367979566668
Mutation + Local Context,42.0,-1.0,-1.1848278793933344
Mutation + Local Context,42.0,0.25,-0.8133130273066672
Mutation + Local Context,42.0,-5.321928,-0.874880451113335
Mutation + Local Context,42.0,-5.321928,-1.8481358920666684
Mutation + Local Context,43.0,-0.666666667,-0.9518874346566671
Mutation + Local Context,43.0,-3.321928,-1.5453658640533352
Mutation + Local Context,43.0,-5.321928,-1.9393391360066667
Mutation + Local Context,43.0,-1.0,-0.7930715564533339
Mutation + Local Context,48.0,0.0,-1.7357666308033368
Mutation + Local Context,48.0,-1.0,-0.9969990417733349
Mutation + Local Context,48.0,-1.0,-1.6104326196900032
Mutation + Local Context,48.0,-1.991446,-0.9385136349066676
Mutation + Local Context,49.0,0.0,-1.1838928849933341
Mutation + Local Context,49.0,-2.321928,-1.8299539569633327
Mutation + Local Context,49.0,0.0,-1.110803687130001
Mutation + Local Context,49.0,-2.321928,-3.268303582283328
Mutation + Local Context,49.0,-3.321928,-2.1466307822166666
Mutation + Local Context,54.0,0.0,-0.9065615633233335
Mutation + Local Context,54.0,-1.370723,-2.365524908846666
Mutation + Local Context,54.0,0.25,-1.1463925353266677
Mutation + Local Context,54.0,0.333333333,-0.9384402369900005
Mutation + Local Context,57.0,0.0,-2.190416012393333
Mutation + Local Context,57.0,0.0,-2.8327603488899937
Mutation + Local Context,57.0,0.0,-3.0685705822166582
Mutation + Local Context,57.0,0.0,-2.050269792713333
Mutation + Local Context,69.0,-5.321928,-1.8551150791266684
Mutation + Local Context,69.0,-2.821928,-1.5132610603266705
Mutation + Local Context,69.0,-4.321928,-1.2571890151433356
Mutation + Local Context,69.0,-1.214618667,-0.6914765285033331
Mutation + Local Context,70.0,-1.0,-0.6797286739366671
Mutation + Local Context,70.0,-1.5287712,-0.9207401550733352
Mutation + Local Context,70.0,0.0,-0.872364926346668
Mutation + Local Context,70.0,-4.321928,-1.6311899386166695
Mutation + Local Context,70.0,-0.666666667,-0.6978458206566674
Mutation + Local Context,90.0,0.0,-1.544723380000002
Mutation + Local Context,90.0,-1.7739759999999998,-2.2294521649199983
Mutation + Local Context,90.0,0.0,-1.5354884654033347
Mutation + Local Context,90.0,-0.4,-1.553140005336668
Mutation + Local Context,90.0,0.333333333,-2.02668815831
Mutation + Local Context,91.0,-3.321928,-1.2885562080100024
Mutation + Local Context,91.0,0.0,-0.8565225384433347
Mutation + Local Context,91.0,-2.321928,-0.7648693739866673
Mutation + Local Context,91.0,-1.0,-0.21857235442000023
Mutation + Local Context,92.0,-1.0,-2.0087427035766683
Mutation + Local Context,92.0,-2.321928,-0.7764750267566672
Mutation + Local Context,92.0,-0.428571429,-0.7253522600566672
Mutation + Local Context,92.0,0.2,-1.6128839098533374
Mutation + Local Context,92.0,-1.0,-0.6544168511866673
Mutation + Local Context,97.0,-1.107309333,-1.5303066319366687
Mutation + Local Context,97.0,0.0,-2.3871250053433313
Mutation + Local Context,97.0,0.25,-2.1554211034799997
Mutation + Local Context,97.0,0.0,-2.2290629689199988
Mutation + Local Context,99.0,-0.5,-3.230476522529991
Mutation + Local Context,99.0,0.0,-3.1623810555599894
Mutation + Local Context,99.0,-2.321928,-3.416972479993323
Mutation + Local Context,99.0,0.0,-3.1355189987366567
Mutation + Local Context,102.0,-0.5,-1.6882618183500033
Mutation + Local Context,102.0,0.333333333,-0.9576739526566675
Mutation + Local Context,102.0,-0.666666667,-2.266167957349999
Mutation + Local Context,102.0,0.0,-2.127520348903333
Mutation + Local Context,103.0,-0.666666667,-1.844452179073335
Mutation + Local Context,110.0,0.0,-0.8825820940400007
Mutation + Local Context,110.0,-0.5,-0.5821448196766668
Mutation + Local Context,110.0,-1.0,-0.4025835495866668
Mutation + Local Context,110.0,-2.321928,-1.0363882990466675
Mutation + Local Context,120.0,-2.321928,-1.194001433506668
Mutation + Local Context,120.0,-3.821928,-1.7111529977500015
Mutation + Local Context,125.0,0.0,-1.2778242475966684
Mutation + Local Context,125.0,0.0,-1.1925187711133352
Mutation + Local Context,125.0,0.0,-1.387310792633336
Mutation + Local Context,125.0,-5.321928,-3.696781536513327
Mutation + Local Context,125.0,-2.321928,-2.2923488488599983
Mutation + Local Context,133.0,-3.821928,-0.883534178720001
Mutation + Local Context,133.0,0.0,-1.5210807403100035
Mutation + Local Context,135.0,-3.321928,-0.9357387558900011
Mutation + Local Context,135.0,0.0,-0.4061636369333334
Mutation + Local Context,135.0,-2.321928,-1.2225648121166697
Mutation + Local Context,138.0,0.0,-1.6914427639366696
Mutation + Local Context,138.0,0.0,-1.8077003416100008
Mutation + Local Context,138.0,0.0,-3.585595600013325
Mutation + Local Context,138.0,0.0,-2.9763234666666594
Mutation + Local Context,139.0,0.333333333,-0.9224844749066686
Mutation + Local Context,139.0,-0.5,-0.7664906180266677
Mutation + Local Context,139.0,0.0,-1.0828987244366688
Mutation + Local Context,141.0,-1.0,-2.6253239955599943
Mutation + Local Context,141.0,-0.666666667,-2.845787333339993
Mutation + Local Context,144.0,0.0,-1.434871257466669
Mutation + Local Context,144.0,0.0,-2.0077445263566664
Mutation + Local Context,144.0,-1.107309333,-0.9133492730333344
Mutation + Local Context,156.0,-0.5,-0.8636097629166665
Mutation + Local Context,156.0,0.25,-2.281710152366664
Mutation + Local Context,156.0,1.0,-4.097402808893332
Mutation + Local Context,160.0,-1.0,-0.5235614733299999
Mutation + Local Context,160.0,-0.5,-0.7259660166033335
Mutation + Local Context,160.0,-0.5,-0.4388858311166666
Mutation + Local Context,160.0,-1.0,-1.5513758311133352
Mutation + Local Context,165.0,-1.0,-1.2552150488700007
Mutation + Local Context,165.0,-0.333333333,-1.2013679053266673
Mutation + Local Context,165.0,-1.160964,-1.5660818132933343
Mutation + Local Context,165.0,-1.0,-1.4257359104733351
Mutation + Local Context,166.0,0.0,-0.6632941658500014
Mutation + Local Context,166.0,0.0,-0.39709501866666674
Mutation + Local Context,166.0,-0.666666667,-0.41149663641333317
Mutation + Local Context,166.0,0.0,-1.1532562050833344
Mutation + Local Context,171.0,-0.166666667,-0.8000351044066671
Mutation + Local Context,171.0,0.0,-0.44062254981000026
Mutation + Local Context,171.0,0.0,-1.6959588755633361
Mutation + Local Context,171.0,-0.25,-1.4720057672333353
Mutation + Local Context,176.0,-0.5,-1.670086573256667
Mutation + Local Context,176.0,-1.0,-1.2023945962
Mutation + Local Context,188.0,0.0,-1.9668974355700004
Mutation + Local Context,188.0,0.0,-1.8369956866766677
Mutation + Local Context,194.0,0.0,-1.1111754444233335
Mutation + Local Context,194.0,0.0,-2.944277918543327
Mutation + Local Context,194.0,0.0,-0.7685046026633341
Mutation + Local Context,194.0,-0.333333333,-1.5073943280866704
Mutation + Local Context,196.0,0.0,-0.7669878879233343
Mutation + Local Context,196.0,-1.0,-4.601600551110006
Mutation + Local Context,196.0,0.0,-1.4811736666666675
Mutation + Local Context,200.0,-2.321928,-1.836712702223335
Mutation + Local Context,200.0,0.0,-0.5957393955600009
Mutation + Local Context,200.0,0.0,-0.6112018239966671
Mutation + Local Context,200.0,0.0,-0.5749852076133338
Mutation + Local Context,200.0,0.0,-0.37864554344
Mutation + Local Context,217.0,-0.2,-1.0308214066633337
Mutation + Local Context,217.0,0.0,-1.6240411222500006
Mutation + Local Context,217.0,-0.924658667,-1.6593606822200033
Mutation + Local Context,218.0,-2.321928,-1.1237981393200023
Mutation + Local Context,218.0,-3.321928,-1.7275835552433363
Mutation + Local Context,218.0,-4.321928,-1.0753703186666683
Mutation + Local Context,218.0,-4.321928,-1.283490176520003
Mutation + Local Context,221.0,-0.666666667,-2.92230098666666
Mutation + Local Context,221.0,0.0,-0.8308306133833331
Mutation + Local Context,221.0,0.0,-0.46948858789666675
Mutation + Local Context,221.0,-1.0,-2.3130228472566645
Mutation + Local Context,221.0,0.0,-1.1144259910033343
Mutation + Local Context,228.0,-1.0,-0.3948640938433335
Mutation + Local Context,228.0,-1.881285333,-0.7584238379933339
Mutation + Local Context,228.0,-2.321928,-0.4518729278033335
Mutation + Local Context,233.0,-5.321928,-2.0970039068166666
Mutation + Local Context,233.0,0.0,-1.4705542553033353
Mutation + Local Context,233.0,-5.321928,-2.1111328603499997
Mutation + Local Context,233.0,-3.321928,-2.905917040023328
Mutation + Local Context,239.0,-5.321928,-1.6120051911100024
Mutation + Local Context,239.0,-5.321928,-1.4890287730133351
Mutation + Local Context,239.0,-5.321928,-1.3189023947666665
Mutation + Local Context,239.0,-5.321928,-1.9369179551266666
Mutation + Local Context,240.0,0.0,-1.1387153127100005
Mutation + Local Context,240.0,-4.321928,-1.5133161050433335
Mutation + Local Context,240.0,-5.321928,-1.4620077924766677
Mutation + Local Context,240.0,-1.0,-1.1206032593566668
Mutation + Local Context,247.0,-5.321928,-2.1718404800399984
Mutation + Local Context,247.0,-5.321928,-2.7372373438733266
Mutation + Local Context,247.0,-0.25,-1.403820374706669
Mutation + Local Context,247.0,-5.321928,-2.7835222666666612
Mutation + Local Context,250.0,0.5,-1.9742121806366675
Mutation + Local Context,250.0,1.0,-2.240112167943333
Mutation + Local Context,250.0,0.0,-2.997309995589993
Mutation + Local Context,250.0,0.0,-2.3969227307933303
Mutation + Local Context,250.0,-0.333333333,-2.615566707619995
Mutation + Local Context,250.0,0.0,-2.9613253182433263
Mutation + Local Context,255.0,-3.321928,-2.7786541814733283
Mutation + Local Context,255.0,-1.7414459999999998,-2.3719332222433303
Mutation + Local Context,255.0,-1.881285333,-1.3486998043133365
Mutation + Local Context,263.0,-3.321928,-3.434109556843322
Mutation + Local Context,263.0,-3.988594667,-3.3343283904899903
Mutation + Local Context,273.0,0.0,-1.2492935939866674
Mutation + Local Context,273.0,0.5,-1.7890332723833346
Mutation + Local Context,273.0,0.0,-1.3947056675600025
Mutation + Local Context,273.0,0.0,-1.5302705851033362
Mutation + Local Context,278.0,-5.321928,-2.9003391273299957
Mutation + Local Context,278.0,0.0,-0.9898506968666664
Mutation + Local Context,278.0,-4.321928,-1.7028886111500008
Mutation + Local Context,278.0,-1.0,-1.167303120543334
Mutation + Local Context,278.0,0.0,-0.9743687021900002
Mutation + Local Context,279.0,-1.0,-3.139870297406657
Mutation + Local Context,279.0,-5.321928,-4.25419547956
Mutation + Local Context,279.0,-1.660964,-2.607965372439996
Mutation + Local Context,283.0,0.0,-0.9677999396966682
Mutation + Local Context,283.0,-0.333333333,-0.6936482260100005
Mutation + Local Context,283.0,0.0,-1.2180740478533345
Mutation + Local Context,283.0,-4.321928,-2.7630650850933294
All features,30.0,-0.386988,-0.6900315752466675
All features,30.0,-1.0,-0.8496535828433336
All features,30.0,-2.321928,-0.8811699411300009
All features,30.0,1.0,-0.8273614027666673
All features,30.0,0.0,-1.4085291161500024
All features,33.0,0.0,-1.816017059576668
All features,33.0,-1.0,-1.218313887843335
All features,33.0,-1.0,-1.1434769751233338
All features,33.0,0.0,-0.8542226620333347
All features,34.0,-1.0643856000000005,-1.0020992964933342
All features,34.0,0.0,-1.0767131929366662
All features,34.0,-5.321928,-2.4166023531699987
All features,34.0,-1.0,-1.0207394345900007
All features,34.0,-4.821928,-3.07940687131666
All features,39.0,1.0,-0.6828365085166674
All features,39.0,-0.5,-1.7693457894333378
All features,39.0,0.0,-3.6723467380933257
All features,39.0,0.0,-3.6399759017733255
All features,39.0,0.0,-0.9866264061466675
All features,42.0,-1.0,-0.8375242691900013
All features,42.0,0.25,-0.43382359302333345
All features,42.0,-5.321928,-2.6130301136533287
All features,42.0,-5.321928,-3.2201460796799912
All features,43.0,-0.666666667,-0.8310182902266673
All features,43.0,-3.321928,-1.6762248603900032
All features,43.0,-5.321928,-3.419485495756657
All features,43.0,-1.0,-1.0982694234000006
All features,48.0,0.0,-2.2277629355699986
All features,48.0,-1.0,-2.2627087022266648
All features,48.0,-1.0,-1.9192859657233332
All features,48.0,-1.991446,-2.6019523800399975
All features,49.0,0.0,-0.22356726445333333
All features,49.0,-2.321928,-2.1573825380633322
All features,49.0,0.0,-0.5736188321266669
All features,49.0,-2.321928,-3.2096799911266607
All features,49.0,-3.321928,-2.2756462201866663
All features,54.0,0.0,-0.4581428514366668
All features,54.0,-1.370723,-3.700497490999995
All features,54.0,0.25,-2.6883170793633298
All features,54.0,0.333333333,-0.22472168150333333
All features,57.0,0.0,-1.4761054162033356
All features,57.0,0.0,-1.6874310624166688
All features,57.0,0.0,-1.3106755152400018
All features,57.0,0.0,-2.18972018392
All features,69.0,-5.321928,-2.5230243776533303
All features,69.0,-2.821928,-1.899867885760002
All features,69.0,-4.321928,-1.090598596443334
All features,69.0,-1.214618667,-0.8200605253766671
All features,70.0,-1.0,-0.7985537188800007
All features,70.0,-1.5287712,-0.8647039836733341
All features,70.0,0.0,-2.1191694850966663
All features,70.0,-4.321928,-1.4643075870766686
All features,70.0,-0.666666667,-0.8637959748766675
All features,90.0,0.0,-0.8070934048200008
All features,90.0,-1.7739759999999998,-2.119889275086667
All features,90.0,0.0,-2.809398576433329
All features,90.0,-0.4,-1.1098207101566682
All features,90.0,0.333333333,-2.9842031415933263
All features,91.0,-3.321928,-1.6319755939800022
All features,91.0,0.0,-0.8816155073600012
All features,91.0,-2.321928,-1.2680251562700022
All features,91.0,-1.0,-1.070946763966668
All features,92.0,-1.0,-1.6980071039300002
All features,92.0,-2.321928,-0.8458201856466673
All features,92.0,-0.428571429,-0.48857143592
All features,92.0,0.2,-1.297325685663335
All features,92.0,-1.0,-0.8653605624833339
All features,97.0,-1.107309333,-1.2897102839800023
All features,97.0,0.0,-0.69463918098
All features,97.0,0.25,-0.8771391361933346
All features,97.0,0.0,-2.8323975022333268
All features,99.0,-0.5,-2.261799784376666
All features,99.0,0.0,-1.432959078606669
All features,99.0,-2.321928,-2.1373049697799997
All features,99.0,0.0,-1.0269615200166677
All features,102.0,-0.5,-0.7499349119300005
All features,102.0,0.333333333,-0.5263476834833338
All features,102.0,-0.666666667,-0.9499892977766685
All features,102.0,0.0,-0.37022799111000004
All features,103.0,-0.666666667,-2.9361338787233264
All features,110.0,0.0,-1.463379016770002
All features,110.0,-0.5,-0.8940083644633338
All features,110.0,-1.0,-0.7907192946200001
All features,110.0,-2.321928,-1.2064872847833352
All features,120.0,-2.321928,-0.5167671349433335
All features,120.0,-3.821928,-3.301453272893324
All features,125.0,0.0,-0.4765502711166668
All features,125.0,0.0,-0.48023067620666676
All features,125.0,0.0,-0.635021552386667
All features,125.0,-5.321928,-3.363450942229991
All features,125.0,-2.321928,-2.5155321983499985
All features,133.0,-3.821928,-0.907544281673334
All features,133.0,0.0,-0.6388999229733339
All features,135.0,-3.321928,-2.7791262039733273
All features,135.0,0.0,-0.2657315174433334
All features,135.0,-2.321928,-1.0620052310100025
All features,138.0,0.0,-1.402401468446668
All features,138.0,0.0,-1.3341823800933348
All features,138.0,0.0,-2.9257698912066603
All features,138.0,0.0,-3.6827347533433255
All features,139.0,0.333333333,-0.8102912025233339
All features,139.0,-0.5,-0.7335647818633337
All features,139.0,0.0,-0.32270407770333337
All features,141.0,-1.0,-2.610622759456664
All features,141.0,-0.666666667,-2.7634472180999956
All features,144.0,0.0,-0.43958714953000005
All features,144.0,0.0,-0.6238749076233334
All features,144.0,-1.107309333,-0.8550456076233339
All features,156.0,-0.5,-0.9306895627933337
All features,156.0,0.25,-0.8206274166633336
All features,156.0,1.0,-3.061451112403323
All features,160.0,-1.0,-0.8541051314266673
All features,160.0,-0.5,-2.2036388873600012
All features,160.0,-0.5,-0.19513174002000006
All features,160.0,-1.0,-2.417649558953332
All features,165.0,-1.0,-0.30784854525999994
All features,165.0,-0.333333333,-0.9547931695200004
All features,165.0,-1.160964,-0.5578494710266672
All features,165.0,-1.0,-0.8104499487233342
All features,166.0,0.0,-1.6369884466566678
All features,166.0,0.0,-1.5191893247866697
All features,166.0,-0.666666667,-1.6225484155466683
All features,166.0,0.0,-1.8541892540233347
All features,171.0,-0.166666667,-1.302676311136668
All features,171.0,0.0,-1.0106032673300012
All features,171.0,0.0,-2.434321995556664
All features,171.0,-0.25,-1.2293273870000017
All features,176.0,-0.5,-0.7544184381300009
All features,176.0,-1.0,-1.6331761815766666
All features,188.0,0.0,-0.43974244508000015
All features,188.0,0.0,-1.1990272277833345
All features,194.0,0.0,-0.8392460829100014
All features,194.0,0.0,-2.6118715720433285
All features,194.0,0.0,-0.6927141987500002
All features,194.0,-0.333333333,-1.2598483896600023
All features,196.0,0.0,-0.42384431732999994
All features,196.0,-1.0,-4.446504680000005
All features,196.0,0.0,-2.9981358945466607
All features,200.0,-2.321928,-3.1226222866566578
All features,200.0,0.0,-0.3648050186666666
All features,200.0,0.0,-0.6620757179300005
All features,200.0,0.0,-0.5402025524366669
All features,200.0,0.0,-0.661666830046667
All features,217.0,-0.2,-1.1918485480566683
All features,217.0,0.0,-1.5595771388533337
All features,217.0,-0.924658667,-1.303863810806669
All features,218.0,-2.321928,-0.43535893542666676
All features,218.0,-3.321928,-3.056327868569993
All features,218.0,-4.321928,-0.4134078236266667
All features,218.0,-4.321928,-0.9749615460400017
All features,221.0,-0.666666667,-3.3581424965266544
All features,221.0,0.0,-0.42487853336333353
All features,221.0,0.0,-0.27434617922000015
All features,221.0,-1.0,-1.7833227035166686
All features,221.0,0.0,-0.9017806886666673
All features,228.0,-1.0,-4.120818966356666
All features,228.0,-1.881285333,-2.8869131625499937
All features,228.0,-2.321928,-3.0193339511733255
All features,233.0,-5.321928,-2.406106758053331
All features,233.0,0.0,-0.6454046146233335
All features,233.0,-5.321928,-2.4149689897266646
All features,233.0,-3.321928,-3.035871022229991
All features,239.0,-5.321928,-3.595597806646658
All features,239.0,-5.321928,-2.352042190683332
All features,239.0,-5.321928,-2.762025653449995
All features,239.0,-5.321928,-3.7029140155566607
All features,240.0,0.0,-1.1289874430633344
All features,240.0,-4.321928,-2.5723146116766626
All features,240.0,-5.321928,-1.744587949660003
All features,240.0,-1.0,-0.7092537609000004
All features,247.0,-5.321928,-2.2168650028266663
All features,247.0,-5.321928,-3.039945534159991
All features,247.0,-0.25,-1.088163259946668
All features,247.0,-5.321928,-3.5963191024166576
All features,250.0,0.5,-1.78491494413667
All features,250.0,1.0,-2.0208844673166677
All features,250.0,0.0,-2.712345462873329
All features,250.0,0.0,-1.8150385384300018
All features,250.0,-0.333333333,-1.8264642809433356
All features,250.0,0.0,-2.7667489967733276
All features,255.0,-3.321928,-2.5947902330266657
All features,255.0,-1.7414459999999998,-1.4120194502233352
All features,255.0,-1.881285333,-1.980267353583334
All features,263.0,-3.321928,-3.0979352624566587
All features,263.0,-3.988594667,-3.150163518429991
All features,273.0,0.0,-1.0172493275000014
All features,273.0,0.5,-0.7280004620166669
All features,273.0,0.0,-1.2840375841600016
All features,273.0,0.0,-1.0186171200033347
All features,278.0,-5.321928,-3.0518758646566617
All features,278.0,0.0,-0.48311336650000014
All features,278.0,-4.321928,-2.7264416076066627
All features,278.0,-1.0,-0.6303494429533333
All features,278.0,0.0,-0.4369532042133335
All features,279.0,-1.0,-2.9412026387533245
All features,279.0,-5.321928,-3.9576723098566617
All features,279.0,-1.660964,-1.7361127946066695
All features,283.0,0.0,-0.39292386902
All features,283.0,-0.333333333,-0.19763420518999997
All features,283.0,0.0,-2.4383856292099977
All features,283.0,-4.321928,-3.2549665955499907
