repeat,fold,position,n,actual_mean,actual_std,hgb_MAE,mean_baseline_MAE,median_baseline_MAE,hgb_minus_mean_MAE,hgb_minus_median_MAE,hgb_beats_mean,hgb_beats_median
1,1,40,2,-1.2609640000000002,1.060964,1.075550622971492,1.0609640000000002,1.0609640000000002,0.014586622971491714,0.014586622971491714,False,False
1,1,41,2,-0.5,0.5,0.32848083892783136,1.0975646791128775,0.5,-0.7690838401850462,-0.17151916107216864,True,True
1,1,46,4,-0.767982,0.9768426753661229,0.7586940499988991,1.1917643395564386,0.767982,-0.43307028955753946,-0.009287950001100942,True,True
1,1,51,5,-0.8251498286000001,0.849144747565817,0.8543306475255152,1.0621601788677266,0.7013403048000001,-0.20782953134221138,0.15299034272551515,True,False
1,1,62,2,-0.5,0.5,0.5359071790731966,1.0975646791128775,0.5,-0.5616575000396808,0.03590717907319663,True,False
1,1,82,5,-1.7931568000000002,1.1611070893436832,0.8346232747060709,1.0736438641774246,1.3931567998,-0.23902058947135374,-0.5585335250939292,True,True
1,1,84,5,-0.6310522666,1.3469854193099422,2.052137360055985,1.6562577408677264,1.0977189336,0.39587961918825876,0.9544184264559852,False,False
1,1,87,4,-1.392982,1.7306043906600954,1.2078899447212355,1.5667643395564388,1.267982,-0.35887439483520334,-0.06009205527876449,True,True
1,1,94,5,-0.2,0.4,0.7236312164294733,1.3975646791128775,0.6000000002,-0.6739334626834043,0.12363121622947326,True,False
1,1,98,3,0.0,0.0,0.8109495289352097,1.5975646791128775,0.666666667,-0.7866151501776678,0.14428286193520967,True,False
1,1,104,3,-4.210816889,1.3425606637970995,1.6374779773605967,2.6132522098871225,3.5441502220000003,-0.9757742325265257,-1.9066722446394035,True,True
1,1,109,5,-0.1,0.2,0.20218460115380207,1.4975646791128774,0.566666667,-1.2953800779590754,-0.3644820658461979,True,True
1,1,111,4,-0.20833333325,0.21650635089799714,1.1497182215657802,1.3892313458628773,0.45833333374999996,-0.23951312429709715,0.6913848878157802,True,False
1,1,114,4,-1.8262050000000003,1.2088484060836577,0.552108008934449,1.0274226604435615,1.4928716665000001,-0.47531465150911245,-0.9407636575655511,True,True
1,1,119,3,-1.1073093333333335,0.9509552667577075,0.9108640426375268,0.9731642263709593,0.8850871110000001,-0.06230018373343249,0.0257769316375267,True,False
1,1,121,4,-4.696928,1.0825317547305482,1.9188946140279368,3.0993633208871225,4.0302613329999994,-1.1804687068591857,-2.1113667189720626,True,True
1,1,122,5,-0.1833333334,0.2603416559873241,2.41214078422725,1.4142313457128775,0.48333333359999997,0.9979094385143727,1.9288074506272501,False,False
1,1,123,5,-1.9379691428,1.2950585904843817,0.4036684539092231,1.0390861930225754,1.2713024758,-0.6354177391133523,-0.8676340218907769,True,True
1,1,136,3,-5.321928,0.0,1.7477479567773306,3.724363320887123,4.6552613329999994,-1.9766153641097923,-2.907513376222669,True,True
1,1,152,6,-0.41476577783333335,0.8869683238709589,0.6524086397083365,1.4242533415752519,0.8036546668333334,-0.7718447018669153,-0.1512460271249969,True,True
1,1,154,3,-2.881285333333333,1.3915041930853898,1.2790778556600757,1.682097106962374,2.2146186663333336,-0.4030192513022983,-0.9355408106732579,True,True
1,1,155,4,-3.8219279999999998,1.4999999999999998,3.7091118873588504,2.2243633208871225,3.155261333,1.484748566471728,0.5538505543588506,False,False
1,1,161,4,-1.9533435000000001,1.663547142280677,1.1785682573066831,1.3700101665,1.3700101665000002,-0.19144190919331683,-0.19144190919331705,True,True
1,1,168,5,-3.9575424,1.6505345382479701,3.8729046693483795,2.5990035925322736,3.290875733,1.2739010768161059,0.5820289363483795,False,False
1,1,190,5,-0.04,0.08,1.512267260492673,1.5575646791128774,0.6266666670000001,-0.04529741862020442,0.885600593492673,True,False
1,1,192,3,-0.7739760000000001,1.0945673561512788,1.1829337163202094,1.3064975597042927,0.9961982223333333,-0.12356384338408333,0.18673549398687606,True,False
1,1,197,3,-2.3071412063333336,0.2904638271702584,0.8108155131195983,0.7095765272204559,1.6404745393333335,0.10123898589914238,-0.8296590262137352,False,True
1,1,201,4,-1.973464,1.5178631885963902,0.8821546610768705,1.473464,1.6401306665,-0.5913093389231296,-0.7579760054231295,True,True
1,1,208,2,-4.1552613335,1.1666666664999998,1.9408699888867325,2.5576966543871227,3.4885946665,-0.6168266655003902,-1.5477246776132676,True,True
1,1,212,2,-2.3247793335,0.6638153335,1.8009666599045595,0.7272146543871226,1.6581126665,1.073752005517437,0.1428539934045594,False,False
1,1,216,3,-1.8276306666666666,0.5889010910893461,1.4675471091189376,0.6284424402957075,1.1609639996666667,0.8391046688232301,0.30658310945227085,False,False
1,1,236,6,-3.4349399999999997,1.868982582597637,2.2831016239897344,2.369896880591415,2.9904955553333328,-0.08679525660168075,-0.7073939313435984,True,True
1,1,241,3,-3.8774835556666667,0.4157397096712446,3.5371657589768772,2.2799188765537894,3.210816888666667,1.2572468824230878,0.3263488703102104,False,False
1,1,243,3,-3.5441502223333337,1.0999438819916516,0.6410754045003838,1.946585543220456,2.8774835553333333,-1.3055101387200723,-2.2364081508329496,True,True
1,1,244,5,-2.0228354665999997,2.1919132649568365,1.3937029615545704,1.9542198692225756,1.9895021331999998,-0.5605169076680052,-0.5957991716454294,True,True
1,1,245,3,-2.881285333333333,1.8082082990373523,2.148188374639739,1.6820971069623745,2.214618666333333,0.46609126767736453,-0.06643029169359416,False,True
1,1,253,4,-0.08333333325,0.1443375671530689,0.8589383981157872,1.5142313458628773,0.58333333375,-0.6552929477470901,0.27560506436578724,True,False
1,1,258,4,-3.991446,2.304462422555855,2.6955269200644234,3.1926636604435616,3.6581126664999997,-0.49713674037913824,-0.9625857464355763,True,True
1,1,269,5,-0.15,0.19999999999999998,2.292645053323697,1.4475646791128773,0.516666667,0.8450803742108195,1.7759783863236969,False,False
1,1,275,3,-3.2146186666666665,2.3094486902088898,1.9362024351080251,2.682097106962374,2.9923964443333335,-0.7458946718543487,-1.0561940092253084,True,True
1,1,276,1,-0.5,0.0,0.16980117941695738,1.0975646791128775,0.166666667,-0.9277634996959201,0.0031345124169573912,True,False
1,1,285,5,-0.9095904000000001,1.2089756661118491,1.7097320107271223,1.3347958742677264,0.9095904001999999,0.37493613645939594,0.8001416105271224,False,False
1,2,25,5,-0.0333333334,0.0666666668,1.1957478468822729,1.6253135281427216,0.7468043811000001,-0.4295656812604487,0.44894346578227273,True,False
1,2,26,3,-0.3333333333333333,0.4714045207910317,0.44558430288292183,1.3253135282093884,0.5933792381666667,-0.8797292253264666,-0.14779493528374488,True,True
1,2,27,6,-1.4942973333333336,0.8922351884555005,0.6514524128518392,0.8276306666666668,0.9742055236666668,-0.17617825381482766,-0.3227531108148276,True,True
1,2,32,6,-0.13888888883333333,0.20222527464881865,1.1220145951803535,1.5197579727093882,0.6412488256666667,-0.39774337752903466,0.48076576951368677,True,False
1,2,38,4,-0.25,0.82915619758885,1.8184190888126404,1.4086468615427217,0.75,0.4097722272699187,1.0684190888126404,False,False
1,2,45,5,-0.8643856,1.7287712,1.0294995478535152,1.8595737169256332,1.3324682287000003,-0.8300741690721181,-0.3029686808464851,True,True
1,2,52,4,-1.05365466675,0.7006752480944083,0.9899385200736434,0.8829780975213608,0.55365466675,0.10696042255228255,0.4362838533236434,False,False
1,2,56,3,-0.16666666666666666,0.23570226039551584,3.0169088483785207,1.491980194876055,0.6134710478333335,1.5249286535024658,2.4034378005451873,False,False
1,2,65,3,-3.7951006666666665,0.7450463598288514,2.253316859124108,2.136453805123945,3.014962952166666,0.11686305400016339,-0.7616460930425579,False,True
1,2,68,4,-5.321928,0.0,4.131439121245225,3.663281138457278,4.541790285499999,0.46815798278794674,-0.4103511642547746,False,True
1,2,80,3,-1.662864889,2.590924534528549,1.6994229107015915,2.437969398180907,2.1451330158333333,-0.7385464874793157,-0.4457101051317418,True,True
1,2,96,1,0.0,0.0,1.1824103868076206,1.6586468615427217,0.7801377145000001,-0.4762364747351011,0.4022726723076204,True,False
1,2,100,4,-0.580482,1.0054243168791972,0.44992384436167465,1.4098054307713608,0.9705508572500001,-0.9598815864096861,-0.5206270128883255,True,True
1,2,105,5,-2.3123376,0.4769308273091623,1.2832095978621376,0.7408924162743672,1.5321998855000003,0.5423171815877704,-0.24899028763786268,False,True
1,2,106,6,-0.7888153333333333,0.8324006713385622,0.38803489887362325,1.090925241028481,0.6518273333333334,-0.7028903421548578,-0.2637924344597102,True,True
1,2,107,3,-0.7024364443333334,0.5219906259617065,0.11804067983937372,0.9562104172093883,0.5180379051666667,-0.8381697373700145,-0.399997225327293,True,True
1,2,127,6,-0.0555555555,0.3142696804782498,1.1460822292569832,1.6030913060427217,0.7245821590000001,-0.45700907678573843,0.4215000702569831,True,False
1,2,129,3,-5.321928,0.0,4.292368286118256,3.6632811384572777,4.541790285499999,0.6290871476609783,-0.24942199938174348,False,True
1,2,132,5,-3.6575423999999996,2.1666573568401257,2.71955177240724,2.6623542830743667,3.1894597712999997,0.057197489332873275,-0.4699079988927597,False,True
1,2,137,4,-3.28311266675,2.2205643179545405,1.6672403042160662,2.453789235978639,2.8930438095,-0.7865489317625727,-1.2258035052839338,True,True
1,2,140,4,-1.1861991905,1.044582876966282,0.4652286216668574,0.9719134760000001,0.9719134760000001,-0.5066848543331427,-0.5066848543331427,True,True
1,2,143,4,-1.8142170000000002,0.8953897712655348,0.9331565570536466,0.8142170000000001,1.0340792854999998,0.11893955705364656,-0.1009227284463532,False,True
1,2,146,2,-4.321928,0.9999999999999998,1.5120555811943452,2.663281138457278,3.5417902855,-1.1512255572629329,-2.0297347043056546,True,True
1,2,162,3,-1.2203213333333334,0.31158141768012354,0.4858589185641584,0.43987028718090726,0.44018361883333323,0.045988631383251155,0.04567529973082518,False,False
1,2,172,4,-0.03125,0.05412658773652741,0.9040978447559349,1.6273968615427217,0.7488877145000001,-0.7232990167867868,0.15521013025593478,True,False
1,2,183,4,0.0,0.0,1.257773334825473,1.6586468615427217,0.7801377145000001,-0.40087352671724874,0.4776356203254728,True,False
1,2,206,5,-0.26666666660000005,0.3887301263115868,1.4067838706422922,1.3919801949427215,0.6014159621000001,0.01480367569957064,0.805367908542292,False,False
1,2,209,3,-3.547952,2.5087809185243732,3.219151410625296,2.995069712819093,3.2879060951666665,0.22408169780620302,-0.06875468454137046,False,True
1,2,210,2,-0.25,0.25,0.7839328030082385,1.4086468615427217,0.5301377145000001,-0.6247140585344831,0.2537950885082384,True,False
1,2,213,3,-0.16666666666666666,0.23570226039551584,1.1079843971055843,1.491980194876055,0.6134710478333335,-0.38399579777047066,0.49451334927225077,True,False
1,2,215,3,-2.7682733333333336,0.7829859384711552,1.3244281672729075,1.1096264717906117,1.9881356188333335,0.21480169548229577,-0.663707451560426,False,True
1,2,225,5,0.0,0.6324555320336759,0.6083640460320358,1.6586468615427215,0.8680826287000001,-1.0502828155106858,-0.2597185826679643,True,True
1,2,226,2,0.0,0.0,3.023682631490475,1.6586468615427217,0.7801377145000001,1.3650357699477533,2.2435449169904746,False,False
1,2,235,4,-2.85160666675,1.4459578952229786,1.4735409151278116,1.1929598052072783,2.0714689522499996,0.2805811099205333,-0.597928037122188,False,True
1,2,237,3,-0.16666666666666666,0.6236095644623235,3.058394827516071,1.491980194876055,0.7600459048333335,1.5664146326400161,2.2983489226827376,False,False
1,2,238,2,-0.39285714299999996,0.10714285700000001,1.7422819331676527,1.2657897185427216,0.38728057150000017,0.4764922146249311,1.3550013616676524,False,False
1,2,248,3,-5.321928,0.0,1.4040613397743016,3.6632811384572777,4.541790285499999,-2.259219798682976,-3.137728945725698,True,True
1,2,271,2,-0.5,0.5,0.32504446981581503,1.1586468615427217,0.5,-0.8336023917269066,-0.17495553018418497,True,True
1,2,272,3,-4.655261333333333,0.9428090415820631,3.9514372608035253,2.996614471790611,3.875123618833333,0.9548227890129142,0.07631364197019241,False,False
1,2,274,6,-0.7203213333333333,1.2194280556647128,0.7669520758613063,1.4927525743618144,0.9803672381666669,-0.7258004985005081,-0.21341516230536062,True,True
1,2,282,3,-2.160964,2.284838347206209,0.9552320569896114,1.9398702871809073,1.9009180951666664,-0.9846382301912958,-0.945686038177055,True,True
1,2,286,3,-4.298118476333333,1.397681916424883,3.8637048696139265,2.6394716147906117,3.5179807618333334,1.2242332548233148,0.34572410778059304,False,False
1,3,24,4,-1.267982,1.2162023092281975,0.8585829367279159,1.2069814414055555,0.8929820000000002,-0.34839850467763966,-0.03439906327208431,True,True
1,3,36,4,0.0,0.0,1.1591782621408215,1.6279988828111112,0.7968043810000001,-0.4688206206702896,0.3623738811408215,True,False
1,3,37,4,0.20833333325,0.21650635089799714,2.4838567767779725,1.8363322160611113,1.00513771425,0.6475245607168612,1.4787190625279725,False,False
1,3,58,5,-0.25,0.3872983346207417,2.2539601402573153,1.3779988828111112,0.6280826286,0.8759612574462041,1.6258775116573152,False,False
1,3,72,4,-2.160964,2.273711813158387,1.0880313517102989,2.160964,2.160964,-1.072932648289701,-1.072932648289701,True,True
1,3,74,3,-3.4646186666666665,1.9624586414429788,1.127037285539089,2.421952372396296,2.6990172063333326,-1.294915086857207,-1.5719799207942435,True,True
1,3,77,5,-1.7287712,1.9885179387986824,1.649676999300219,1.654370976562222,1.5694103238000001,-0.004693977262003157,0.08026667550021882,True,False
1,3,79,2,-2.821928,0.5,2.8943544343523007,1.193929117188889,2.0251236190000004,1.7004253171634116,0.8692308153523003,False,False
1,3,81,5,-1.2921719734,1.6149276772961119,1.1249714192822147,1.4133985562866667,1.2074685827999998,-0.288427137004452,-0.08249716351778513,True,True
1,3,86,3,-0.16666666666666666,0.6236095644623235,0.7128453884930499,1.4613322161444444,0.7656014603333334,-0.7484868276513945,-0.052756071840283525,True,True
1,3,95,3,-3.4885946666666663,1.312334645668635,1.8128227371542482,1.8605957838555556,2.6917902856666664,-0.04777304670130733,-0.8789675485124182,True,True
1,3,116,4,-0.83190766675,0.5989499958667611,0.41982081977568364,0.8125737746555557,0.49857433325000006,-0.39275295487987205,-0.07875351347431642,True,True
1,3,124,5,-2.2787712,2.4897527734544567,1.1994249089949902,2.3043709765622222,2.1381320761999993,-1.104946067567232,-0.9387071672050091,True,True
1,3,126,5,-1.6121045332000001,1.540177156454791,0.8863214433759715,1.3710376433622222,1.204798743,-0.4847161999862507,-0.3184772996240285,True,True
1,3,130,4,-4.571928,0.8291561975888498,3.4970908523386375,2.9439291171888886,3.7751236189999995,0.5531617351497489,-0.278032766661362,False,True
1,3,158,3,-1.3295315556666667,1.5103370788814672,1.334428815858324,1.4277534052703704,1.2861523173333334,-0.09332458941204647,0.04827649852499061,True,False
1,3,167,4,-2.660964,2.660964,2.12416331930151,2.660964,2.6609639999999994,-0.53680068069849,-0.5368006806984895,True,True
1,3,173,4,0.20833333325,0.12499999991666667,0.8475038713961804,1.8363322160611113,1.00513771425,-0.9888283446649309,-0.15763384285381954,True,True
1,3,181,2,-4.321928,0.9999999999999998,2.4375368810027838,2.6939291171888886,3.525123619,-0.25639223618610485,-1.0875867379972162,True,True
1,3,182,5,0.0,0.6324555320336759,1.2739982871646909,1.6279988828111112,0.8780826286000002,-0.3540005956464203,0.3959156585646907,True,False
1,3,184,5,-1.9221045334,2.2453834059542137,1.2579296800883342,2.0610376431622224,1.8960769903999999,-0.8031079630738882,-0.6381473103116657,True,True
1,3,185,1,-3.321928,0.0,2.2003863349089516,1.693929117188889,2.5251236190000004,0.5064572177200626,-0.32473728409104874,False,True
1,3,186,5,0.009999999999999998,0.14282856857085702,1.7437792356496922,1.637998882811111,0.8068043810000001,0.10578035283858123,0.9369748546496921,False,False
1,3,187,4,-2.435964,2.0144751696896144,1.6624252553714716,1.885964,1.885964,-0.2235387446285284,-0.2235387446285284,True,True
1,3,195,4,-0.830482,0.9529622536973855,0.6577109788567822,1.1444814414055555,0.8304820000000002,-0.4867704625487733,-0.17277102114321796,True,True
1,3,199,3,0.055555555666666666,0.07856742028897344,1.5364470641149506,1.6835544384777776,0.8523599366666668,-0.14710737436282706,0.6840871274482838,True,False
1,3,204,3,-0.3555555556666667,0.2739739558136823,0.35770262245206697,1.2724433271444446,0.44124882533333337,-0.9147407046923777,-0.08354620288126641,True,True
1,3,207,4,-0.375,0.414578098794425,0.4079615283229529,1.2529988828111112,0.5234021905,-0.8450373544881582,-0.11544066217704713,True,True
1,3,211,4,-0.75,0.4330127018922193,0.6001433868420425,0.8779988828111112,0.35159780949999997,-0.27785549596906867,0.24854557734204252,True,False
1,3,219,5,-2.1931567999999997,1.4181631192934614,1.228955901575773,1.467557023437778,1.7150741714000002,-0.238601121862005,-0.48611826982422723,True,True
1,3,222,2,0.0625,0.0625,1.6663708239158557,1.6904988828111112,0.8593043810000001,-0.02412805889525549,0.8070664429158556,True,False
1,3,227,4,-5.321928,0.0,1.9069931166908451,3.6939291171888886,4.5251236189999995,-1.7869360004980435,-2.618130502309154,True,True
1,3,230,5,-3.7914459999999996,1.9004892121708028,2.4801869499943976,2.414646670313333,2.9946416190000003,0.06554027968106446,-0.5144546690056027,False,True
1,3,232,2,-5.321928,0.0,5.486562604818133,3.6939291171888886,4.5251236189999995,1.792633487629244,0.9614389858181331,False,False
1,3,242,4,-1.8882450667500001,1.9930128611688258,1.3159414324892638,1.5867183746555553,1.30491173325,-0.27077694216629156,0.01102969923926378,True,False
1,3,246,3,0.0,0.0,0.4692733926331876,1.6279988828111112,0.796804381,-1.1587254901779236,-0.3275309883668123,True,True
1,3,249,4,-1.09532133325,0.4975739170893834,0.47268020880002004,0.6593207746555556,0.44691914274999994,-0.18664056585553557,0.0257610660500201,True,False
1,3,254,2,-0.75,0.25,2.1188591744920786,0.8779988828111112,0.25,1.2408602916809675,1.8688591744920786,False,False
1,3,256,4,-2.410964,2.4367493529897573,1.3300457902186416,2.410964,2.4109639999999994,-1.0809182097813583,-1.0809182097813579,True,True
1,3,259,3,-1.773976,1.0945673561512788,0.7761259325278868,0.9833089609370371,0.977171619,-0.20718302840915037,-0.2010456864721133,True,True
1,3,260,5,-4.2575424,2.1287712,2.84137177878552,3.2807430703133336,3.7794597714,-0.4393712915278134,-0.9380879926144798,True,True
1,3,265,4,-0.0625,0.10825317547305482,2.8637717823367255,1.5654988828111112,0.7343043810000001,1.2982728995256143,2.1294674013367256,False,False
1,4,28,3,-0.7005355556666667,0.9907068837483723,1.149458539078599,1.261676813238478,1.033868889,-0.11221827415987895,0.1155896500785989,True,False
1,4,29,2,-0.25,0.25,2.825772290459026,1.433423772715434,0.75,1.392348517743592,2.075772290459026,False,False
1,4,31,3,-0.111111111,0.1571348401065424,0.3688615287085552,1.572312661715434,0.888888889,-1.2034511330068787,-0.5200273602914447,True,True
1,4,35,4,-2.201205,0.8238790681228647,2.008919713647497,0.859493113642283,1.201205,1.1494266000052142,0.8077147136474971,False,False
1,4,47,4,-1.455482,2.2416069140177095,1.1557269769964422,2.047193886357717,1.705482,-0.8914669093612748,-0.5497550230035577,True,True
1,4,60,6,-0.027777777833333333,0.24374901067858742,1.4791989511267676,1.6556459948821007,0.9722222221666668,-0.17644704375533315,0.5069767289601008,True,False
1,4,61,5,0.0,0.0,0.473307001801372,1.6834237727154338,1.0,-1.2101167709140617,-0.526692998198628,True,True
1,4,66,6,-2.0840552,2.3463904101140542,0.9883399903426483,2.025038057571811,1.9734871999999999,-1.036698067229163,-0.9851472096573516,True,True
1,4,67,5,-1.9621045333999998,1.7977452944904475,0.9599857664508906,1.4321226211430866,1.2954378666,-0.472136854692196,-0.3354521001491093,True,True
1,4,71,4,-5.196928,0.21650635094610965,4.820967408141112,3.5135042272845656,4.196928,1.307463180856546,0.6240394081411118,False,False
1,4,73,2,-1.0,0.0,3.683101255703325,0.683423772715434,0.0,2.9996774829878907,3.683101255703325,False,False
1,4,76,5,-2.6931567999999997,1.864288666737037,1.5529516422734055,1.7564720454569134,1.8931567999999999,-0.20352040318350784,-0.3402051577265943,True,True
1,4,78,3,-0.636988,0.5841113686230278,0.4595878084185338,1.0464357727154339,0.636988,-0.5868479642969,-0.1774001915814662,True,True
1,4,88,3,-0.2381285333333333,0.1897703790768435,0.554858492873933,1.4452952393821006,0.7618714666666667,-0.8904367465081676,-0.20701297379273376,True,True
1,4,89,4,-1.5131025,0.7108371275269393,0.836223286595796,0.6895733863577171,0.5131025,0.1466499002380789,0.323120786595796,False,False
1,4,93,4,-0.62214866675,1.2773128917690528,1.094348625390032,1.6305272196077172,1.28881533325,-0.5361785942176851,-0.194466707859968,True,True
1,4,101,4,-1.9138153332499999,1.9758925554000686,1.2142931632727458,1.588860553107717,1.24714866675,-0.37456738983497107,-0.03285550347725419,True,True
1,4,113,3,-0.1777777776666667,0.13698697771758284,0.7647594238553775,1.5056459950487675,0.8222222223333334,-0.74088657119339,-0.05746279847795588,True,True
1,4,117,3,-1.773976,2.5087809185243732,1.4824668419491942,2.3351172575718113,2.1073093333333333,-0.8526504156226171,-0.624842491384139,True,True
1,4,149,5,-0.43571428579999993,0.3307381972207267,1.1304594859389585,1.2477094869154342,0.5642857142000001,-0.11725000097647564,0.5661737717389584,True,False
1,4,150,4,-0.41666666674999997,0.5951190356068832,1.2000472781554978,1.2667571059654341,0.58333333325,-0.06670982780993628,0.6167139449054978,True,False
1,4,153,4,0.0,0.23570226015981358,0.34400999997059545,1.683423772715434,1.0,-1.3394137727448385,-0.6559900000294046,True,True
1,4,157,5,-0.2,0.4,1.2504480795808095,1.483423772715434,0.8,-0.23297569313462452,0.45044807958080946,True,False
1,4,164,4,-5.321928,0.0,3.838198794658715,3.6385042272845656,4.321928,0.19969456737414948,-0.4837292053412847,False,True
1,4,169,4,0.0,0.0,0.22307687890947675,1.683423772715434,1.0,-1.4603468938059572,-0.7769231210905232,True,True
1,4,170,4,-0.46983076175000005,0.4758085610138677,0.5328224971261745,1.213593010965434,0.55316409525,-0.6807705138392596,-0.02034159812382552,True,True
1,4,174,2,-1.910964,1.910964,1.7027302917816776,1.9109640000000003,1.910964,-0.20823370821832277,-0.20823370821832254,True,True
1,4,175,3,-0.886988,1.6208485712597172,1.4210639950089232,1.7814625909051447,1.5536546666666666,-0.3603985958962215,-0.1325906716577434,True,True
1,4,178,5,-3.0175424,1.7095000830504337,1.8765444586605444,2.0074881363707395,2.4175424,-0.1309436777101951,-0.5409979413394554,True,True
1,4,179,6,-4.046051111166666,2.0000079611224355,3.777393753744832,2.9237685960230437,3.3793844445,0.8536251577217882,0.398009309244832,False,False
1,4,180,5,0.15,0.43588989435406733,1.1908752165005663,1.8334237727154339,1.15,-0.6425485562148676,0.04087521650056636,True,False
1,4,189,4,-1.455482,2.2416069140177095,1.2066092269146411,2.047193886357717,1.705482,-0.8405846594430759,-0.4988727730853588,True,True
1,4,193,4,0.0,0.23570226015981358,0.6907389784473719,1.6834237727154342,1.0,-0.9926847942680623,-0.30926102155262813,True,True
1,4,205,2,-2.9942973335,2.3276306664999997,1.9519173425663086,2.3276306664999997,2.3276306664999997,-0.37571332393369117,-0.37571332393369117,True,True
1,4,220,4,-3.7281779999999998,0.3890593624371477,2.9960782266559876,2.044754227284566,2.7281779999999998,0.9513239993714215,0.2679002266559878,False,False
1,4,223,5,-2.83466528,1.7554340381320153,1.0354425924137822,1.8246110163707392,2.2346652799999998,-0.789168423956957,-1.1992226875862175,True,True
1,4,224,3,-2.863400444333333,1.7908685687494315,2.1405343307218616,1.5640529647615218,1.8634004443333332,0.5764813659603398,0.2771338863885284,False,False
1,4,257,4,-1.892982,2.0032407636058127,0.35663582178335773,1.609693886357717,1.267982,-1.2530580645743594,-0.9113461782166422,True,True
1,4,264,5,-1.4187712,1.079012500819226,0.36619862609470893,1.0554559545430868,0.9187712000000001,-0.6892573284483778,-0.5525725739052911,True,True
1,4,266,4,-0.125,0.21650635094610965,1.2582608564002722,1.558423772715434,0.875,-0.3001629163151618,0.3832608564002722,True,False
1,4,267,3,-0.44444444433333335,0.41573970967124474,0.21157371037979522,1.2389793283821007,0.5555555556666666,-1.0274056180023055,-0.34398184528687137,True,True
1,4,270,4,-0.3125,0.2072890493972125,0.9721114786955015,1.370923772715434,0.6875,-0.39881229401993246,0.2846114786955015,True,False
1,5,44,4,-2.826205,1.9032284331868836,1.9123625186938162,2.0220023050868545,2.4928716665,-0.10963978639303829,-0.5805091478061839,True,True
1,5,50,4,0.125,0.21650635094610965,1.720903520607683,1.7334053898262907,0.7916666669999999,-0.01250186921860763,0.9292368536076832,True,False
1,5,53,3,0.3333333333333333,0.4714045207910317,0.7751258923211459,1.9417387231596244,1.0000000003333334,-1.1666128308384784,-0.22487410801218743,True,True
1,5,55,3,-2.2442973333333334,2.3118252158023442,1.1986330740953435,1.874828870057903,2.1887417776666664,-0.6761957959625595,-0.990108703571323,True,True
1,5,59,4,-3.14620790475,1.8170164157535758,1.338200922202183,2.1991480668368544,2.67001742825,-0.8609471446346715,-1.331816506047817,True,True
1,5,63,2,-0.8036546665,0.8036546665,1.6444798410997978,0.8047507233262909,0.8036546665,0.8397291177735069,0.8408251745997979,False,False
1,5,64,6,-3.9627177778333333,1.6998403606550223,3.057680719720711,2.6682252956158066,3.2960511108333335,0.3894554241049044,-0.23837039111262248,False,True
1,5,75,3,-3.991446,1.88158568889328,3.18545148354576,2.568322870057903,3.324779333,0.6171286134878571,-0.13932784945424004,False,True
1,5,83,3,-2.821928,0.7071067811865476,1.047183492409624,1.213522610173709,2.1552613330000003,-0.16633911776408516,-1.1080778405903764,True,True
1,5,85,4,-1.05222899975,0.7231034959767441,2.1147347827821474,0.71889566675,0.7188956667499999,1.3958391160321475,1.3958391160321475,False,False
1,5,108,2,0.0,0.0,0.32719917910011703,1.6084053898262909,0.666666667,-1.281206210726174,-0.33946748789988296,True,True
1,5,112,3,0.0,0.0,1.0253486588178036,1.6084053898262909,0.666666667,-0.5830567310084873,0.3586819918178036,True,False
1,5,115,4,-1.49714866675,0.8610867497261283,0.5315584647045104,0.8013513616631454,0.8304819997500001,-0.26979289695863495,-0.29892353504548974,True,True
1,5,118,3,0.0,0.0,0.34544806636440667,1.6084053898262909,0.666666667,-1.2629573234618843,-0.3212186006355933,True,True
1,5,128,4,-4.781687,0.9357248603318178,3.1396723780000126,3.173281610173709,4.1150203329999995,-0.03360923217369649,-0.9753479549999868,True,True
1,5,131,4,-2.451205,2.0415886507548477,1.7264706727777692,1.870723,2.1178716665,-0.1442523272222307,-0.3914009937222309,True,True
1,5,134,2,-4.321928,0.0,3.8721967714573546,2.713522610173709,3.655261333,1.1586741612836455,0.21693543845735475,False,False
1,5,142,3,-3.9885946666666663,0.9428090415820631,1.519572977109869,2.380189276840376,3.3219279996666664,-0.8606162997305071,-1.8023550225567975,True,True
1,5,145,4,-0.2,0.46904157598234303,0.7250779523469437,1.408405389826291,0.6333333335,-0.6833274374793472,0.09174461884694374,True,False
1,5,147,3,-0.5833333333333334,0.42491829279939874,0.6188327999118747,1.0250720564929576,0.36111111100000004,-0.40623925658108295,0.25772168891187464,True,False
1,5,148,2,0.125,0.125,1.8547211592601967,1.7334053898262909,0.791666667,0.12131576943390576,1.0630544922601968,False,False
1,5,151,4,-0.125,0.21650635094610965,0.13454585069112007,1.4834053898262909,0.541666667,-1.3488595391351708,-0.4071208163088799,True,True
1,5,159,3,-1.3716949333333333,0.9936666067605753,1.0308034413677478,0.8355598033912365,1.149472711,0.19524363797651134,-0.11866926963225222,False,True
1,5,163,2,-0.722222222,0.27777777800000003,4.172845514412131,0.8861831678262909,0.27777777800000003,3.28666234658584,3.8950677364121313,False,False
1,5,177,6,-5.155261333333333,0.372677996249965,3.0150194390141265,3.546855943507042,4.4885946663333325,-0.5318365044929156,-1.473575227319206,True,True
1,5,191,2,-2.910964,2.410964,1.153967602452927,2.410964,2.410964,-1.2569963975470728,-1.2569963975470728,True,True
1,5,198,4,-0.78282133325,0.7332287407411978,1.765699271733889,0.9620240281631455,0.6578213332499999,0.8036752435707436,1.107877938483889,False,False
1,5,202,3,-1.854190222333333,1.8690861215555998,1.5212942207092695,1.563230240942097,1.7653013333333334,-0.04193602023282761,-0.24400711262406394,True,True
1,5,203,4,-0.24857433325000003,0.5311446108599241,0.4475224550204197,1.3598310565762908,0.66524100025,-0.912308601555871,-0.21771854522958028,True,True
1,5,214,6,-1.8434204444999998,1.5368286668793751,0.8624904094775001,1.1573333521087636,1.1767537775,-0.29484294263126354,-0.3142633680225,True,True
1,5,229,3,-2.2739759999999998,1.8016741373378262,1.3330789464072703,1.4767777966087634,1.6073093329999997,-0.1436988502014931,-0.27423038659272936,True,True
1,5,231,3,-3.6552613333333333,0.6236095644623234,3.1891386489114084,2.0468559435070426,2.988594666333334,1.1422827054043658,0.2005439825780746,False,False
1,5,234,3,-5.321928,0.0,3.8038392391039566,3.7135226101737095,4.6552613329999994,0.09031662893024706,-0.8514220938960428,False,True
1,5,251,3,-1.4406426666666665,1.39150419308539,1.3273229591233806,1.310111129942097,1.2184204443333335,0.0172118291812835,0.10890251479004709,False,False
1,5,252,5,-0.21904761920000002,0.45932021145559226,1.1306050931844274,1.3893577706262907,0.580952381,-0.25875267744186337,0.5496527121844274,True,False
1,5,261,5,-2.025740897,2.558277597572977,1.6697196621987622,2.4201492477652584,2.2318015032,-0.7504295855664962,-0.5620818410012376,True,True
1,5,262,4,-0.25,0.4330127018922193,1.6859899471690563,1.3584053898262909,0.5833333335,0.32758455734276537,1.102656613669056,False,False
1,5,268,5,-0.9084498668000001,0.59173866257548,0.5945443095320682,0.7209789670957746,0.5084498666,-0.12643465756370642,0.08609444293206814,True,False
1,5,277,4,-0.31506885725,0.32823207822585326,0.47582028932697507,1.2933365325762909,0.39840219075000005,-0.8175162432493158,0.07741809857697501,True,False
1,5,280,3,-0.055555555666666666,0.07856742028897344,0.26460981579493575,1.5528498341596242,0.6111111113333333,-1.2882400183646885,-0.34650129553839754,True,True
1,5,281,3,-1.1073093333333335,1.5659718769423103,0.5433898142059393,1.6434444632754304,1.3295315556666667,-1.1000546490694911,-0.7861417414607274,True,True
1,5,284,4,-0.125,0.5448623679425842,0.732323246662762,1.4834053898262909,0.7083333334999999,-0.7510821431635288,0.02398991316276211,True,False
2,1,36,4,0.0,0.0,1.2980808566778563,1.5143395206899841,0.610160667,-0.2162586640121278,0.6879201896778563,True,False
2,1,37,4,0.20833333325,0.21650635089799714,0.8221983405848138,1.722672853939984,0.8184940002500002,-0.9004745133551703,0.003704340334813594,True,False
2,1,44,4,-2.826205,1.9032284331868836,1.2994308664333682,2.0690352396550082,2.5211246665,-0.76960437322164,-1.2216938000666318,True,True
2,1,59,4,-3.14620790475,1.8170164157535758,1.320135516965883,2.2461810014050076,2.69827042825,-0.9260454844391246,-1.3781349112841168,True,True
2,1,65,3,-3.7951006666666665,0.7450463598288514,1.689947300517038,2.2807611459766823,3.1849399996666663,-0.5908138454596443,-1.4949926991496283,True,True
2,1,66,6,-2.0840552,2.3463904101140542,1.000970656061486,1.9734871999999999,1.9734871999999999,-0.9725165439385139,-0.9725165439385139,True,True
2,1,71,4,-5.196928,0.21650635094610965,5.147749044318978,3.6825884793100157,4.586767333,1.4651605650089623,0.5609817113189779,False,False
2,1,72,4,-2.160964,2.273711813158387,1.151047947786811,2.160964,2.1609640000000003,-1.009916052213189,-1.0099160522131894,True,True
2,1,93,4,-0.62214866675,1.2773128917690528,2.1674871087477605,1.5459850935949921,1.09389566675,0.6215020151527684,1.0735914419977606,False,False
2,1,94,5,-0.2,0.4,0.5427758191501952,1.3143395206899842,0.5660964002,-0.7715637015397889,-0.023320581049804723,True,True
2,1,95,3,-3.4885946666666663,1.312334645668635,1.2918904856172242,1.9742551459766826,2.8784339996666666,-0.6823646603594584,-1.5865435140494424,True,True
2,1,98,3,0.0,0.0,0.24926250421623675,1.5143395206899841,0.610160667,-1.2650770164737475,-0.3608981627837633,True,True
2,1,104,3,-4.210816889,1.3425606637970995,1.5113281128855949,2.6964773683100156,3.600656222,-1.1851492554244207,-2.089328109114405,True,True
2,1,105,5,-2.3123376,0.4769308273091623,1.703794962993015,0.8274768207860097,1.702176933,0.8763181422070052,0.0016180299930148578,False,False
2,1,123,5,-1.9379691428,1.2950585904843817,0.5372312936986877,1.0224411613379967,1.3278084758,-0.48520986763930896,-0.7905771821013122,True,True
2,1,124,5,-2.2787712,2.4897527734544567,1.52243657437821,2.2816391041379966,2.1008033334000005,-0.7592025297597866,-0.5783667590217905,True,True
2,1,130,4,-4.571928,0.8291561975888498,3.4813711722135885,3.0575884793100157,3.961767333,0.42378269290357284,-0.48039616078641156,False,True
2,1,134,2,-4.321928,0.0,4.301143289191933,2.8075884793100157,3.7117673329999996,1.4935548098819176,0.5893759561919336,False,False
2,1,136,3,-5.321928,0.0,2.170732621038163,3.807588479310015,4.711767333,-1.6368558582718524,-2.5410347119618373,True,True
2,1,143,4,-1.8142170000000002,0.8953897712655348,0.8998831608154417,0.8142170000000001,1.204056333,0.08566616081544165,-0.3041731721845583,False,True
2,1,146,2,-4.321928,0.9999999999999998,1.8642881023119315,2.8075884793100157,3.711767333,-0.9433003769980841,-1.8474792306880685,True,True
2,1,148,2,0.125,0.125,0.48742305209774994,1.6393395206899841,0.735160667,-1.1519164685922343,-0.2477376149022501,True,True
2,1,149,5,-0.43571428579999993,0.3307381972207267,0.3583860889970997,1.078625234889984,0.33038211440000004,-0.7202391458928843,0.02800397459709969,True,False
2,1,150,4,-0.41666666674999997,0.5951190356068832,2.0111779953008746,1.0976728539399843,0.58333333325,0.9135051413608903,1.4278446620508745,False,False
2,1,168,5,-3.9575424,1.6505345382479701,3.550380006977167,2.6489386875860097,3.3473817329999997,0.9014413193911572,0.2029982739771672,False,False
2,1,175,3,-0.886988,1.6208485712597172,1.5174715061028854,1.725101173563328,1.4237082223333335,-0.20762966746044254,0.0937632837695519,True,False
2,1,187,4,-2.435964,2.0144751696896144,1.6004937034872944,1.8859640000000002,1.885964,-0.28547029651270583,-0.2854702965127056,True,True
2,1,190,5,-0.04,0.08,0.2573946013273638,1.474339520689984,0.570160667,-1.2169449193626203,-0.3127660656726362,True,True
2,1,191,2,-2.910964,2.410964,1.1892686915499397,2.410964,2.410964,-1.2216953084500601,-1.2216953084500601,True,True
2,1,203,4,-0.24857433325000003,0.5311446108599241,0.4775691718000312,1.2657651874399842,0.6369880002500001,-0.788196015639953,-0.1594188284499689,True,True
2,1,220,4,-3.7281779999999998,0.3890593624371477,2.846127225813778,2.213838479310016,3.118017333,0.6322887465037619,-0.2718901071862221,False,True
2,1,223,5,-2.83466528,1.7554340381320153,1.123261749249431,1.9260615675860098,2.4685688798000003,-0.8027998183365788,-1.3453071305505693,True,True
2,1,231,3,-3.6552613333333333,0.6236095644623234,2.6076866778638834,2.140921812643349,3.045100666333333,0.4667648652205343,-0.4374139884694497,False,True
2,1,245,3,-2.881285333333333,1.8082082990373523,1.7741942946108675,1.7098388264366722,2.2711246663333333,0.06435546817419535,-0.4969303717224658,False,True
2,1,248,3,-5.321928,0.0,2.873678714387024,3.807588479310015,4.711767333,-0.933909764922991,-1.838088618612976,True,True
2,1,253,4,-0.08333333325,0.1443375671530689,0.4336765740586596,1.4310061874399842,0.52682733375,-0.9973296133813245,-0.0931507596913404,True,True
2,1,256,4,-2.410964,2.4367493529897573,1.3810582784341583,2.410964,2.4109640000000003,-1.0299057215658416,-1.029905721565842,True,True
2,1,259,3,-1.773976,1.0945673561512788,0.40594639690707623,0.9454225068966614,1.1638153329999998,-0.5394761099895852,-0.7578689360929236,True,True
2,1,271,2,-0.5,0.5,0.4407297798982299,1.0143395206899841,0.5,-0.5736097407917542,-0.05927022010177008,True,True
2,1,274,6,-0.7203213333333333,1.2194280556647128,0.4736874732373719,1.3965476804599894,0.9237082223333332,-0.9228602072226175,-0.45002074909596124,True,True
2,1,284,4,-0.125,0.5448623679425842,0.5491484211873452,1.3893395206899841,0.6800803335000001,-0.8401910995026389,-0.13093191231265489,True,True
2,1,286,3,-4.298118476333333,1.397681916424883,3.793449307106122,2.783778955643349,3.6879578093333336,1.009670351462773,0.10549149777278855,False,False
2,2,25,5,-0.0333333334,0.0666666668,1.8124773102488227,1.6640213406240385,0.9666666665999999,0.14845596962478425,0.8458106436488229,False,False
2,2,35,4,-2.201205,0.8238790681228647,2.253990792823237,0.852527662987981,1.201205,1.4014631298352562,1.0527857928232371,False,False
2,2,38,4,-0.25,0.82915619758885,1.7495189572010625,1.4473546740240382,0.75,0.3021642831770244,0.9995189572010625,False,False
2,2,40,2,-1.2609640000000002,1.060964,1.1055358230686059,1.0609640000000002,1.0609640000000002,0.04457182306860563,0.04457182306860563,False,False
2,2,41,2,-0.5,0.5,0.3068726371810485,1.1973546740240384,0.5,-0.8904820368429899,-0.1931273628189515,True,True
2,2,45,5,-0.8643856,1.7287712,0.8673977097300272,1.882798404414423,1.4643856,-1.0154006946843959,-0.5969878902699728,True,True
2,2,55,3,-2.2442973333333334,2.3118252158023442,1.2501407062661782,1.8694395580080128,2.0776306666666664,-0.6192988517418345,-0.8274899604004882,True,True
2,2,58,5,-0.25,0.3872983346207417,0.8089071428397236,1.4473546740240384,0.75,-0.6384475311843147,0.05890714283972365,True,False
2,2,62,2,-0.5,0.5,0.5869070754310721,1.1973546740240384,0.5,-0.6104475985929663,0.08690707543107212,True,False
2,2,64,6,-3.9627177778333333,1.6998403606550223,2.9143696334317686,2.6089257728173076,3.073828888833333,0.30544386061446094,-0.15945925540156436,False,True
2,2,67,5,-1.9621045333999998,1.7977452944904475,1.0989453526309387,1.434908801404808,1.2954378666,-0.3359634487738692,-0.1964925139690612,True,True
2,2,78,3,-0.636988,0.5841113686230278,0.5794842065656299,1.0603666740240383,0.636988,-0.48088246745840835,-0.057503793434370065,True,True
2,2,85,4,-1.05222899975,0.7231034959767441,0.8419273389782592,0.7370910037620192,0.7188956667499999,0.10483633521624003,0.12303167222825928,False,False
2,2,87,4,-1.392982,1.7306043906600954,1.5956181329049632,1.6166593370120192,1.267982,-0.02104120410705601,0.3276361329049633,True,False
2,2,101,4,-1.9138153332499999,1.9758925554000686,1.3634199287930981,1.595826003762019,1.24714866675,-0.23240607496892096,0.11627126204309812,True,False
2,2,109,5,-0.1,0.2,0.2910872426133507,1.5973546740240383,0.9,-1.3062674314106877,-0.6089127573866493,True,True
2,2,112,3,0.0,0.0,0.6896393578667599,1.6973546740240384,1.0,-1.0077153161572785,-0.3103606421332401,True,True
2,2,118,3,0.0,0.0,0.5947725028360704,1.6973546740240384,1.0,-1.102582171187968,-0.4052274971639296,True,True
2,2,121,4,-4.696928,1.0825317547305482,0.7179674208681868,2.9995733259759616,3.6969279999999998,-2.281605905107775,-2.978960579131813,True,True
2,2,127,6,-0.0555555555,0.3142696804782498,1.1158564406295366,1.6417991185240384,0.9444444445000001,-0.5259426778945018,0.1714119961295365,True,False
2,2,152,6,-0.41476577783333335,0.8869683238709589,0.698537261101273,1.4907800048493591,1.0258768888333334,-0.7922427437480861,-0.3273396277320604,True,True
2,2,158,3,-1.3295315556666667,1.5103370788814672,1.2350025866157022,1.4508720023413462,1.2184204443333335,-0.215869415725644,0.01658214228236865,True,False
2,2,161,4,-1.9533435000000001,1.663547142280677,1.588263567364916,1.3700101665,1.3700101665000002,0.21825340086491596,0.21825340086491574,False,False
2,2,162,3,-1.2203213333333334,0.31158141768012354,0.913695731650923,0.477033340690705,0.22032133333333337,0.43666239096021797,0.6933743983175896,False,False
2,2,164,4,-5.321928,0.0,5.357797385708687,3.6245733259759616,4.321928,1.7332240597327253,1.0358693857086871,False,False
2,2,170,4,-0.46983076175000005,0.4758085610138677,0.4390594134191437,1.2275239122740382,0.55316409525,-0.7884644988548946,-0.11410468183085631,True,True
2,2,172,4,-0.03125,0.05412658773652741,1.4983955641011368,1.6661046740240384,0.96875,-0.16770910992290156,0.5296455641011368,True,False
2,2,179,6,-4.046051111166666,2.0000079611224355,3.453228476277829,2.9144813284839746,3.3793844445,0.5387471477938544,0.07384403177782906,False,False
2,2,182,5,0.0,0.6324555320336759,2.2655412405222877,1.6973546740240384,1.0,0.5681865664982493,1.2655412405222877,False,False
2,2,186,5,0.009999999999999998,0.14282856857085702,2.577558054044398,1.7073546740240384,1.01,0.8702033800203597,1.567558054044398,False,False
2,2,205,2,-2.9942973335,2.3276306664999997,1.9036678443905137,2.3276306665,2.3276306664999997,-0.42396282210948644,-0.423962822109486,True,True
2,2,211,4,-0.75,0.4330127018922193,0.5749537379686076,0.9473546740240384,0.25,-0.3724009360554308,0.3249537379686076,True,False
2,2,212,2,-2.3247793335,0.6638153335,0.9342821822265198,0.6638153335,1.3247793335,0.2704668487265198,-0.39049715127348017,False,True
2,2,213,3,-0.16666666666666666,0.23570226039551584,0.9194931451789884,1.5306880073573719,0.8333333333333334,-0.6111948621783835,0.08615981184565502,True,False
2,2,225,5,0.0,0.6324555320336759,1.0800806267530205,1.6973546740240384,1.0,-0.6172740472710179,0.08008062675302052,True,False
2,2,230,5,-3.7914459999999996,1.9004892121708028,2.128463134612217,2.3730331955855766,2.7914459999999996,-0.24457006097335965,-0.6629828653877827,True,True
2,2,241,3,-3.8774835556666667,0.4157397096712446,3.3740490239474377,2.1801288816426285,2.8774835556666667,1.1939201423048091,0.49656546828077097,False,False
2,2,249,4,-1.09532133325,0.4975739170893834,0.41587870913819414,0.6939986702620191,0.34532133325,-0.278119961123825,0.07055737588819416,True,False
2,2,264,5,-1.4187712,1.079012500819226,0.72290146878884,1.0582421348048077,0.9187712000000001,-0.3353406660159677,-0.19586973121116014,True,True
2,2,270,4,-0.3125,0.2072890493972125,1.1182888155286266,1.3848546740240384,0.6875,-0.2665658584954118,0.4307888155286266,True,False
2,2,276,1,-0.5,0.0,0.1824439929591123,1.1973546740240384,0.5,-1.0149106810649262,-0.3175560070408877,True,True
2,2,282,3,-2.160964,2.284838347206209,1.3146804293584649,1.952772891341346,1.8276306666666666,-0.6380924619828812,-0.5129502373082018,True,True
2,3,24,4,-1.267982,1.2162023092281975,0.6101407694965828,1.2478435843434021,0.892982,-0.6377028148468193,-0.28284123050341725,True,True
2,3,27,6,-1.4942973333333336,0.8922351884555005,0.5307090157171375,0.8276306666666668,0.8276306666666668,-0.2969216509495294,-0.2969216509495294,True,True
2,3,31,3,-0.111111111,0.1571348401065424,0.31097425548837704,1.5986120576868046,0.888888889,-1.2876378021984276,-0.577914633511623,True,True
2,3,32,6,-0.13888888883333333,0.20222527464881865,0.6695642443587158,1.570834279853471,0.8611111111666666,-0.9012700354947552,-0.19154686680795086,True,True
2,3,50,4,0.125,0.21650635094610965,1.565161733203601,1.8347231686868044,1.125,-0.26956143548320344,0.44016173320360097,True,False
2,3,53,3,0.3333333333333333,0.4714045207910317,0.7262772621413682,2.043056502020138,1.3333333333333333,-1.3167792398787697,-0.607056071191965,True,True
2,3,61,5,0.0,0.0,0.8642086382412486,1.7097231686868042,1.0,-0.8455145304455556,-0.1357913617587514,True,True
2,3,73,2,-1.0,0.0,2.1697442179905497,0.7097231686868044,0.0,1.4600210493037453,2.1697442179905497,False,False
2,3,81,5,-1.2921719734,1.6149276772961119,0.9010449608060636,1.4624331278120823,1.2481077066000001,-0.5613881670060188,-0.3470627457939366,True,True
2,3,82,5,-1.7931568000000002,1.1611070893436832,0.6228021200832465,1.0512121662626392,1.1931568000000001,-0.4284100461793927,-0.5703546799167536,True,True
2,3,83,3,-2.821928,0.7071067811865476,0.7519527177530093,1.1122048313131958,1.8219280000000004,-0.3602521135601865,-1.069975282246991,True,True
2,3,86,3,-0.16666666666666666,0.6236095644623235,0.5705822660452412,1.5430565020201377,0.8333333333333334,-0.9724742359748965,-0.26275106728809217,True,True
2,3,108,2,0.0,0.0,0.2916644597893207,1.7097231686868044,1.0,-1.4180587088974836,-0.7083355402106792,True,True
2,3,111,4,-0.20833333325,0.21650635089799714,0.6743387724727353,1.5013898354368045,0.79166666675,-0.8270510629640692,-0.11732789427726464,True,True
2,3,113,3,-0.1777777776666667,0.13698697771758284,0.9156668325207927,1.5319453910201375,0.8222222223333334,-0.6162785584993448,0.09344461018745931,True,False
2,3,116,4,-0.83190766675,0.5989499958667611,1.816449617915433,0.8778155019368044,0.49857433325000006,0.9386341159786287,1.317875284665433,False,False
2,3,119,3,-1.1073093333333335,0.9509552667577075,0.9485870580665033,1.0105503895622683,0.7739760000000001,-0.06196333149576494,0.17461105806650323,True,False
2,3,122,5,-0.1833333334,0.2603416559873241,1.654305858744932,1.5263898352868044,0.8166666666,0.12791602345812758,0.837639192144932,False,False
2,3,128,4,-4.781687,0.9357248603318178,2.6497713345460783,3.0719638313131954,3.781687,-0.4221924967671171,-1.1319156654539215,True,True
2,3,137,4,-3.28311266675,2.2205643179545405,1.0571919622372308,2.4282510824065975,2.78311266675,-1.3710591201693667,-1.7259207045127694,True,True
2,3,145,4,-0.2,0.46904157598234303,0.7904605498678929,1.5097231686868045,0.8,-0.7192626188189115,-0.009539450132107108,True,True
2,3,167,4,-2.660964,2.660964,2.3470582794394854,2.660964,2.660964,-0.31390572056051447,-0.31390572056051447,True,True
2,3,169,4,0.0,0.0,0.4697245877778423,1.7097231686868044,1.0,-1.2399985809089622,-0.5302754122221577,True,True
2,3,173,4,0.20833333325,0.12499999991666667,1.367957530413483,1.9180565019368043,1.2083333332500001,-0.5500989715233213,0.15962419716348286,True,False
2,3,177,6,-5.155261333333333,0.372677996249965,3.232087127110521,3.445538164646529,4.155261333333333,-0.2134510375360077,-0.9231742062228117,True,True
2,3,183,4,0.0,0.0,1.5557668731466618,1.7097231686868044,1.0,-0.15395629554014256,0.5557668731466618,True,False
2,3,189,4,-1.455482,2.2416069140177095,1.458771988755179,2.060343584343402,1.705482,-0.601571595588223,-0.24671001124482084,True,True
2,3,202,3,-1.854190222333333,1.8690861215555998,1.5170681543326736,1.5970028338956013,1.6541902223333331,-0.07993467956292766,-0.1371220680006595,True,True
2,3,204,3,-0.3555555556666667,0.2739739558136823,0.4222366259539265,1.3541676130201379,0.6444444443333334,-0.9319309870662114,-0.22220781837940684,True,True
2,3,206,5,-0.26666666660000005,0.3887301263115868,1.1701371454967986,1.4430565020868042,0.7333333334,-0.27291935659000566,0.43680381209679864,True,False
2,3,208,2,-4.1552613335,1.1666666664999998,1.2710138589711546,2.4455381648131955,3.1552613335,-1.174524305842041,-1.8842474745288453,True,True
2,3,209,3,-3.547952,2.5087809185243732,3.427540986161438,2.9780442771043987,3.2146186666666665,0.4494967090570392,0.21292231949477136,False,False
2,3,214,6,-1.8434204444999998,1.5368286668793751,0.4950148875815581,1.191105945062268,0.9545315554999999,-0.69609105748071,-0.4595166679184418,True,True
2,3,215,3,-2.7682733333333336,0.7829859384711552,1.4751804429501345,1.0910562771043988,1.7682733333333338,0.3841241658457357,-0.2930928903831993,False,True
2,3,226,2,0.0,0.0,2.6027346430088616,1.7097231686868044,1.0,0.8930114743220572,1.6027346430088616,False,False
2,3,229,3,-2.2739759999999998,1.8016741373378262,0.49541743632133134,1.510550389562268,1.273976,-1.0151329532409368,-0.7785585636786687,True,True
2,3,232,2,-5.321928,0.0,5.400617157263438,3.6122048313131954,4.321928,1.788412325950243,1.0786891572634385,False,False
2,3,251,3,-1.4406426666666665,1.39150419308539,1.423777531248648,1.3438837228956018,1.1073093333333335,0.07989380835304627,0.31646819791531455,False,False
2,3,267,3,-0.44444444433333335,0.41573970967124474,0.6763064396926239,1.265278724353471,0.5555555556666666,-0.5889722846608472,0.12075088402595735,True,False
2,3,268,5,-0.9084498668000001,0.59173866257548,0.5779317958775969,0.8012733018868043,0.5751165332,-0.22334150600920744,0.002815262677596908,True,False
2,3,269,5,-0.15,0.19999999999999998,2.4232094817653573,1.5597231686868045,0.85,0.8634863130785528,1.5732094817653572,False,False
2,3,275,3,-3.2146186666666665,2.3094486902088898,2.0027602979775008,2.644710943771065,2.881285333333333,-0.6419506457935644,-0.8785250353558323,True,True
2,4,28,3,-0.7005355556666667,0.9907068837483723,1.2867637763055457,1.2423098255453124,0.9522481271666666,0.044453950760233285,0.3345156491388791,False,False
2,4,29,2,-0.25,0.25,2.5233814637441023,1.3753228096359376,0.5051377145,1.1480586541081648,2.0182437492441023,False,False
2,4,46,4,-0.767982,0.9768426753661229,0.8118702903209996,1.2056434048179687,0.77055085725,-0.39377311449696917,0.0413194330709995,True,False
2,4,47,4,-1.455482,2.2416069140177095,1.112502687641638,2.0181434048179687,1.58305085725,-0.9056407171763308,-0.470548169608362,True,True
2,4,51,5,-0.8251498286000001,0.849144747565817,0.644363711997909,1.0788150571815625,0.7190345143000001,-0.43445134518365347,-0.07467080230209111,True,True
2,4,52,4,-1.05365466675,0.7006752480944083,0.8719172253731997,0.8663160715679687,0.55365466675,0.005601153805230963,0.31826255862319974,False,False
2,4,56,3,-0.16666666666666666,0.23570226039551584,2.7866958464362077,1.4586561429692708,0.5884710478333334,1.328039703466937,2.1982247986028742,False,False
2,4,63,2,-0.8036546665,0.8036546665,2.3513188505629086,0.8216681431359376,0.8036546665,1.529650707426971,1.5476641840629086,False,False
2,4,68,4,-5.321928,0.0,4.781191738536249,3.696605190364062,4.5667902855,1.0845865481721866,0.21440145303624902,False,False
2,4,74,3,-3.4646186666666665,1.9624586414429788,0.7990059534271138,2.4228443967880207,2.7129060951666664,-1.6238384433609068,-1.9139001417395525,True,True
2,4,77,5,-1.7287712,1.9885179387986824,2.445500462471869,1.6538357619271875,1.5777436570999999,0.7916647005446813,0.8677568053718689,False,False
2,4,80,3,-1.662864889,2.590924534528549,1.7406268700197216,2.426861380878646,2.1367996825,-0.6862345108589245,-0.39617281248027836,True,True
2,4,100,4,-0.580482,1.0054243168791972,0.49318393291117485,1.3931434048179687,0.95805085725,-0.8999594719067938,-0.4648669243388252,True,True
2,4,107,3,-0.7024364443333334,0.5219906259617065,0.272794145350566,0.9228863653026042,0.5097045718333333,-0.6500922199520381,-0.23691042648276728,True,True
2,4,126,5,-1.6121045332000001,1.540177156454791,0.6948626283944721,1.3705024287271876,1.1964654097,-0.6756398003327155,-0.5016027813055279,True,True
2,4,129,3,-5.321928,0.0,4.473200508525636,3.696605190364062,4.5667902855,0.7765953181615739,-0.09358977697436366,False,True
2,4,131,4,-2.451205,2.0415886507548477,1.7785958438547387,1.870723,2.07363614275,-0.09212715614526124,-0.2950402988952612,True,True
2,4,142,3,-3.9885946666666663,0.9428090415820631,1.4161616639350916,2.363271857030729,3.233456952166667,-0.9471101930956376,-1.8172952882315756,True,True
2,4,147,3,-0.5833333333333334,0.42491829279939874,1.4234400303921255,1.0419894763026043,0.33504590483333335,0.3814505540895212,1.0883941255587921,False,False
2,4,157,5,-0.2,0.4,1.4901258448539363,1.4253228096359376,0.6530826287,0.06480303521799868,0.8370432161539363,False,False
2,4,163,2,-0.722222222,0.27777777800000003,3.0239833072603997,0.9031005876359376,0.27777777800000003,2.120882719624462,2.7462055292603997,False,False
2,4,185,1,-3.321928,0.0,2.145814417349195,1.6966051903640627,2.5667902855,0.4492092269851322,-0.42097586815080534,False,True
2,4,193,4,0.0,0.23570226015981358,0.8689489219817412,1.6253228096359376,0.7551377145,-0.7563738876541963,0.11381120748174123,True,False
2,4,198,4,-0.78282133325,0.7332287407411978,1.9662429634297323,0.9704827380679688,0.65782133325,0.9957602253617635,1.3084216301797322,False,False
2,4,199,3,0.055555555666666666,0.07856742028897344,2.179750267499301,1.680878365302604,0.8106932701666666,0.49887190219669675,1.3690569973326343,False,False
2,4,201,4,-1.973464,1.5178631885963902,1.5155899407230646,1.473464,1.59589514275,0.042125940723064526,-0.08030520202693547,False,True
2,4,216,3,-1.8276306666666666,0.5889010910893461,0.8956822570572619,0.6191897301213541,1.0724929521666666,0.27649252693590776,-0.17681069510940473,False,True
2,4,219,5,-2.1931567999999997,1.4181631192934614,0.7547509081412284,1.4680922380728127,1.7400741713000003,-0.7133413299315844,-0.985323263158772,True,True
2,4,224,3,-2.863400444333333,1.7908685687494315,2.2862467168411698,1.5834199524546875,2.108262729833333,0.7028267643864823,0.17798398700783657,False,False
2,4,227,4,-5.321928,0.0,2.192149165073468,3.696605190364062,4.5667902855,-1.5044560252905943,-2.374641120426532,True,True
2,4,234,3,-5.321928,0.0,2.8334016975737626,3.696605190364062,4.5667902855,-0.8632034927902996,-1.7333885879262372,True,True
2,4,236,6,-3.4349399999999997,1.868982582597637,2.7498188852327914,2.3513914602427084,2.931514857,0.398427424990083,-0.18169597176720842,False,True
2,4,237,3,-0.16666666666666666,0.6236095644623235,1.3593703850921426,1.4586561429692708,0.7517125715,-0.09928575787712823,0.6076578135921425,True,False
2,4,238,2,-0.39285714299999996,0.10714285700000001,2.571717852885082,1.2324656666359375,0.36228057150000004,1.3392521862491447,2.209437281385082,False,False
2,4,242,4,-1.8882450667500001,1.9930128611688258,1.113486627949388,1.5853803380679685,1.30491173325,-0.4718937101185805,-0.19142510530061196,True,True
2,4,244,5,-2.0228354665999997,2.1919132649568365,1.6759150291902287,1.9597714953271876,1.9718079236999997,-0.2838564661369589,-0.29589289450977097,True,True
2,4,246,3,0.0,0.0,0.060183756590610836,1.6253228096359376,0.7551377145,-1.5651390530453266,-0.6949539579093892,True,True
2,4,254,2,-0.75,0.25,0.8636266045952219,0.8753228096359376,0.25,-0.011696205040715668,0.6136266045952219,True,False
2,4,257,4,-1.892982,2.0032407636058127,0.8151309062943098,1.5806434048179687,1.39041314275,-0.7655124985236589,-0.5752822364556901,True,True
2,4,262,4,-0.25,0.4330127018922193,0.5412559746097267,1.3753228096359376,0.62756885725,-0.8340668350262108,-0.08631288264027326,True,True
2,4,265,4,-0.0625,0.10825317547305482,2.63776862734084,1.5628228096359376,0.6926377145,1.0749458177049025,1.94513091284084,False,False
2,4,280,3,-0.055555555666666666,0.07856742028897344,0.2826571924105293,1.569767253969271,0.6995821588333334,-1.2871100615587419,-0.41692496642280413,True,True
2,5,26,3,-0.3333333333333333,0.4714045207910317,1.0469235589269839,1.2957802860000003,0.5833333333333334,-0.24885672707301643,0.4635902255936505,True,False
2,5,60,6,-0.027777777833333333,0.24374901067858742,1.5284318126622785,1.6013358415,0.7222222221666668,-0.07290402883772162,0.8062095904956117,True,False
2,5,75,3,-3.991446,1.88158568889328,2.911557641743535,2.5614201268888888,3.241446,0.35013751485464617,-0.3298883582564649,False,True
2,5,76,5,-2.6931567999999997,1.864288666737037,1.4141364620826107,1.7673340761333332,2.0431567999999998,-0.3531976140507225,-0.6290203379173891,True,True
2,5,79,2,-2.821928,0.5,2.6870265593856644,1.1928143806666667,2.071928,1.4942121787189977,0.6150985593856642,False,False
2,5,84,5,-0.6310522666,1.3469854193099422,1.256255911230747,1.6751871050000002,1.1477189334,-0.41893119376925325,0.108536977830747,True,False
2,5,88,3,-0.2381285333333333,0.1897703790768435,0.3711761891701089,1.3909850860000004,0.5118714666666667,-1.0198088968298915,-0.1406952774965578,True,True
2,5,89,4,-1.5131025,0.7108371275269393,1.24525745690435,0.6624183096666667,0.7631025,0.5828391472376833,0.48215495690434995,False,False
2,5,96,1,0.0,0.0,3.3389124105788905,1.6291136193333335,0.75,1.709798791245557,2.5889124105788905,False,False
2,5,106,6,-0.7888153333333333,0.8324006713385622,0.5691844427882004,1.071236412888889,0.6518273333333334,-0.5020519701006886,-0.08264289054513307,True,True
2,5,114,4,-1.8262050000000003,1.2088484060836577,0.6103958412201638,1.0116481903333334,1.4512050000000003,-0.40125234911316965,-0.8408091587798365,True,True
2,5,115,4,-1.49714866675,0.8610867497261283,0.38011240213360564,0.8117054764166667,0.74714866675,-0.43159307428306104,-0.3670362646163944,True,True
2,5,117,3,-1.773976,2.5087809185243732,1.5966522259709854,2.317013873111111,2.0239759999999998,-0.7203616471401257,-0.42732377402901434,True,True
2,5,132,5,-3.6575423999999996,2.1666573568401257,2.339975098435309,2.6800742283999996,3.2075424,-0.3400991299646905,-0.8675673015646908,True,True
2,5,140,4,-1.1861991905,1.044582876966282,0.1747308969987313,0.9719134760000001,0.9719134760000001,-0.7971825790012688,-0.7971825790012688,True,True
2,5,151,4,-0.125,0.21650635094610965,0.18825167150310834,1.5041136193333335,0.625,-1.3158619478302251,-0.43674832849689166,True,True
2,5,153,4,0.0,0.23570226015981358,0.3230394363689711,1.6291136193333333,0.75,-1.3060741829643623,-0.4269605636310289,True,True
2,5,154,3,-2.881285333333333,1.3915041930853898,1.2468292157624723,1.6715807935555553,2.131285333333333,-0.42475157779308303,-0.8844561175708607,True,True
2,5,155,4,-3.8219279999999998,1.4999999999999998,3.00586502973545,2.1928143806666665,3.0719279999999998,0.8130506490687837,-0.06606297026454966,False,True
2,5,159,3,-1.3716949333333333,0.9936666067605753,1.0208487814867377,0.8286570602222222,1.1216949333333333,0.19219172126451556,-0.10084615184659551,False,True
2,5,174,2,-1.910964,1.910964,1.9936518829486212,1.9109639999999999,1.910964,0.08268788294862128,0.08268788294862106,False,False
2,5,178,5,-3.0175424,1.7095000830504337,1.4887739224467045,2.0400742284,2.5675424,-0.5513003059532955,-1.0787684775532953,True,True
2,5,180,5,0.15,0.43588989435406733,1.8653253979952495,1.7791136193333337,0.9,0.08621177866191587,0.9653253979952495,False,False
2,5,181,2,-4.321928,0.9999999999999998,3.0641041956971726,2.6928143806666665,3.5719279999999998,0.3712898150305062,-0.5078238043028271,False,True
2,5,184,5,-1.9221045334,2.2453834059542137,1.327166321059165,2.061260590466667,1.9054378666000003,-0.7340942694075019,-0.5782715455408352,True,True
2,5,192,3,-0.7739760000000001,1.0945673561512788,0.37034310594253766,1.3170138731111114,1.023976,-0.9466707671685737,-0.6536328940574623,True,True
2,5,195,4,-0.830482,0.9529622536973855,0.7534164554704821,1.1450388096666668,0.830482,-0.39162235419618474,-0.07706554452951797,True,True
2,5,197,3,-2.3071412063333336,0.2904638271702584,1.302628889546436,0.6780275869999999,1.5571412063333334,0.6246013025464361,-0.25451231678689745,False,True
2,5,207,4,-0.375,0.414578098794425,0.6788868579642384,1.2541136193333335,0.5,-0.5752267613690951,0.17888685796423842,True,False
2,5,210,2,-0.25,0.25,0.7717424547686268,1.3791136193333335,0.5,-0.6073711645647067,0.2717424547686268,True,False
2,5,222,2,0.0625,0.0625,1.596975171760596,1.6916136193333335,0.8125,-0.09463844757273754,0.784475171760596,True,False
2,5,235,4,-2.85160666675,1.4459578952229786,1.5081778457969377,1.2224930474166664,2.10160666675,0.2856847983802713,-0.5934288209530623,False,True
2,5,243,3,-3.5441502223333337,1.0999438819916516,0.5971712337458217,1.915036603,2.7941502223333337,-1.3178653692541782,-2.196978988587512,True,True
2,5,252,5,-0.21904761920000002,0.45932021145559226,2.2667187678090386,1.4100660001333334,0.6309523807999999,0.8566527676757052,1.6357663870090386,False,False
2,5,258,4,-3.991446,2.304462422555855,2.672788220303839,3.176889190333333,3.616446,-0.5041009700294943,-0.9436577796961609,True,True
2,5,260,5,-4.2575424,2.1287712,1.9578582572478607,3.2800742284,3.8075424,-1.3222159711521395,-1.8496841427521393,True,True
2,5,261,5,-2.025740897,2.558277597572977,1.7652016763235792,2.4242908936666665,2.2484681697999997,-0.6590892173430873,-0.4832664934764206,True,True
2,5,266,4,-0.125,0.21650635094610965,1.3232258524214622,1.5041136193333335,0.625,-0.18088776691187136,0.6982258524214622,True,False
2,5,272,3,-4.655261333333333,0.9428090415820631,3.519629104046089,3.026147714,3.9052613333333333,0.49348139004608926,-0.38563222928724405,False,True
2,5,277,4,-0.31506885725,0.32823207822585326,0.6450474331879785,1.3140447620833335,0.44006885725,-0.668997328895355,0.20497857593797852,True,False
2,5,281,3,-1.1073093333333335,1.5659718769423103,0.5558881109068423,1.6503472064444447,1.3573093333333333,-1.0944590955376023,-0.8014212224264909,True,True
2,5,285,5,-0.9095904000000001,1.2089756661118491,0.6452940814590913,1.3537252384,0.9262570667999999,-0.7084311569409087,-0.2809629853409086,True,True
3,1,25,5,-0.0333333334,0.0666666668,0.6414528309682022,1.6504895076048232,0.8833333331000001,-1.009036676636621,-0.2418805021317979,True,True
3,1,36,4,0.0,0.0,2.2367276392387954,1.6838228410048233,0.9166666665000001,0.5529047982339721,1.3200609727387953,False,False
3,1,38,4,-0.25,0.82915619758885,1.818065495918801,1.4338228410048233,0.75,0.3842426549139777,1.068065495918801,False,False
3,1,41,2,-0.5,0.5,0.3943574747567315,1.1838228410048233,0.5,-0.7894653662480917,-0.1056425252432685,True,True
3,1,44,4,-2.826205,1.9032284331868836,2.407614022668196,1.9842935794975884,2.36787166675,0.42332044317060746,0.03974235591819575,False,False
3,1,51,5,-0.8251498286000001,0.849144747565817,0.9020793935628568,1.113915076002894,0.7513403047000001,-0.21183568244003714,0.1507390888628567,True,False
3,1,53,3,0.3333333333333333,0.4714045207910317,0.42871666014239224,2.0171561743381567,1.2499999998333333,-1.5884395141957646,-0.8212833396909411,True,True
3,1,59,4,-3.14620790475,1.8170164157535758,1.4223519542369871,2.161439341247588,2.5450174285,-0.739087387010601,-1.1226654742630129,True,True
3,1,64,6,-3.9627177778333333,1.6998403606550223,3.07785013591265,2.6179469948301177,3.1293844445,0.4599031410825325,-0.05153430858734964,False,True
3,1,66,6,-2.0840552,2.3463904101140542,1.058995778456852,2.025171080334941,1.9734871999999999,-0.9661753018780892,-0.9144914215431479,True,True
3,1,73,2,-1.0,0.0,2.3977775055140533,0.6838228410048233,0.08333333349999994,1.71395466450923,2.3144441720140536,False,False
3,1,79,2,-2.821928,0.5,2.763309924750496,1.138105158995177,1.9052613335000004,1.6252047657553192,0.8580485912504958,False,False
3,1,93,4,-0.62214866675,1.2773128917690528,1.795275877810997,1.6307267537524117,1.2471486665000002,0.16454912405858524,0.5481272113109967,False,False
3,1,100,4,-0.580482,1.0054243168791972,0.25661461345509173,1.4223934205024116,1.03881533325,-1.1657788070473198,-0.7822007197949084,True,True
3,1,104,3,-4.210816889,1.3425606637970995,2.136209315348384,2.5269940479951765,3.2941502224999994,-0.3907847326467926,-1.1579409071516156,True,True
3,1,106,6,-0.7888153333333333,0.8324006713385622,0.6423867803741568,1.1077092273365488,0.6518273333333334,-0.465322446962392,-0.009440552959176673,True,True
3,1,109,5,-0.1,0.2,0.30615420415106775,1.5838228410048232,0.8166666665000001,-1.2776686368537553,-0.5105124623489323,True,True
3,1,114,4,-1.8262050000000003,1.2088484060836577,0.7262078169595938,0.995723,1.3678716667500002,-0.2695151830404062,-0.6416638497904064,True,True
3,1,140,4,-1.1861991905,1.044582876966282,0.9326982049806627,0.9833428965024117,0.9719134760000001,-0.050644691521749,-0.03921527101933742,True,True
3,1,143,4,-1.8142170000000002,0.8953897712655348,0.8042033304027736,0.8142170000000001,0.8975503334999999,-0.010013669597226493,-0.09334700309722632,True,True
3,1,147,3,-0.5833333333333334,0.42491829279939874,0.6612878603090854,1.10048950767149,0.38888888883333333,-0.43920164736240463,0.27239897147575204,True,False
3,1,148,2,0.125,0.125,1.4885190041540899,1.8088228410048233,1.0416666665,-0.3203038368507334,0.4468523376540898,True,False
3,1,162,3,-1.2203213333333334,0.31158141768012354,0.9665512244035005,0.4635015076714899,0.3036546668333333,0.5030497167320106,0.6628965575701672,False,False
3,1,170,4,-0.46983076175000005,0.4758085610138677,0.2523850384187624,1.2139920792548233,0.5114974285,-0.9616070408360609,-0.2591123900812376,True,True
3,1,180,5,0.15,0.43588989435406733,0.9330128597364393,1.8338228410048232,1.0666666665000002,-0.9008099812683839,-0.13365380676356087,True,True
3,1,187,4,-2.435964,2.0144751696896144,1.7033936657886166,1.8859640000000002,1.885964,-0.18257033421138358,-0.18257033421138336,True,True
3,1,190,5,-0.04,0.08,1.252295004376212,1.6438228410048232,0.8766666665,-0.39152783662861124,0.37562833787621197,True,False
3,1,220,4,-3.7281779999999998,0.3890593624371477,3.321228943029794,2.044355158995177,2.8115113335000004,1.276873784034617,0.5097176095297935,False,False
3,1,225,5,0.0,0.6324555320336759,0.865605074547441,1.683822841004823,0.9499999999,-0.8182177664573821,-0.08439492535255899,True,True
3,1,232,2,-5.321928,0.0,5.130063115311796,3.6381051589951765,4.4052613334999995,1.4919579563166199,0.7248017818117969,False,False
3,1,236,6,-3.4349399999999997,1.868982582597637,2.8248604124507906,2.3123914393301175,2.823828889,0.5124689731206731,0.0010315234507904947,False,False
3,1,248,3,-5.321928,0.0,2.756154093380309,3.638105158995176,4.4052613334999995,-0.8819510656148672,-1.6491072401196907,True,True
3,1,249,4,-1.09532133325,0.4975739170893834,0.5357130166440637,0.6872327537524117,0.38698799999999994,-0.15151973710834798,0.14872501664406373,True,False
3,1,253,4,-0.08333333325,0.1443375671530689,0.5715082019583985,1.6004895077548233,0.8333333332500001,-1.028981305796425,-0.2618251312916017,True,True
3,1,257,4,-1.892982,2.0032407636058127,0.9136335522070607,1.6098934205024116,1.3096486667499998,-0.6962598682953509,-0.39601511454293914,True,True
3,1,260,5,-4.2575424,2.1287712,1.2830370846968226,3.2472486953971056,3.7075424000999995,-1.964211610700283,-2.424505315403177,True,True
3,1,265,4,-0.0625,0.10825317547305482,2.773922895922954,1.6213228410048233,0.8541666665000001,1.1526000549181306,1.9197562294229538,False,False
3,1,271,2,-0.5,0.5,0.5632239405718014,1.1838228410048233,0.5,-0.6205989004330219,0.06322394057180136,True,False
3,1,277,4,-0.31506885725,0.32823207822585326,0.6773397092459741,1.3687539837548233,0.6015978092500001,-0.6914142745088492,0.07574189999597403,True,False
3,1,282,3,-2.160964,2.284838347206209,1.2962440065101632,1.948262280334941,1.8554084445,-0.6520182738247777,-0.5591644379898368,True,True
3,1,284,4,-0.125,0.5448623679425842,0.5707792736480828,1.5588228410048233,0.8333333332500001,-0.9880435673567405,-0.26255405960191736,True,True
3,1,285,5,-0.9095904000000001,1.2089756661118491,1.5292861706297969,1.386550771402894,0.9595904001,0.14273539922690293,0.5696957705297969,False,False
3,2,31,3,-0.111111111,0.1571348401065424,0.4334308711606562,1.56062712900156,0.888888889,-1.1271962578409038,-0.45545801783934375,True,True
3,2,45,5,-0.8643856,1.7287712,0.8793034093568393,1.867428544000936,1.4643856,-0.9881251346440967,-0.5850821906431607,True,True
3,2,55,3,-2.2442973333333334,2.3118252158023442,0.9809512110105554,1.8609007466671865,2.0776306666666664,-0.8799495356566311,-1.096679455656111,True,True
3,2,60,6,-0.027777777833333333,0.24374901067858742,1.558761537132832,1.6439604621682269,0.9722222221666668,-0.08519892503539483,0.5865393149661653,True,False
3,2,61,5,0.0,0.0,0.5183449764075047,1.6717382400015601,1.0,-1.1533932635940554,-0.48165502359249535,True,True
3,2,62,2,-0.5,0.5,0.16818908228509807,1.1717382400015601,0.5,-1.0035491577164621,-0.3318109177149019,True,True
3,2,68,4,-5.321928,0.0,4.681981590151873,3.6501897599984394,4.321928,1.0317918301534332,0.3600535901518729,False,False
3,2,74,3,-3.4646186666666665,1.9624586414429788,1.1284061320048009,2.4073725866661464,2.631285333333333,-1.2789664546613455,-1.5028792013285321,True,True
3,2,76,5,-2.6931567999999997,1.864288666737037,1.5844006363536707,1.758809151999688,1.8931567999999999,-0.17440851564601734,-0.3087561636463292,True,True
3,2,77,5,-1.7287712,1.9885179387986824,1.2601343345085023,1.663118848000312,1.5287712,-0.40298451349180975,-0.2686368654914977,True,True
3,2,80,3,-1.662864889,2.590924534528549,1.884765277558424,2.44233319100052,2.2184204443333333,-0.5575679134420959,-0.33365516677490925,True,True
3,2,96,1,0.0,0.0,3.026107128874217,1.6717382400015601,1.0,1.354368888872657,2.026107128874217,False,False
3,2,98,3,0.0,0.0,1.2036791930208268,1.6717382400015601,1.0,-0.4680590469807333,0.20367919302082682,True,False
3,2,107,3,-0.7024364443333334,0.5219906259617065,0.15452222930085796,0.9693017956682267,0.5913253336666666,-0.8147795663673687,-0.43680310436580866,True,True
3,2,108,2,0.0,0.0,0.6194957786072216,1.6717382400015601,1.0,-1.0522424613943384,-0.3805042213927784,True,True
3,2,111,4,-0.20833333325,0.21650635089799714,1.257142733602759,1.4634049067515602,0.79166666675,-0.20626217314880124,0.465476066852759,True,False
3,2,116,4,-0.83190766675,0.5989499958667611,0.8474822350005925,0.8398305732515601,0.49857433325000006,0.0076516617490324235,0.34890790175059244,False,False
3,2,132,5,-3.6575423999999996,2.1666573568401257,2.4896928261002484,2.6544994559990633,3.0575424,-0.1648066298988149,-0.5678495738997515,True,True
3,2,134,2,-4.321928,0.0,3.970265631742885,2.6501897599984394,3.3219279999999998,1.3200758717444456,0.6483376317428853,False,False
3,2,142,3,-3.9885946666666663,0.9428090415820631,1.2813840293896377,2.3168564266651064,2.9885946666666663,-1.0354723972754687,-1.7072106372770286,True,True
3,2,152,6,-0.41476577783333335,0.8869683238709589,1.4468633676218665,1.4737023821677067,1.0258768888333334,-0.026839014545840145,0.4209864787885331,True,False
3,2,153,4,0.0,0.23570226015981358,0.7654921441955421,1.6717382400015601,1.0,-0.906246095806018,-0.23450785580445788,True,True
3,2,158,3,-1.3295315556666667,1.5103370788814672,1.0958678940905995,1.4423331910005202,1.2184204443333335,-0.3464652969099207,-0.12255255024273404,True,True
3,2,163,2,-0.722222222,0.27777777800000003,2.959860137227963,0.9495160180015602,0.27777777800000003,2.010344119226403,2.6820823592279632,False,False
3,2,169,4,0.0,0.0,0.3799763903762702,1.6717382400015601,1.0,-1.2917618496252898,-0.6200236096237298,True,True
3,2,174,2,-1.910964,1.910964,1.912997594031426,1.9109640000000003,1.910964,0.0020335940314257783,0.0020335940314260004,False,False
3,2,183,4,0.0,0.0,1.088953087531422,1.6717382400015601,1.0,-0.5827851524701382,0.08895308753142195,True,False
3,2,185,1,-3.321928,0.0,2.284987453922021,1.65018975999844,2.321928,0.6347976939235809,-0.03694054607797925,False,True
3,2,191,2,-2.910964,2.410964,1.3640939955501041,2.410964,2.410964,-1.0468700044498958,-1.0468700044498958,True,True
3,2,193,4,0.0,0.23570226015981358,0.6302170494610129,1.6717382400015603,1.0,-1.0415211905405475,-0.36978295053898713,True,True
3,2,195,4,-0.830482,0.9529622536973855,0.7453918285705774,1.1663511200007801,0.830482,-0.4209592914302027,-0.08509017142942266,True,True
3,2,199,3,0.055555555666666666,0.07856742028897344,1.5850411133022775,1.7272937956682268,1.0555555556666667,-0.14225268236594935,0.5294855576356108,True,False
3,2,201,4,-1.973464,1.5178631885963902,1.3745015377020031,1.473464,1.473464,-0.09896246229799699,-0.09896246229799699,True,True
3,2,205,2,-2.9942973335,2.3276306664999997,1.743330758569587,2.3276306664999997,2.3276306664999997,-0.5842999079304128,-0.5842999079304128,True,True
3,2,219,5,-2.1931567999999997,1.4181631192934614,1.2978724020393593,1.4588091519996882,1.5931568000000003,-0.16093674996032892,-0.295284397960641,True,True
3,2,223,5,-2.83466528,1.7554340381320153,1.074863517300866,1.831622335999064,2.2346652799999998,-0.7567588186981979,-1.1598017626991337,True,True
3,2,227,4,-5.321928,0.0,2.0678582073186056,3.6501897599984394,4.321928,-1.5823315526798338,-2.254069792681394,True,True
3,2,229,3,-2.2739759999999998,1.8016741373378262,0.9081893356705958,1.4978887466671866,1.273976,-0.5896994109965908,-0.3657866643294042,True,True
3,2,238,2,-0.39285714299999996,0.10714285700000001,1.877568732768837,1.2788810970015603,0.607142857,0.5986876357672768,1.270425875768837,False,False
3,2,266,4,-0.125,0.21650635094610965,0.9667889658265376,1.5467382400015601,0.875,-0.5799492741750225,0.09178896582653762,True,False
3,2,268,5,-0.9084498668000001,0.59173866257548,0.4324115975599264,0.76328837320156,0.5751165332,-0.33087677564163354,-0.14270493564007358,True,True
3,2,281,3,-1.1073093333333335,1.5659718769423103,0.6931655569086668,1.6645554133338534,1.4406426666666665,-0.9713898564251866,-0.7474771097579997,True,True
3,3,26,3,-0.3333333333333333,0.4714045207910317,0.5680635322898563,1.243346440875458,0.5555555556666666,-0.6752829085856017,0.012507976623189698,True,False
3,3,40,2,-1.2609640000000002,1.060964,1.035629333679481,1.0609640000000002,1.0609640000000002,-0.025334666320519172,-0.025334666320519172,True,True
3,3,46,4,-0.767982,0.9768426753661229,0.8187524241526941,1.1813218871043958,0.767982,-0.36256946295170167,0.05077042415269406,True,False
3,3,47,4,-1.455482,2.2416069140177095,0.984423976178979,1.9938218871043958,1.5388153334999999,-1.0093979109254168,-0.5543913573210209,True,True
3,3,52,4,-1.05365466675,0.7006752480944083,0.9459137853840432,0.8419945538543956,0.55365466675,0.10391923152964766,0.3922591186340433,False,False
3,3,56,3,-0.16666666666666666,0.23570226039551584,1.7127369561942185,1.4100131075421245,0.5000000003333334,0.302723848652094,1.2127369558608851,False,False
3,3,78,3,-0.636988,0.5841113686230278,0.5249087137002885,0.9396917742087911,0.5258768890000001,-0.41478306050850267,-0.0009681752997116044,True,True
3,3,82,5,-1.7931568000000002,1.1611070893436832,1.1084279227140952,1.0778208451582418,1.3931567998,0.030607077555853346,-0.2847288770859049,False,True
3,3,94,5,-0.2,0.4,0.4468785061400463,1.3766797742087913,0.6000000002,-0.929801268068745,-0.15312149405995368,True,True
3,3,105,5,-2.3123376,0.4769308273091623,1.4005283108759865,0.7900726686747255,1.6456709330000003,0.610455642201261,-0.24514262212401383,False,True
3,3,118,3,0.0,0.0,0.7515629962541696,1.576679774208791,0.666666667,-0.8251167779546215,0.08489632925416957,True,False
3,3,119,3,-1.1073093333333335,0.9509552667577075,0.906448886129537,0.9662025914029305,0.8850871110000001,-0.05975370527339352,0.021361775129536853,True,False
3,3,131,4,-2.451205,2.0415886507548477,2.109928020197017,1.870723,2.1178716665,0.23920502019701706,-0.007943646302983165,False,True
3,3,157,5,-0.2,0.4,1.0051671516236445,1.3766797742087913,0.6000000002,-0.37151262258514683,0.40516715142364446,True,False
3,3,159,3,-1.3716949333333333,0.9936666067605753,0.8130439764672284,0.8461350085970697,1.149472711,-0.033091032129841325,-0.33642873453277167,True,True
3,3,164,4,-5.321928,0.0,4.856319859706913,3.7452482257912085,4.6552613329999994,1.1110716339157043,0.20105852670691338,False,False
3,3,167,4,-2.660964,2.660964,2.361074458513807,2.660964,2.6609639999999994,-0.29988954148619307,-0.2998895414861926,True,True
3,3,175,3,-0.886988,1.6208485712597172,1.5286423534484366,1.7458812580695973,1.4425435556666664,-0.2172389046211607,0.08609879778177021,True,False
3,3,177,6,-5.155261333333333,0.372677996249965,4.340138005459214,3.578581559124542,4.4885946663333325,0.761556446334672,-0.14845666087411846,False,True
3,3,181,2,-4.321928,0.9999999999999998,1.9832217190773467,2.745248225791209,3.655261333,-0.7620265067138623,-1.6720396139226532,True,True
3,3,182,5,0.0,0.6324555320336759,0.9549301392573725,1.5766797742087912,0.8000000002000001,-0.6217496349514188,0.1549301390573724,True,False
3,3,184,5,-1.9221045334,2.2453834059542137,1.295223549632675,2.0507738214417586,1.9221045332,-0.7555502718090836,-0.626880983567325,True,True
3,3,189,4,-1.455482,2.2416069140177095,1.1916782177077683,1.9938218871043953,1.5388153334999999,-0.8021436693966271,-0.3471371157922316,True,True
3,3,198,4,-0.78282133325,0.7332287407411978,1.8625901625280075,0.9461612203543956,0.6578213332499999,0.9164289421736118,1.2047688292780077,False,False
3,3,208,2,-4.1552613335,1.1666666664999998,2.0231607117097177,2.5785815592912087,3.4885946665,-0.555420847581491,-1.4654339547902824,True,True
3,3,216,3,-1.8276306666666666,0.5889010910893461,0.8545991479869781,0.6354040752637363,1.1609639996666667,0.2191950727232418,-0.30636485167968863,False,True
3,3,231,3,-3.6552613333333333,0.6236095644623234,2.6239664902381534,2.078581559124542,2.988594666333334,0.5453849311136114,-0.3646281760951804,False,True
3,3,234,3,-5.321928,0.0,3.5111092939480977,3.7452482257912085,4.6552613329999994,-0.23413893184311085,-1.1441520390519018,True,True
3,3,235,4,-2.85160666675,1.4459578952229786,1.95877212674384,1.2749268925412087,2.18493999975,0.6838452342026313,-0.22616787300616004,False,True
3,3,237,3,-0.16666666666666666,0.6236095644623235,1.3260034928512459,1.4100131075421245,0.7222222223333333,-0.08400961469087864,0.6037812705179125,True,False
3,3,241,3,-3.8774835556666667,0.4157397096712446,3.1748607255937213,2.300803781457875,3.210816888666667,0.8740569441358463,-0.03595616307294547,False,True
3,3,243,3,-3.5441502223333337,1.0999438819916516,0.6573874970056001,1.9674704481245422,2.8774835553333333,-1.3100829511189422,-2.220096058327733,True,True
3,3,245,3,-2.881285333333333,1.8082082990373523,1.416251430490803,1.6890587419304028,2.214618666333333,-0.2728073114395999,-0.7983672358425302,True,True
3,3,254,2,-0.75,0.25,1.5694759822270359,0.8266797742087912,0.25,0.7427962080182446,1.3194759822270359,False,False
3,3,258,4,-3.991446,2.304462422555855,2.2159008354144407,3.2031061128956044,3.6581126664999997,-0.9872052774811637,-1.442211831085559,True,True
3,3,262,4,-0.25,0.4330127018922193,1.0351881403856589,1.3266797742087912,0.5833333335,-0.29149163382313237,0.4518548068856588,True,False
3,3,267,3,-0.44444444433333335,0.41573970967124474,0.3219685780725542,1.132235329875458,0.4444444446666667,-0.8102667518029038,-0.12247586659411253,True,True
3,3,269,5,-0.15,0.19999999999999998,2.730306102243212,1.4266797742087913,0.516666667,1.3036263280344205,2.213639435243212,False,False
3,3,272,3,-4.655261333333333,0.9428090415820631,3.766362650563469,3.078581559124542,3.988594666333333,0.6877810914389269,-0.22223201576986407,False,True
3,3,274,6,-0.7203213333333333,1.2194280556647128,0.6613208021227875,1.4381078494725277,0.9425435556666669,-0.7767870473497401,-0.2812227535438794,True,True
3,3,275,3,-3.2146186666666665,2.3094486902088898,2.493116489354614,2.6890587419304026,2.9923964443333335,-0.1959422525757888,-0.4992799549787197,True,True
3,3,276,1,-0.5,0.0,0.6337681081110813,1.0766797742087912,0.166666667,-0.44291166609770993,0.4671014411110813,True,False
3,4,24,4,-1.267982,1.2162023092281975,0.983483317518481,1.2027569207488038,0.892982,-0.21927360323032286,0.0905013175184809,True,False
3,4,28,3,-0.7005355556666667,0.9907068837483723,1.2797179341770122,1.2403855028325357,0.9227577779999999,0.039332431344476504,0.35696015617701227,False,False
3,4,35,4,-2.201205,0.8238790681228647,1.3868677140742591,0.8914300792511962,1.534538333,0.4954376348230629,-0.14767061892574085,False,True
3,4,37,4,0.20833333325,0.21650635089799714,1.5683373873025794,1.8278831747476076,0.8750000002499999,-0.2595457874450282,0.6933373870525795,True,False
3,4,50,4,0.125,0.21650635094610965,1.933725438201523,1.7445498414976077,0.7916666669999999,0.18917559670391526,1.142058771201523,False,False
3,4,65,3,-3.7951006666666665,0.7450463598288514,1.6153972602119584,2.1755508251690587,3.1284339996666666,-0.5601535649571003,-1.5130367394547082,True,True
3,4,75,3,-3.991446,1.88158568889328,2.955306469319691,2.5646080528341306,3.324779333,0.39069841648556025,-0.36947286368030907,False,True
3,4,83,3,-2.821928,0.7071067811865476,0.8504181706770626,1.202378158502393,2.1552613330000003,-0.35195998782533033,-1.3048431623229377,True,True
3,4,84,5,-0.6310522666,1.3469854193099422,1.8310297280242374,1.6694488382985646,1.0977189336,0.16158088972567275,0.7333107944242374,False,False
3,4,85,4,-1.05222899975,0.7231034959767441,2.503884365909063,0.71889566675,0.7188956667499999,1.7849886991590629,1.7849886991590629,False,False
3,4,87,4,-1.392982,1.7306043906600954,1.5068941716441802,1.5777569207488036,1.267982,-0.07086274910462342,0.23891217164418022,True,False
3,4,88,3,-0.2381285333333333,0.1897703790768435,0.3898908753040345,1.381421308164274,0.4285381336666667,-0.9915304328602397,-0.03864725836263222,True,True
3,4,89,4,-1.5131025,0.7108371275269393,0.9567956119799644,0.6576364207488039,0.8464358330000001,0.2991591912311605,0.1103597789799643,False,False
3,4,95,3,-3.4885946666666663,1.312334645668635,2.240694733986539,1.869044825169059,2.8219279996666664,0.37164990881748006,-0.5812332656801273,False,True
3,4,117,3,-1.773976,2.5087809185243732,1.8667842758873399,2.3138259471658693,1.9961982223333334,-0.44704167127852945,-0.12941394644599358,True,True
3,4,121,4,-4.696928,1.0825317547305482,1.90043593116673,3.077378158502392,4.0302613329999994,-1.176942227335662,-2.129825401833269,True,True
3,4,123,5,-1.9379691428,1.2950585904843817,0.8738513411470843,1.0434832254995217,1.2713024758,-0.16963188435243737,-0.3974511346529157,True,True
3,4,124,5,-2.2787712,2.4897527734544567,1.5768323964380961,2.3026811682995207,2.1121045333999993,-0.7258487718614246,-0.5352721369619031,True,True
3,4,130,4,-4.571928,0.8291561975888498,1.8051061082042497,2.952378158502392,3.9052613329999994,-1.1472720502981424,-2.10015522479575,True,True
3,4,136,3,-5.321928,0.0,1.9537606888518007,3.7023781585023925,4.6552613329999994,-1.7486174696505918,-2.701500644148199,True,True
3,4,149,5,-0.43571428579999993,0.3307381972207267,0.7263599157326093,1.1838355556976077,0.36428571439999996,-0.4574756399649984,0.3620742013326093,True,False
3,4,150,4,-0.41666666674999997,0.5951190356068832,1.6901690536546894,1.2028831747476076,0.58333333325,0.48728587890708175,1.1068357204046895,False,False
3,4,154,3,-2.881285333333333,1.3915041930853898,0.8540851216673961,1.6747687195007976,2.2146186663333336,-0.8206835978334015,-1.3605335446659375,True,True
3,4,172,4,-0.03125,0.05412658773652741,0.5714338834725622,1.5882998414976075,0.635416667,-1.0168659580250452,-0.0639827835274378,True,True
3,4,173,4,0.20833333325,0.12499999991666667,1.0609011085270699,1.8278831747476076,0.8750000002499999,-0.7669820662205378,0.18590110827706996,True,False
3,4,186,5,0.009999999999999998,0.14282856857085702,1.8615031045038435,1.6295498414976077,0.6766666669999999,0.23195326300623575,1.1848364375038436,False,False
3,4,207,4,-0.375,0.414578098794425,0.11173849568400793,1.2445498414976075,0.45833333349999994,-1.1328113458135995,-0.346594837815992,True,True
3,4,210,2,-0.25,0.25,0.7774556245748363,1.3695498414976075,0.416666667,-0.5920942169227712,0.3607889575748363,True,False
3,4,211,4,-0.75,0.4330127018922193,0.4836012618186468,0.8695498414976075,0.41666666650000006,-0.3859485796789607,0.06693459531864676,True,False
3,4,212,2,-2.3247793335,0.6638153335,0.2515407928460619,0.7052294920023926,1.6581126665,-0.4536886991563307,-1.406571873653938,True,True
3,4,214,6,-1.8434204444999998,1.5368286668793751,0.5968739102491999,1.1610481693325359,1.1767537775,-0.564174259083336,-0.5798798672508002,True,True
3,4,222,2,0.0625,0.0625,0.7569637858705263,1.6820498414976075,0.729166667,-0.9250860556270812,0.02779711887052627,True,False
3,4,224,3,-2.863400444333333,1.7908685687494315,2.0002155784836337,1.585344275167464,2.196733777333333,0.4148713033161697,-0.19651819884969912,False,True
3,4,230,5,-3.7914459999999996,1.9004892121708028,2.7745093910070016,2.4197160951014354,3.124779333,0.3547932959055662,-0.35026994199299866,False,True
3,4,242,4,-1.8882450667500001,1.9930128611688258,1.6151866728705615,1.5824938539988036,1.30491173325,0.0326928188717579,0.3102749396205615,False,False
3,4,244,5,-2.0228354665999997,2.1919132649568365,1.4605386410117034,1.9586169016995214,1.9895021331999998,-0.498078260687818,-0.5289634921882964,True,True
3,4,251,3,-1.4406426666666665,1.39150419308539,2.274224034544505,1.313825947165869,1.2184204443333335,0.9603980873786357,1.0558035902111713,False,False
3,4,252,5,-0.21904761920000002,0.45932021145559226,1.6022000867484114,1.4005022222976078,0.580952381,0.20169786445080362,1.0212477057484115,False,False
3,4,256,4,-2.410964,2.4367493529897573,1.489160412243978,2.4109639999999994,2.4109639999999994,-0.9218035877560213,-0.9218035877560213,True,True
3,4,261,5,-2.025740897,2.558277597572977,1.37370907335746,2.4223781380995213,2.2318015032,-1.0486690647420613,-0.8580924298425399,True,True
3,4,270,4,-0.3125,0.2072890493972125,1.6035229776366935,1.3070498414976075,0.354166667,0.296473136139086,1.2493563106366934,False,False
3,4,286,3,-4.298118476333333,1.397681916424883,3.9683851630450366,2.6785686348357256,3.631451809333333,1.289816528209311,0.33693335371170363,False,False
3,5,27,6,-1.4942973333333336,0.8922351884555005,0.5373463997821321,0.8276306666666668,0.9874470473333335,-0.2902842668845348,-0.4501006475512015,True,True
3,5,29,2,-0.25,0.25,2.2616776774304954,1.373853025312,0.5102754290000001,0.8878246521184954,1.7514022484304954,False,False
3,5,32,6,-0.13888888883333333,0.20222527464881865,0.2160213734586851,1.4849641364786665,0.6213865401666667,-1.2689427630199814,-0.4053651667079816,True,True
3,5,58,5,-0.25,0.3872983346207417,1.44618913211318,1.373853025312,0.6061652574,0.07233610680117986,0.8400238747131799,False,False
3,5,63,2,-0.8036546665,0.8036546665,1.9960460626240253,0.8201983588120001,0.8036546665,1.1758477038120252,1.1923913961240253,False,False
3,5,67,5,-1.9621045333999998,1.7977452944904475,1.2319882389165169,1.4202084716624,1.3433827808,-0.18822023274588306,-0.11139454188348319,True,True
3,5,71,4,-5.196928,0.21650635094610965,5.224891516006244,3.5730749746879997,4.436652571,1.6518165413182446,0.7882389450062446,False,False
3,5,72,4,-2.160964,2.273711813158387,1.2246882995736685,2.160964,2.160964,-0.9362757004263313,-0.9362757004263313,True,True
3,5,81,5,-1.2921719734,1.6149276772961119,0.9133713737358752,1.4109110417872,1.2001627924,-0.49753966805132477,-0.28679141866412483,True,True
3,5,86,3,-0.16666666666666666,0.6236095644623235,1.2395545900502833,1.4571863586453333,0.753425143,-0.21763176859504996,0.4861294470502834,True,False
3,5,101,4,-1.9138153332499999,1.9758925554000686,1.366050283467656,1.559075179406,1.2836776187499999,-0.19302489593834404,0.08237266471765614,True,False
3,5,112,3,0.0,0.0,0.6149836450565519,1.623853025312,0.7602754290000001,-1.0088693802554483,-0.14529178394344822,True,True
3,5,113,3,-0.1777777776666667,0.13698697771758284,0.5162448340607245,1.4460752476453334,0.5824976513333334,-0.9298304135846088,-0.0662528172726089,True,True
3,5,115,4,-1.49714866675,0.8610867497261283,1.0013576973700644,0.809075179406,0.73687323775,0.19228251796406437,0.2644844596200644,False,False
3,5,122,5,-0.1833333334,0.2603416559873241,1.8342939918232186,1.440519691912,0.5769420956000001,0.3937742999112186,1.2573518962232186,False,False
3,5,126,5,-1.6121045332000001,1.540177156454791,1.1502110173460833,1.3702084718624001,1.1974929526,-0.2199974545163168,-0.04728193525391666,True,True
3,5,127,6,-0.0555555555,0.3142696804782498,0.6758646750436347,1.568297469812,0.7047198735000001,-0.8924327947683653,-0.028855198456365416,True,True
3,5,128,4,-4.781687,0.9357248603318178,3.94570796398889,3.1578339746879998,4.021411571,0.7878739893008904,-0.07570360701110967,False,True
3,5,129,3,-5.321928,0.0,4.664985068767444,3.6980749746879997,4.561652571,0.9669100940794442,0.10333249776744413,False,False
3,5,137,4,-3.28311266675,2.2205643179545405,0.7673570119315588,2.471186154094,2.90297495225,-1.7038291421624412,-2.135617940318441,True,True
3,5,145,4,-0.2,0.46904157598234303,0.693650969529416,1.423853025312,0.6801377145,-0.7302020557825841,0.013513255029415916,True,False
3,5,146,2,-4.321928,0.9999999999999998,2.0338123161580857,2.6980749746879997,3.5616525709999998,-0.6642626585299141,-1.527840254841914,True,True
3,5,151,4,-0.125,0.21650635094610965,0.15687692792011398,1.498853025312,0.6352754290000001,-1.341976097391886,-0.47839850107988613,True,True
3,5,155,4,-3.8219279999999998,1.4999999999999998,3.326811463450472,2.1980749746879997,3.0616525709999998,1.1287364887624722,0.2651588924504722,False,False
3,5,161,4,-1.9533435000000001,1.663547142280677,1.0268486343960774,1.3700101665000002,1.3700101665000002,-0.34316153210392275,-0.34316153210392275,True,True
3,5,168,5,-3.9575424,1.6505345382479701,3.227596828075838,2.5832305848128,3.197266971,0.6443662432630379,0.030329857075837907,False,False
3,5,178,5,-3.0175424,1.7095000830504337,2.2040165056062464,2.0432305848128,2.5613771426,0.16078592079344656,-0.35736063699375364,False,True
3,5,179,6,-4.046051111166666,2.0000079611224355,3.792184882842444,2.9634824276253333,3.5392008251666667,0.8287024552171105,0.25298405767577714,False,False
3,5,192,3,-0.7739760000000001,1.0945673561512788,0.9082539908799238,1.3152603417706668,1.027401143,-0.407006350890743,-0.11914715212007632,True,True
3,5,197,3,-2.3071412063333336,0.2904638271702584,1.463750888643207,0.6832881810213335,1.5468657773333334,0.7804627076218734,-0.08311488869012651,False,True
3,5,202,3,-1.854190222333333,1.8690861215555998,1.5871115630529566,1.5683794527706667,1.7340984126666665,0.018732110282289938,-0.1469868496137099,False,True
3,5,203,4,-0.24857433325000003,0.5311446108599241,0.3723133208309305,1.375278692062,0.71204538125,-1.0029653712310695,-0.33973206041906956,True,True
3,5,204,3,-0.3555555556666667,0.2739739558136823,0.5486984311752713,1.2682974696453335,0.4047198733333334,-0.7195990384700622,0.14397855784193786,True,False
3,5,206,5,-0.26666666660000005,0.3887301263115868,1.5372644657152592,1.3571863587119999,0.5894985908000001,0.18007810700325932,0.9477658749152591,False,False
3,5,209,3,-3.547952,2.5087809185243732,3.445264615479083,3.006667658229333,3.2945268569999997,0.4385969572497501,0.15073775847908344,False,False
3,5,213,3,-0.16666666666666666,0.23570226039551584,0.54693988727074,1.4571863586453333,0.5936087623333335,-0.9102464713745932,-0.04666887506259343,True,True
3,5,215,3,-2.7682733333333336,0.7829859384711552,1.88151454558486,1.1444203080213333,2.0079979043333336,0.7370942375635268,-0.1264833587484735,False,True
3,5,226,2,0.0,0.0,3.6002076155809135,1.623853025312,0.7602754290000001,1.9763545902689135,2.8399321865809135,False,False
3,5,246,3,0.0,0.0,0.2737428819695857,1.623853025312,0.7602754290000001,-1.3501101433424143,-0.48653254703041443,True,True
3,5,259,3,-1.773976,1.0945673561512788,0.4590504639324801,0.9819270084373334,1.013700571,-0.5228765445048533,-0.5546501070675198,True,True
3,5,264,5,-1.4187712,1.079012500819226,0.27834480300977216,1.0435418050624,0.9667161142000001,-0.7651970020526278,-0.688371311190228,True,True
3,5,280,3,-0.055555555666666666,0.07856742028897344,0.15674438120567943,1.5682974696453336,0.7047198733333335,-1.411553088439654,-0.5479754921276541,True,True
