position,n_predictions,mean_actual,std_actual,min_actual,max_actual,extreme_rate,positive_rate,MAE,bias,mean_predicted,repeat_mae_mean,repeat_mae_std,repeat_bias_mean,difficulty_rank
232.0,6,-5.321928,0.0,-5.321928,-5.321928,1.0,0.0,5.339080959131123,5.339080959131123,0.017152959131122674,5.339080959131123,0.1860456913368441,5.339080959131123,1.0
71.0,12,-5.196928,0.21650635094610965,-5.321928,-4.821928,1.0,0.0,5.064535989488777,5.064535989488777,-0.13239201051122176,5.064535989488778,0.21443409383605774,5.064535989488778,2.0
164.0,12,-5.321928,0.0,-5.321928,-5.321928,1.0,0.0,4.684105346691438,4.684105346691438,-0.6378226533085615,4.684105346691438,0.7742986170400492,4.684105346691438,3.0
68.0,12,-5.321928,0.0,-5.321928,-5.321928,1.0,0.0,4.531537483311116,4.531537483311116,-0.7903905166888842,4.531537483311116,0.35002812441498055,4.531537483311116,4.0
129.0,9,-5.321928,0.0,-5.321928,-5.321928,1.0,0.0,4.476851287803779,4.476851287803779,-0.8450767121962213,4.476851287803779,0.1863352162634892,4.476851287803779,5.0
134.0,6,-4.321928,0.0,-4.321928,-4.321928,1.0,0.0,4.047868564130725,4.047868564130725,-0.27405943586927556,4.047868564130725,0.22475640170092812,4.047868564130725,6.0
286.0,9,-4.298118476333333,1.397681916424883,-5.321928,-2.321928,0.6666666666666666,0.0,3.8751797799216954,3.8751797799216954,-0.42293869641163845,3.875179779921695,0.08803064011012683,3.875179779921695,7.0
272.0,9,-4.655261333333333,0.9428090415820631,-5.321928,-3.321928,0.6666666666666666,0.0,3.7458096718043614,3.7458096718043614,-0.9094516615289722,3.745809671804361,0.21663653838276645,3.745809671804361,8.0
179.0,18,-4.046051111166666,2.0000079611224355,-5.321928,0.0,0.6666666666666666,0.0,3.6742690376217015,3.6742690376217015,-0.37178207354496484,3.6742690376217015,0.1915695479307875,3.6742690376217015,9.0
168.0,15,-3.9575424,1.6505345382479701,-5.321928,-1.0,0.6,0.0,3.550293834800461,3.550293834800461,-0.4072485651995388,3.5502938348004616,0.32265392926662156,3.5502938348004616,10.0
177.0,18,-5.155261333333333,0.37267799624996495,-5.321928,-4.321928,1.0,0.0,3.5290815238612874,3.5290815238612874,-1.626179809472046,3.529081523861287,0.7107313540012037,3.529081523861287,11.0
163.0,6,-0.7222222220000001,0.27777777800000003,-1.0,-0.444444444,0.0,0.0,3.385562986300165,-3.385562986300165,-4.107785208300165,3.385562986300165,0.6825600922530772,-3.385562986300165,12.0
234.0,9,-5.321928,0.0,-5.321928,-5.321928,1.0,0.0,3.382783410208606,3.382783410208606,-1.9391445897913944,3.382783410208605,0.4977829896962459,3.382783410208605,13.0
209.0,9,-3.547952,2.5087809185243737,-5.321928,0.0,0.6666666666666666,0.0,3.3639856707552727,3.0634606336576202,-0.4844913663423799,3.3639856707552727,0.12574280869932705,3.06346063365762,14.0
241.0,9,-3.8774835556666667,0.4157397096712446,-4.321928,-3.321928,0.3333333333333333,0.0,3.362025169506012,3.362025169506012,-0.5154583861606544,3.362025169506012,0.18145154755585263,3.362025169506012,15.0
155.0,12,-3.8219279999999998,1.4999999999999998,-5.321928,-2.321928,0.5,0.0,3.347262793514924,3.347262793514924,-0.4746652064850758,3.347262793514924,0.3520692096241174,3.347262793514924,16.0
128.0,12,-4.781687,0.9357248603318177,-5.321928,-3.160964,0.75,0.0,3.245050558844994,3.245050558844994,-1.5366364411550062,3.245050558844994,0.6543633223458869,3.245050558844994,17.0
226.0,6,0.0,0.0,0.0,0.0,0.0,0.0,3.07554163002675,-3.07554163002675,-3.07554163002675,3.07554163002675,0.5007545302339464,-3.07554163002675,18.0
220.0,12,-3.7281779999999998,0.3890593624371477,-4.321928,-3.321928,0.25,0.0,3.054478131833186,3.054478131833186,-0.6736998681668139,3.054478131833186,0.24287511630245517,3.054478131833186,19.0
75.0,9,-3.9914459999999994,1.88158568889328,-5.321928,-1.330482,0.6666666666666666,0.0,3.017438531536329,2.608013870686599,-1.3834321293134009,3.0174385315363286,0.14713855378779792,2.608013870686599,20.0
64.0,18,-3.9627177778333333,1.6998403606550225,-5.321928,-0.666666667,0.6666666666666666,0.0,3.016633496355044,2.9228803208206626,-1.0398374570126707,3.0166334963550434,0.08913542832327478,2.922880320820662,21.0
130.0,12,-4.571928,0.8291561975888497,-5.321928,-3.321928,0.75,0.0,2.927856044252158,2.927856044252158,-1.6440719557478412,2.927856044252158,0.9723617337480409,2.927856044252158,22.0
231.0,9,-3.6552613333333333,0.6236095644623234,-4.321928,-2.821928,0.3333333333333333,0.0,2.8069306056711483,2.8069306056711483,-0.8483307276621849,2.8069306056711483,0.33110194700559614,2.8069306056711483,23.0
79.0,6,-2.821928,0.5,-3.321928,-2.321928,0.0,0.0,2.781563639496154,2.781563639496154,-0.040364360503846355,2.7815636394961536,0.1048623407666316,2.7815636394961536,24.0
265.0,12,-0.0625,0.10825317547305482,-0.25,0.0,0.0,0.0,2.7584877685335063,-2.7584877685335063,-2.8209877685335063,2.7584877685335063,0.11378944979728957,-2.7584877685335063,25.0
73.0,6,-1.0,0.0,-1.0,-1.0,0.0,0.0,2.7502076597359757,-2.7502076597359757,-3.7502076597359757,2.750207659735976,0.81591521685918,-2.750207659735976,26.0
236.0,18,-3.4349399999999997,1.868982582597637,-5.321928,0.0,0.5,0.0,2.6192603072244385,2.477276286104095,-0.9576637138959051,2.619260307224439,0.2935299012662425,2.477276286104095,27.0
29.0,6,-0.25,0.25,-0.5,0.0,0.0,0.0,2.536943810544541,-2.536943810544541,-2.786943810544541,2.536943810544541,0.2822917569643211,-2.536943810544541,28.0
258.0,12,-3.991446,2.3044624225558548,-5.321928,0.0,0.75,0.0,2.5280719919275674,2.129243663029994,-1.8622023369700058,2.528071991927568,0.2705871122868896,2.129243663029994,29.0
132.0,15,-3.6575423999999996,2.1666573568401257,-5.321928,0.0,0.6,0.0,2.516406565647599,2.355650697987334,-1.3018917020126664,2.5164065656475993,0.19119317656849352,2.355650697987334,30.0
96.0,3,0.0,0.0,0.0,0.0,0.0,0.0,2.5158099754202428,-2.5158099754202428,-2.5158099754202428,2.5158099754202428,1.1653015203155865,-2.5158099754202428,31.0
56.0,9,-0.16666666666666666,0.23570226039551584,-0.5,0.0,0.0,0.0,2.5054472170029825,-2.5054472170029825,-2.672113883669649,2.5054472170029825,0.6960902777366214,-2.5054472170029825,32.0
181.0,6,-4.321928,0.9999999999999998,-5.321928,-3.321928,0.5,0.0,2.4949542652591012,2.4949542652591012,-1.8269737347408992,2.4949542652591012,0.542723962136444,2.4949542652591012,33.0
269.0,15,-0.15,0.2,-0.5,0.0,0.0,0.0,2.4820535457774215,-2.4820535457774215,-2.632053545777422,2.482053545777422,0.22468592821408395,-2.482053545777422,34.0
230.0,15,-3.791446,1.9004892121708028,-5.321928,-1.0,0.6,0.0,2.4610531585378723,2.4610531585378723,-1.3303928414621282,2.461053158537872,0.32344785952616123,2.461053158537872,35.0
248.0,9,-5.321928,0.0,-5.321928,-5.321928,1.0,0.0,2.3446313825138785,2.3446313825138785,-2.9772966174861213,2.344631382513878,0.8166743617317981,2.344631382513878,36.0
167.0,12,-2.660964,2.660964,-5.321928,0.0,0.5,0.0,2.277432019084934,2.222662682740387,-0.4383013172596129,2.277432019084934,0.13291946459769124,2.222662682740387,37.0
185.0,3,-3.321928,0.0,-3.321928,-3.321928,0.0,0.0,2.210396068726723,2.210396068726723,-1.1115319312732777,2.210396068726723,0.07012438666792208,2.210396068726723,38.0
275.0,9,-3.2146186666666665,2.3094486902088898,-5.321928,0.0,0.6666666666666666,0.0,2.1440264074800464,2.0557521380084207,-1.1588665286582458,2.1440264074800464,0.3041470059442179,2.0557521380084207,39.0
224.0,9,-2.863400444333333,1.7908685687494315,-5.321928,-1.107309333,0.3333333333333333,0.0,2.142332208682222,0.961997872497669,-1.9014025718356642,2.142332208682222,0.14302404448692257,0.9619978724976691,40.0
238.0,6,-0.3928571429999999,0.10714285700000001,-0.5,-0.285714286,0.0,0.0,2.063856172940524,-2.063856172940524,-2.456713315940524,2.063856172940524,0.44499240892813485,-2.063856172940524,41.0
186.0,15,0.009999999999999998,0.142828568570857,-0.2,0.25,0.0,0.2,2.060946798065978,-2.060946798065978,-2.0509467980659783,2.0609467980659777,0.45125394145336606,-2.0609467980659777,42.0
227.0,12,-5.321928,0.0,-5.321928,-5.321928,1.0,0.0,2.055666829694306,2.055666829694306,-3.266261170305693,2.055666829694306,0.1429684064700376,2.055666829694306,43.0
260.0,15,-4.2575424,2.1287712,-5.321928,0.0,0.8,0.0,2.0274223735767345,1.2120767103317462,-3.0454656896682537,2.0274223735767345,0.7814928850671586,1.212076710331746,44.0
63.0,6,-0.8036546665,0.8036546665,-1.607309333,0.0,0.0,0.0,1.9972815847622438,-1.9972815847622438,-2.8009362512622435,1.9972815847622438,0.3534211244548257,-1.9972815847622438,45.0
122.0,15,-0.18333333339999996,0.2603416559873241,-0.666666667,0.0,0.0,0.0,1.9669135449318003,-1.9669135449318003,-2.1502468783318003,1.9669135449318003,0.39594116099521354,-1.9669135449318003,46.0
136.0,9,-5.321928,0.0,-5.321928,-5.321928,1.0,0.0,1.9574137555557647,1.9574137555557647,-3.3645142444442353,1.9574137555557647,0.2115159928284855,1.9574137555557647,47.0
237.0,9,-0.16666666666666666,0.6236095644623236,-1.0,0.5,0.0,0.3333333333333333,1.9145895684864864,-1.9145895684864864,-2.081256235153153,1.9145895684864864,0.9907048956739112,-1.9145895684864864,48.0
35.0,12,-2.201205,0.8238790681228648,-3.321928,-1.0,0.0,0.0,1.883259406848331,1.883259406848331,-0.31794559315166887,1.883259406848331,0.44701061839001327,1.883259406848331,49.0
44.0,12,-2.826205,1.9032284331868836,-5.321928,0.0,0.25,0.0,1.8731358025984601,-0.8397469013105551,-3.6659519013105553,1.8731358025984601,0.55513199185632,-0.8397469013105551,50.0
131.0,12,-2.451205,2.0415886507548477,-5.321928,0.0,0.25,0.0,1.8716648456098417,1.744098359335421,-0.7071066406645792,1.8716648456098417,0.20798140214504754,1.744098359335421,51.0
174.0,6,-1.910964,1.910964,-3.821928,0.0,0.0,0.0,1.8697932562539084,1.3954951842543728,-0.5154688157456276,1.8697932562539084,0.15019588594189917,1.3954951842543724,52.0
205.0,6,-2.9942973335,2.3276306664999997,-5.321928,-0.666666667,0.5,0.0,1.8663053151754696,1.4843829393916563,-1.5099143941083435,1.8663053151754696,0.10919734290661144,1.4843829393916563,53.0
198.0,12,-0.7828213332499999,0.7332287407411976,-1.881285333,0.0,0.0,0.0,1.864844132563876,-1.6312495879031477,-2.4140709211531477,1.8648441325638763,0.10029084382654933,-1.6312495879031477,54.0
178.0,15,-3.0175423999999995,1.7095000830504339,-5.321928,0.0,0.2,0.0,1.8564449622378316,1.663964484485311,-1.353577915514689,1.8564449622378316,0.35804466272871394,1.6639644844853112,55.0
65.0,9,-3.795100666666667,0.7450463598288514,-4.321928,-2.741446,0.6666666666666666,0.0,1.852887139951035,1.852887139951035,-1.9422135267156315,1.8528871399510347,0.34877986915121983,1.8528871399510347,56.0
85.0,12,-1.05222899975,0.7231034959767441,-1.881285333,-0.333333333,0.0,0.0,1.8201821625564902,-1.6916413583199235,-2.7438703580699233,1.82018216255649,0.8692503807318805,-1.691641358319923,57.0
146.0,6,-4.321928,0.9999999999999998,-5.321928,-3.321928,0.5,0.0,1.8033853332214538,1.8033853332214538,-2.518542666778546,1.8033853332214542,0.2661566889675548,1.8033853332214542,58.0
38.0,12,-0.25,0.82915619758885,-1.0,1.0,0.0,0.25,1.795334513977501,-1.795334513977501,-2.045334513977501,1.7953345139775012,0.039677829943621616,-1.7953345139775012,59.0
77.0,15,-1.7287712,1.9885179387986824,-5.321928,0.0,0.2,0.0,1.7851039320935302,-1.4296150624932449,-3.1583862624932446,1.78510393209353,0.6041759304416794,-1.4296150624932447,60.0
95.0,9,-3.4885946666666663,1.3123346456686351,-5.321928,-2.321928,0.3333333333333333,0.0,1.7818026522526702,1.7818026522526702,-1.7067920144139963,1.7818026522526704,0.4751621404125027,1.7818026522526704,61.0
245.0,9,-2.881285333333333,1.8082082990373523,-5.321928,-1.0,0.3333333333333333,0.0,1.779544699913803,1.7041660974619999,-1.1771192358713334,1.7795446999138032,0.3659978042013367,1.704166097462,62.0
80.0,9,-1.6628648890000002,2.590924534528549,-5.321928,0.333333333,0.3333333333333333,0.3333333333333333,1.774938352759912,0.5019125160897149,-1.1609523729102849,1.7749383527599125,0.09731858313752821,0.5019125160897149,63.0
199.0,9,0.055555555666666666,0.07856742028897344,0.0,0.166666667,0.0,0.3333333333333333,1.7670794816388429,-1.7603714558185275,-1.704815900151861,1.767079481638843,0.35820835910280063,-1.7603714558185277,64.0
104.0,9,-4.210816889,1.3425606637970995,-5.321928,-2.321928,0.6666666666666666,0.0,1.7616718018648587,1.7616718018648587,-2.4491450871351415,1.7616718018648585,0.3304348783521222,1.7616718018648585,65.0
208.0,6,-4.1552613335,1.1666666664999998,-5.321928,-2.988594667,0.5,0.0,1.7450148531892016,1.7450148531892016,-2.4102464803107986,1.7450148531892016,0.4125538118299904,1.7450148531892016,66.0
50.0,12,0.125,0.21650635094610965,0.0,0.5,0.0,0.25,1.7399302306709359,-1.7399302306709359,-1.6149302306709357,1.7399302306709357,0.1850170611925347,-1.7399302306709357,67.0
84.0,15,-0.6310522666,1.3469854193099424,-3.321928,0.166666667,0.0,0.2,1.7131409997703229,-1.7131409997703229,-2.344193266370323,1.7131409997703233,0.4108285948337019,-1.7131409997703233,68.0
93.0,12,-0.6221486667500001,1.2773128917690526,-2.821928,0.333333333,0.0,0.25,1.6857038706495964,-1.6857038706495964,-2.3078525373995964,1.6857038706495964,0.5448954667464805,-1.6857038706495964,69.0
251.0,9,-1.4406426666666665,1.3915041930853902,-3.321928,0.0,0.0,0.0,1.675108174972178,-0.8332799100334561,-2.2739225767001225,1.675108174972178,0.5210861071015839,-0.8332799100334561,70.0
252.0,15,-0.21904761920000002,0.45932021145559226,-1.0,0.333333333,0.0,0.2,1.6665079825806262,-1.6665079825806262,-1.885555601780626,1.666507982580626,0.5707803426161717,-1.666507982580626,71.0
187.0,12,-2.435964,2.0144751696896144,-5.321928,-0.5,0.25,0.0,1.6554375415491274,1.5728566777896147,-0.863107322210385,1.6554375415491276,0.051804649103633776,1.5728566777896147,72.0
117.0,9,-1.773976,2.5087809185243732,-5.321928,0.0,0.3333333333333333,0.0,1.64863444793584,0.7548269134423531,-1.019149086557647,1.64863444793584,0.19736156175279615,0.7548269134423532,73.0
235.0,12,-2.85160666675,1.4459578952229786,-5.321928,-1.660964,0.25,0.0,1.64683029588953,1.64683029588953,-1.2047763708604704,1.64683029588953,0.2707040978986074,1.64683029588953,74.0
150.0,12,-0.41666666675,0.5951190356068832,-1.0,0.333333333,0.0,0.25,1.6337981090370208,-1.6337981090370208,-2.0504647757870207,1.6337981090370206,0.40849298968526926,-1.6337981090370206,75.0
37.0,12,0.20833333325000003,0.21650635089799714,0.0,0.5,0.0,0.5,1.6247975015551217,-1.6247975015551217,-1.4164641683051216,1.624797501555122,0.8322667829602663,-1.624797501555122,76.0
261.0,15,-2.025740897,2.5582775975729763,-5.321928,0.181818182,0.4,0.2,1.6028768039599337,0.472865218111621,-1.5528756788883789,1.6028768039599337,0.20412640769251034,0.4728652181116211,77.0
36.0,12,0.0,0.0,0.0,0.0,0.0,0.0,1.5646622526858245,-1.5646622526858245,-1.5646622526858245,1.5646622526858245,0.586154753921032,-1.5646622526858245,78.0
215.0,9,-2.7682733333333336,0.7829859384711553,-3.321928,-1.660964,0.0,0.0,1.560374385269301,1.560374385269301,-1.2078989480640328,1.5603743852693006,0.2881489442651024,1.5603743852693006,79.0
202.0,9,-1.854190222333333,1.8690861215555998,-4.321928,0.2,0.3333333333333333,0.3333333333333333,1.5418246460316332,0.8913558256379372,-0.9628343966953962,1.5418246460316334,0.03927650123454258,0.891355825637937,80.0
60.0,18,-0.027777777833333333,0.24374901067858745,-0.5,0.333333333,0.0,0.16666666666666666,1.5221307669739594,-1.5221307669739594,-1.5499085448072927,1.5221307669739594,0.04015381246616332,-1.5221307669739594,81.0
254.0,6,-0.75,0.25,-1.0,-0.5,0.0,0.0,1.5173205871047786,-0.952101731046659,-1.7021017310466589,1.5173205871047788,0.6292394934067123,-0.9521017310466591,82.0
76.0,15,-2.6931567999999997,1.864288666737037,-5.321928,-0.5,0.4,0.0,1.5171629135698954,0.70687367471167,-1.9862831252883297,1.5171629135698954,0.09059854903204327,0.7068736747116703,83.0
121.0,12,-4.696928,1.0825317547305482,-5.321928,-2.821928,0.75,0.0,1.5124326553542844,1.5124326553542844,-3.184495344645715,1.5124326553542844,0.688088974877908,1.5124326553542844,84.0
244.0,15,-2.0228354666,2.1919132649568365,-5.321928,0.25,0.2,0.2,1.5100522105855008,0.27629110397419426,-1.7465443626258053,1.510052210585501,0.1474774828872286,0.2762911039741943,85.0
58.0,15,-0.25,0.3872983346207417,-1.0,0.0,0.0,0.0,1.503018805070073,-1.4947749997074595,-1.7447749997074595,1.503018805070073,0.7242007664540836,-1.4947749997074595,86.0
182.0,15,0.0,0.6324555320336759,-1.0,1.0,0.0,0.2,1.498156555648117,-1.498156555648117,-1.498156555648117,1.498156555648117,0.6834548717266008,-1.498156555648117,87.0
175.0,9,-0.886988,1.6208485712597172,-3.160964,0.5,0.0,0.3333333333333333,1.4890592848534152,0.44478934928452496,-0.442198650715475,1.489059284853415,0.05914994960591033,0.44478934928452496,88.0
105.0,15,-2.3123375999999998,0.47693082730916225,-2.821928,-1.440642667,0.0,0.0,1.462510957243713,1.462510957243713,-0.8498266427562872,1.462510957243713,0.21703547792614078,1.462510957243713,89.0
87.0,12,-1.392982,1.7306043906600954,-4.321928,0.0,0.25,0.0,1.4368007497567932,1.3930683167574014,8.631675740134366e-05,1.4368007497567927,0.203145521294395,1.3930683167574014,90.0
124.0,15,-2.2787712,2.4897527734544562,-5.321928,0.0,0.4,0.0,1.4328979599370986,1.206266189988567,-1.072505010011433,1.4328979599370986,0.20401464531144575,1.2062661899885667,91.0
142.0,9,-3.9885946666666663,0.9428090415820631,-5.321928,-3.321928,0.3333333333333333,0.0,1.4057062234781994,1.4057062234781994,-2.5828884431884678,1.4057062234781992,0.11943818853439826,1.4057062234781992,92.0
256.0,12,-2.410964,2.436749352989757,-5.321928,0.0,0.5,0.0,1.4000881602989261,1.142352864629782,-1.2686111353702179,1.4000881602989261,0.08124634169245223,1.1423528646297822,93.0
206.0,15,-0.26666666660000005,0.3887301263115868,-1.0,0.0,0.0,0.0,1.3713951606181167,-1.3622738280300943,-1.6289404946300943,1.3713951606181167,0.18610450803400339,-1.3622738280300943,94.0
59.0,12,-3.14620790475,1.8170164157535758,-5.321928,-0.285714286,0.25,0.0,1.360229464468351,0.9755847501628742,-2.1706231545871257,1.360229464468351,0.054552658210931006,0.9755847501628742,95.0
242.0,12,-1.88824506675,1.9930128611688258,-5.321928,-0.5,0.25,0.0,1.3482049111030712,1.1499367448145559,-0.7383083219354445,1.3482049111030712,0.2524013328167555,1.1499367448145557,96.0
222.0,6,0.0625,0.0625,0.0,0.125,0.0,0.5,1.3401032605156595,-1.3401032605156595,-1.2776032605156593,1.340103260515659,0.5062041824220388,-1.340103260515659,97.0
180.0,15,0.15,0.43588989435406733,-0.25,1.0,0.0,0.2,1.329737824744085,-1.329737824744085,-1.1797378247440848,1.329737824744085,0.48141851358749294,-1.329737824744085,98.0
101.0,12,-1.9138153332499999,1.9758925554000686,-5.321928,-0.5,0.25,0.0,1.3145877918445,0.7866213083279313,-1.1271940249220684,1.3145877918445,0.0868676526774385,0.7866213083279314,99.0
183.0,12,0.0,0.0,0.0,0.0,0.0,0.0,1.3008310985011855,-1.3008310985011855,-1.3008310985011855,1.3008310985011855,0.23636678250057244,-1.3008310985011855,100.0
285.0,15,-0.9095904000000001,1.2089756661118491,-3.214618667,0.0,0.0,0.0,1.2947707542720035,-1.2947707542720035,-2.204361154272003,1.2947707542720035,0.5696535233790847,-1.2947707542720035,101.0
184.0,15,-1.9221045334000002,2.2453834059542137,-5.321928,0.333333333,0.2,0.2,1.2934398502600581,0.45220323034961407,-1.4699013030503858,1.2934398502600581,0.03465276757807153,0.452203230349614,102.0
189.0,12,-1.455482,2.2416069140177095,-5.321928,0.0,0.25,0.0,1.2856864777925294,0.156659987186381,-1.298822012813619,1.2856864777925294,0.15008224191384217,0.156659987186381,103.0
148.0,6,0.125,0.125,0.0,0.25,0.0,0.5,1.276887738504012,-1.276887738504012,-1.151887738504012,1.2768877385040123,0.707790133382059,-1.2768877385040123,104.0
161.0,12,-1.9533435000000001,1.6635471422806771,-4.655261333,-0.5,0.25,0.0,1.2645601530225588,0.6324533590166362,-1.3208901409833638,1.2645601530225588,0.2904180372096556,0.6324533590166362,105.0
201.0,12,-1.9734639999999999,1.51786318859639,-3.571928,0.0,0.0,0.0,1.2574153798339796,0.5009281249116492,-1.4725358750883508,1.2574153798339793,0.33255366431349825,0.5009281249116492,106.0
157.0,15,-0.2,0.4000000000000001,-1.0,0.0,0.0,0.0,1.2485803586861302,-1.2485803586861302,-1.4485803586861299,1.2485803586861302,0.24248474141874043,-1.2485803586861302,107.0
28.0,9,-0.7005355556666666,0.9907068837483723,-2.101606667,0.0,0.0,0.0,1.2386467498537188,-1.2386467498537188,-1.9391823055203856,1.238646749853719,0.07731955560384121,-1.238646749853719,108.0
191.0,6,-2.910964,2.4109640000000003,-5.321928,-0.5,0.5,0.0,1.2357767631843235,0.8969163445974987,-2.0140476554025013,1.2357767631843235,0.11251900201463354,0.8969163445974987,109.0
270.0,12,-0.3125,0.2072890493972125,-0.5,0.0,0.0,0.0,1.2313077572869406,-1.2313077572869406,-1.5438077572869402,1.2313077572869406,0.33053000037200503,-1.2313077572869406,110.0
158.0,9,-1.3295315556666667,1.5103370788814674,-3.321928,0.333333333,0.0,0.3333333333333333,1.2217664321882085,0.8689267771415432,-0.4606047785251235,1.2217664321882085,0.11982998450591555,0.8689267771415432,111.0
25.0,15,-0.0333333334,0.0666666668,-0.166666667,0.0,0.0,0.0,1.2165593293664325,-1.2165593293664325,-1.2498926627664324,1.2165593293664327,0.5857895706830256,-1.2165593293664327,112.0
197.0,9,-2.307141206333333,0.2904638271702584,-2.6552613330000003,-1.944234286,0.0,0.0,1.1923984304364137,0.04484787462054488,-2.2622933317127885,1.1923984304364137,0.34013852580859416,0.04484787462054485,113.0
282.0,9,-2.160964,2.284838347206209,-5.321928,0.0,0.3333333333333333,0.0,1.1887188309527466,-1.1887188309527466,-3.349682830952746,1.1887188309527466,0.20241549010301668,-1.1887188309527466,114.0
266.0,12,-0.125,0.21650635094610965,-0.5,0.0,0.0,0.0,1.1827585582160907,-1.1827585582160907,-1.3077585582160907,1.1827585582160907,0.18983482637464227,-1.1827585582160907,115.0
137.0,12,-3.28311266675,2.2205643179545405,-5.321928,0.0,0.5,0.0,1.1639297594616187,1.03383403133958,-2.2492786354104197,1.1639297594616187,0.4593388759406685,1.03383403133958,116.0
72.0,12,-2.160964,2.273711813158387,-5.321928,0.0,0.25,0.0,1.1545891996902595,0.18790696301637608,-1.973057036983624,1.1545891996902595,0.06839726382404256,0.18790696301637608,117.0
55.0,9,-2.2442973333333334,2.3118252158023442,-5.321928,0.25,0.3333333333333333,0.3333333333333333,1.1432416637906924,0.6769555871384497,-1.5673417461948835,1.1432416637906924,0.1428877263471146,0.6769555871384497,118.0
154.0,9,-2.881285333333333,1.39150419308539,-4.321928,-1.0,0.3333333333333333,0.0,1.1266640643633148,0.016222920779462215,-2.8650624125538715,1.1266640643633148,0.23661034147883306,0.016222920779462153,119.0
67.0,15,-1.9621045334000002,1.7977452944904475,-5.321928,-0.5,0.2,0.0,1.0969731193327823,0.7724319389127573,-1.1896725944872426,1.096973119332782,0.1360119609997232,0.7724319389127574,120.0
219.0,15,-2.1931567999999997,1.4181631192934614,-3.321928,0.0,0.0,0.0,1.0938597372521204,0.9861485622117717,-1.2070082377882287,1.0938597372521202,0.29569151069105265,0.9861485622117715,121.0
173.0,12,0.20833333325000003,0.12499999991666666,0.0,0.333333333,0.0,0.75,1.092120836778911,-1.092120836778911,-0.883787503528911,1.0921208367789113,0.2616276101068345,-1.0921208367789113,122.0
262.0,12,-0.25,0.4330127018922193,-1.0,0.0,0.0,0.0,1.0874780207214807,-1.085830813424341,-1.335830813424341,1.0874780207214807,0.5741555892543561,-1.0858308134243408,123.0
47.0,12,-1.455482,2.2416069140177095,-5.321928,0.0,0.25,0.0,1.0842178802723532,-0.30947376261301385,-1.7649557626130141,1.0842178802723532,0.08908536506186149,-0.30947376261301385,124.0
223.0,15,-2.8346652800000003,1.755434038132015,-4.821928,0.0,0.4,0.0,1.0778559529880265,-0.40962047157731507,-3.244285751577315,1.0778559529880265,0.04398598731797899,-0.40962047157731507,125.0
216.0,9,-1.8276306666666666,0.5889010910893461,-2.321928,-1.0,0.0,0.0,1.072609504721059,-0.33102785811167423,-2.158658524778341,1.0726095047210593,0.34264229013414493,-0.3310278581116743,126.0
40.0,6,-1.2609640000000002,1.060964,-2.321928,-0.2,0.0,0.0,1.0722385932398597,0.6855907727359334,-0.5753732272640667,1.0722385932398597,0.035070735241585244,0.6855907727359334,127.0
116.0,12,-0.8319076667499999,0.5989499958667612,-1.660964,0.0,0.0,0.0,1.027917557563903,-1.0060195555809186,-1.8379272223309187,1.027917557563903,0.7155841524025771,-1.0060195555809186,128.0
111.0,12,-0.20833333325000003,0.21650635089799714,-0.5,0.0,0.0,0.0,1.027066575880425,-1.027066575880425,-1.2353999091304249,1.027066575880425,0.31015751469085184,-1.027066575880425,129.0
74.0,9,-3.4646186666666665,1.9624586414429788,-5.321928,-0.75,0.6666666666666666,0.0,1.018149790323668,0.8661451397396616,-2.598473526927005,1.0181497903236678,0.18978536395746992,0.8661451397396615,130.0
66.0,18,-2.0840552,2.3463904101140542,-5.321928,0.0,0.3333333333333333,0.0,1.0161021416203289,0.8644965552076808,-1.219558644792319,1.0161021416203286,0.03767998792360354,0.8644965552076808,131.0
89.0,12,-1.5131024999999998,0.7108371275269393,-2.721928,-1.0,0.0,0.0,1.012758785160037,0.026412422518104255,-1.4866900774818959,1.0127587851600368,0.21018122105528092,0.0264124225181042,132.0
190.0,15,-0.04000000000000001,0.08000000000000002,-0.2,0.0,0.0,0.0,1.0073189553987496,-0.9944620141929761,-1.034462014192976,1.0073189553987496,0.6623339762609266,-0.994462014192976,133.0
212.0,6,-2.3247793335,0.6638153335,-2.988594667,-1.660964,0.0,0.0,0.9955965449923804,0.25811524581678585,-2.0666640876832143,0.9955965449923804,0.7765305645552737,0.2581152458167859,134.0
172.0,12,-0.03125,0.05412658773652741,-0.125,0.0,0.0,0.0,0.9913090974432112,-0.9913090974432112,-1.0225590974432113,0.9913090974432114,0.46959433693870384,-0.9913090974432114,135.0
81.0,15,-1.2921719734,1.6149276772961116,-4.321928,0.0,0.2,0.0,0.9797959179413844,-0.14370948943517828,-1.4358814628351781,0.9797959179413844,0.1258766449985863,-0.14370948943517822,136.0
127.0,18,-0.0555555555,0.3142696804782498,-0.5,0.5,0.0,0.16666666666666666,0.9792677816433848,-0.9792677816433848,-1.0348233371433848,0.9792677816433848,0.2631890639736429,-0.9792677816433848,137.0
159.0,9,-1.3716949333333333,0.9936666067605754,-2.321928,0.0,0.0,0.0,0.9548987331072382,0.8741429134963261,-0.49755201983700714,0.954898733107238,0.12295061122005017,0.8741429134963262,138.0
52.0,12,-1.05365466675,0.7006752480944083,-2.214618667,-0.5,0.0,0.0,0.9359231769436286,-0.267223938553606,-1.3208786053036061,0.9359231769436288,0.059641560119177844,-0.267223938553606,139.0
152.0,18,-0.4147657778333334,0.8869683238709589,-2.321928,0.333333333,0.0,0.16666666666666666,0.9326030894771589,-0.35177977812830236,-0.7665455559616358,0.9326030894771588,0.4459592892697801,-0.3517797781283023,140.0
45.0,15,-0.8643856,1.7287712,-4.321928,0.0,0.2,0.0,0.9254002223134606,-0.1399923951853512,-1.0043779951853513,0.9254002223134604,0.0903489823092749,-0.13999239518535123,141.0
119.0,9,-1.1073093333333333,0.9509552667577075,-2.321928,0.0,0.0,0.0,0.9219666622778556,0.5788752825244242,-0.5284340508089093,0.9219666622778556,0.023159393465842254,0.5788752825244242,142.0
229.0,9,-2.2739759999999998,1.801674137337826,-4.821928,-1.0,0.3333333333333333,0.0,0.9122285727997325,0.8808561838821097,-1.3931198161178902,0.9122285727997325,0.41884536280983575,0.8808561838821097,143.0
126.0,15,-1.6121045332,1.5401771564547908,-4.321928,-0.333333333,0.2,0.0,0.9104650297055089,0.47687846571507003,-1.13522606748493,0.910465029705509,0.22863228862268298,0.47687846571507,144.0
147.0,9,-0.5833333333333334,0.42491829279939874,-1.0,0.0,0.0,0.0,0.9011868968710286,-0.8356704080668425,-1.419003741400176,0.9011868968710286,0.45278235350197366,-0.8356704080668423,145.0
83.0,9,-2.821928,0.7071067811865476,-3.821928,-2.321928,0.0,0.0,0.883184793613232,0.05867864222780835,-2.763249357772192,0.883184793613232,0.15031813350380263,0.05867864222780835,146.0
143.0,12,-1.814217,0.8953897712655348,-3.1552613330000003,-1.0,0.0,0.0,0.8790810160906206,0.8790810160906206,-0.9351359839093796,0.8790810160906206,0.06694610208803921,0.8790810160906206,147.0
213.0,9,-0.16666666666666666,0.23570226039551584,-0.5,0.0,0.0,0.0,0.8581391431851043,-0.8581391431851043,-1.024805809851771,0.8581391431851042,0.28551001851853514,-0.8581391431851042,148.0
82.0,15,-1.7931568,1.1611070893436835,-3.321928,0.0,0.0,0.0,0.8552844391678041,0.0015440611440220204,-1.791612738855978,0.8552844391678042,0.24347128749176994,0.001544061144022039,149.0
225.0,15,0.0,0.6324555320336759,-1.0,1.0,0.0,0.2,0.8513499157774991,-0.36898666186523826,-0.36898666186523826,0.8513499157774991,0.23618115990790106,-0.3689866618652384,150.0
86.0,9,-0.16666666666666666,0.6236095644623235,-1.0,0.5,0.0,0.3333333333333333,0.8409940815295248,-0.7434961109544269,-0.9101627776210938,0.8409940815295248,0.3524167394100261,-0.743496110954427,151.0
192.0,9,-0.7739760000000001,1.0945673561512788,-2.321928,0.0,0.0,0.0,0.8205102710475569,-0.7242073297957634,-1.4981833297957636,0.8205102710475569,0.41334016898434267,-0.7242073297957633,152.0
24.0,12,-1.267982,1.2162023092281975,-3.321928,-0.25,0.0,0.0,0.8174023412476599,-0.6786277895945361,-1.9466097895945362,0.8174023412476599,0.19004748255094617,-0.6786277895945361,153.0
51.0,15,-0.8251498286000001,0.8491447475658171,-2.321928,0.0,0.0,0.0,0.8002579176954271,0.014374679687668894,-0.8107751489123312,0.800257917695427,0.13710302044294898,0.014374679687668887,154.0
46.0,12,-0.7679819999999999,0.9768426753661229,-2.321928,0.333333333,0.0,0.25,0.7964389214908641,0.4129340962665726,-0.3550479037334274,0.7964389214908643,0.0328686390724968,0.4129340962665727,155.0
162.0,9,-1.2203213333333334,0.3115814176801235,-1.660964,-1.0,0.0,0.0,0.7887019582061939,0.7887019582061939,-0.4316193751271395,0.788701958206194,0.263597905479634,0.788701958206194,156.0
210.0,6,-0.25,0.25,-0.5,0.0,0.0,0.0,0.7777102941172339,-0.7777102941172339,-1.0277102941172338,0.7777102941172339,0.00609916305591349,-0.7777102941172339,157.0
112.0,9,0.0,0.0,0.0,0.0,0.0,0.0,0.7766572205803718,-0.775404182934975,-0.775404182934975,0.7766572205803718,0.21858394829733455,-0.775404182934975,158.0
98.0,9,0.0,0.0,0.0,0.0,0.0,0.0,0.754630408724091,-0.754630408724091,-0.754630408724091,0.754630408724091,0.4796943677417896,-0.754630408724091,159.0
149.0,15,-0.43571428579999993,0.3307381972207267,-1.0,0.0,0.0,0.0,0.7384018302228892,-0.6964015422605632,-1.1321158280605632,0.7384018302228892,0.38617753474895283,-0.6964015422605631,160.0
145.0,12,-0.19999999999999998,0.46904157598234303,-1.0,0.2,0.0,0.25,0.7363964905814174,-0.40681839996428865,-0.6068183999642887,0.7363964905814177,0.049387302944703726,-0.40681839996428865,161.0
113.0,9,-0.17777777766666666,0.1369869777175828,-0.333333333,0.0,0.0,0.0,0.7322236968122984,-0.6980485364165655,-0.8758263140832321,0.7322236968122983,0.20168890243175255,-0.6980485364165654,162.0
193.0,12,0.0,0.2357022601598136,-0.333333333,0.333333333,0.0,0.25,0.7299683166300418,-0.6276410372592416,-0.6276410372592417,0.729968316630042,0.12410653677385833,-0.6276410372592417,163.0
195.0,12,-0.830482,0.9529622536973855,-2.321928,0.0,0.0,0.0,0.7188397542992805,0.43543547654880504,-0.39504652345119484,0.7188397542992805,0.05309090364219851,0.4354354765488051,164.0
257.0,12,-1.892982,2.0032407636058127,-5.321928,-0.25,0.25,0.0,0.6951334267615761,0.6951334267615761,-1.1978485732384239,0.6951334267615761,0.29725605838223995,0.6951334267615761,165.0
26.0,9,-0.3333333333333333,0.4714045207910317,-1.0,0.0,0.0,0.0,0.6868571313665873,-0.06225535634390353,-0.39558868967723687,0.6868571313665873,0.3177832037743795,-0.06225535634390359,166.0
32.0,18,-0.13888888883333333,0.20222527464881865,-0.5,0.0,0.0,0.0,0.6692000709992514,-0.6281815416372695,-0.7670704304706029,0.6692000709992515,0.4529967206482613,-0.6281815416372695,167.0
214.0,18,-1.8434204445000002,1.536828666879375,-5.071928,-0.666666667,0.16666666666666666,0.0,0.6514597357694194,0.5055707893325466,-1.3378496551674532,0.6514597357694193,0.1897215698305457,0.5055707893325466,168.0
53.0,9,0.3333333333333333,0.4714045207910317,0.0,1.0,0.0,0.3333333333333333,0.6433732715349687,-0.6433732715349687,-0.31003993820163545,0.6433732715349688,0.18749571402706222,-0.6433732715349688,169.0
115.0,12,-1.49714866675,0.8610867497261281,-2.988594667,-1.0,0.0,0.0,0.6376761880693934,0.6358764107234519,-0.8612722560265481,0.6376761880693934,0.32393233494430296,0.6358764107234519,170.0
274.0,18,-0.7203213333333333,1.219428055664713,-3.321928,0.0,0.0,0.0,0.6339867837404886,0.03218149049098429,-0.688139842842349,0.6339867837404886,0.14853078202425393,0.0321814904909843,171.0
243.0,9,-3.5441502223333337,1.0999438819916516,-4.988594667,-2.321928,0.3333333333333333,0.0,0.6318780450839352,0.3535980569048478,-3.190552165428486,0.6318780450839352,0.031143910406678778,0.3535980569048478,172.0
114.0,12,-1.826205,1.208848406083658,-3.321928,0.0,0.0,0.0,0.6295705557047355,-0.022196213456956142,-1.848401213456956,0.6295705557047355,0.08861962562136957,-0.02219621345695612,173.0
253.0,12,-0.08333333325,0.1443375671530689,-0.333333333,0.0,0.0,0.0,0.621374391377615,-0.5049953990272341,-0.5883287322772341,0.6213743913776151,0.21697207743277414,-0.5049953990272342,174.0
61.0,15,0.0,0.0,0.0,0.0,0.0,0.0,0.618620205483375,-0.618620205483375,-0.618620205483375,0.618620205483375,0.2138746444006561,-0.618620205483375,175.0
284.0,12,-0.125,0.5448623679425842,-1.0,0.5,0.0,0.25,0.6174169804993966,-0.21429970963104975,-0.3392997096310497,0.6174169804993966,0.10009775695413546,-0.21429970963104975,176.0
123.0,15,-1.9379691428,1.2950585904843817,-4.321928,-1.0,0.2,0.0,0.6049170295849984,0.5451653666956631,-1.392803776104337,0.6049170295849984,0.24228909590546244,0.5451653666956631,177.0
277.0,12,-0.31506885725,0.32823207822585326,-0.7602754290000001,0.0,0.0,0.0,0.5994024772536425,-0.3152355966085939,-0.630304453858594,0.5994024772536425,0.108236387840726,-0.31523559660859396,178.0
281.0,9,-1.1073093333333335,1.5659718769423103,-3.321928,0.0,0.0,0.0,0.5974811606738162,0.42221330531871776,-0.6850960280146157,0.5974811606738162,0.08310041887515891,0.42221330531871776,179.0
27.0,18,-1.4942973333333334,0.8922351884555004,-2.321928,0.0,0.0,0.0,0.5731692761170362,0.01091788175206079,-1.4833794515812728,0.5731692761170363,0.06787636436629797,0.010917881752060784,180.0
94.0,15,-0.2,0.4000000000000001,-1.0,0.0,0.0,0.0,0.571095180573238,-0.4817622766029557,-0.6817622766029559,0.5710951805732383,0.1405329332814646,-0.48176227660295573,181.0
118.0,9,0.0,0.0,0.0,0.0,0.0,0.0,0.5639278551515489,-0.5639278551515489,-0.5639278551515489,0.5639278551515489,0.20480692929666333,-0.5639278551515489,182.0
211.0,12,-0.75,0.4330127018922193,-1.0,0.0,0.0,0.0,0.5528994622097657,-0.3464649025914555,-1.0964649025914557,0.5528994622097656,0.06132136687711289,-0.3464649025914556,183.0
259.0,9,-1.773976,1.0945673561512788,-3.321928,-1.0,0.0,0.0,0.5470409311224811,0.44263321083229223,-1.3313427891677079,0.547040931122481,0.20016234382457085,0.44263321083229235,184.0
268.0,15,-0.9084498668,0.59173866257548,-1.660964,-0.166666667,0.0,0.0,0.5349625676565304,0.3785309533378456,-0.5299189134621545,0.5349625676565305,0.08919932737019902,0.3785309533378456,185.0
106.0,18,-0.7888153333333333,0.8324006713385622,-2.321928,0.25,0.0,0.16666666666666666,0.5332020406786602,0.0006022129158536923,-0.7882131204174797,0.5332020406786602,0.13093803821615344,0.0006022129158536985,186.0
140.0,12,-1.1861991905,1.0445828769662822,-2.6552613330000003,0.0,0.0,0.0,0.5242192412154171,-0.3097878294076333,-1.4959870199076335,0.5242192412154171,0.3824114667323487,-0.3097878294076333,187.0
78.0,9,-0.6369880000000001,0.5841113686230278,-1.410964,0.0,0.0,0.0,0.5213269095614841,0.41890744583660144,-0.2180805541633986,0.5213269095614841,0.06002839796986354,0.4189074458366015,188.0
153.0,12,0.0,0.2357022601598136,-0.333333333,0.333333333,0.0,0.25,0.4775138601783695,-0.47039174809866147,-0.47039174809866147,0.47751386017836955,0.24961682672357835,-0.47039174809866147,189.0
249.0,12,-1.09532133325,0.4975739170893835,-1.881285333,-0.5,0.0,0.0,0.4747573115274259,0.343809915909197,-0.751511417340803,0.47475731152742595,0.05994414967832952,0.343809915909197,190.0
264.0,15,-1.4187712,1.079012500819226,-2.821928,0.0,0.0,0.0,0.4558149659644404,0.18101132417147187,-1.237759875828528,0.4558149659644404,0.23543783372874857,0.18101132417147192,191.0
271.0,6,-0.5,0.5,-1.0,0.0,0.0,0.0,0.4429993967619487,-0.13675797033681072,-0.6367579703368107,0.44299939676194877,0.11910595469132304,-0.13675797033681072,192.0
204.0,9,-0.35555555566666663,0.2739739558136822,-0.666666667,0.0,0.0,0.0,0.4428792265270882,-0.16798222815917263,-0.5235377838258394,0.4428792265270882,0.09715676742396813,-0.1679822281591726,193.0
88.0,9,-0.2381285333333333,0.18977037907684347,-0.4643855999999999,0.0,0.0,0.0,0.43864185244935877,0.43864185244935877,0.2005133191160255,0.43864185244935877,0.10108061388294946,0.43864185244935877,194.0
203.0,12,-0.24857433325000003,0.5311446108599241,-1.160964,0.166666667,0.0,0.25,0.4324683158837938,0.06176680905468174,-0.18680752419531832,0.4324683158837938,0.0542187132793287,0.06176680905468174,195.0
62.0,6,-0.5,0.5,-1.0,0.0,0.0,0.0,0.43033444559645556,-0.039063061975740845,-0.5390630619757409,0.43033444559645556,0.22845216345301095,-0.03906306197574086,196.0
108.0,6,0.0,0.0,0.0,0.0,0.0,0.0,0.4127864724988865,-0.4127864724988865,-0.4127864724988865,0.4127864724988865,0.17989505827833716,-0.4127864724988865,197.0
170.0,12,-0.46983076175,0.47580856101386765,-1.045989714,0.0,0.0,0.0,0.4080889829880269,0.3353848286713177,-0.13444593307868233,0.4080889829880268,0.14276087605637738,0.3353848286713177,198.0
267.0,9,-0.44444444433333335,0.41573970967124474,-1.0,0.0,0.0,0.0,0.40328290938165773,-0.20100972326653124,-0.6454541675998645,0.40328290938165773,0.2428026828122431,-0.20100972326653124,199.0
100.0,12,-0.580482,1.0054243168791972,-2.321928,0.0,0.0,0.0,0.39990746357598034,-0.053107073648124926,-0.6335890736481251,0.39990746357598045,0.1259662235964596,-0.05310707364812494,200.0
207.0,12,-0.375,0.414578098794425,-1.0,0.0,0.0,0.0,0.3995289606570664,-0.389336707681456,-0.7643367076814561,0.39952896065706645,0.2836681994115074,-0.389336707681456,201.0
31.0,9,-0.111111111,0.15713484010654238,-0.333333333,0.0,0.0,0.0,0.3710888851191962,-0.3127159728434392,-0.4238270838434392,0.3710888851191962,0.06125868524472338,-0.31271597284343916,202.0
169.0,12,0.0,0.0,0.0,0.0,0.0,0.0,0.35759261902119643,-0.35453682790111146,-0.35453682790111146,0.35759261902119643,0.1248380870870772,-0.3545368279011114,203.0
41.0,6,-0.5,0.5,-1.0,0.0,0.0,0.0,0.34323698362187044,0.05183472827202812,-0.4481652717279719,0.34323698362187044,0.045570901418388356,0.0518347282720281,204.0
276.0,3,-0.5,0.0,-0.5,-0.5,0.0,0.0,0.328671093495717,-0.328671093495717,-0.828671093495717,0.328671093495717,0.26429737310266876,-0.328671093495717,205.0
246.0,9,0.0,0.0,0.0,0.0,0.0,0.0,0.267733343731128,-0.2393220717994814,-0.2393220717994814,0.26773334373112806,0.20461101752286362,-0.2393220717994814,206.0
109.0,15,-0.1,0.20000000000000004,-0.5,0.0,0.0,0.0,0.26647534930607353,0.06595630624122005,-0.03404369375877996,0.26647534930607353,0.05618477156649171,0.06595630624122004,207.0
280.0,9,-0.055555555666666666,0.07856742028897344,-0.166666667,0.0,0.0,0.0,0.23467046313704815,-0.23467046313704815,-0.29022601880371485,0.23467046313704817,0.06808658189802937,-0.23467046313704817,208.0
107.0,9,-0.7024364443333334,0.5219906259617065,-1.440642667,-0.333333333,0.0,0.0,0.1817856848302659,-0.007120734563688243,-0.7095571788970216,0.18178568483026591,0.08089889231308392,-0.007120734563688243,209.0
151.0,12,-0.125,0.21650635094610965,-0.5,0.0,0.0,0.0,0.15989148337144746,-0.04037471471585212,-0.1653747147158521,0.15989148337144746,0.026979519189548603,-0.040374714715852134,210.0
