position,n,mean,std,min,max,extreme_rate,positive_rate,split,MAE,repeat_mae_mean,repeat_mae_std
24,4,-1.267982,1.4043494612438887,-3.321928,-0.25,0.0,0.0,original_training,0.8174023412476599,0.8174023412476599,0.19004748255094617
25,5,-0.0333333334,0.07453559939906418,-0.166666667,0.0,0.0,0.0,original_training,1.2165593293664325,1.2165593293664327,0.5857895706830256
26,3,-0.3333333333333333,0.5773502691896258,-1.0,0.0,0.0,0.0,original_training,0.6868571313665873,0.6868571313665873,0.3177832037743795
27,6,-1.4942973333333336,0.9773946786339013,-2.321928,0.0,0.0,0.0,original_training,0.5731692761170362,0.5731692761170363,0.06787636436629797
28,3,-0.7005355556666667,1.2133631749231621,-2.101606667,0.0,0.0,0.0,original_training,1.2386467498537188,1.238646749853719,0.07731955560384121
29,2,-0.25,0.3535533905932738,-0.5,0.0,0.0,0.0,original_training,2.536943810544541,2.536943810544541,0.2822917569643211
30,5,-0.5417832,1.232219965176348,-2.321928,1.0,0.0,0.2,fixed_holdout,,,
31,3,-0.111111111,0.19245008953742515,-0.333333333,0.0,0.0,0.0,original_training,0.3710888851191962,0.3710888851191962,0.06125868524472338
32,6,-0.13888888883333333,0.22152668924567115,-0.5,0.0,0.0,0.0,original_training,0.6692000709992514,0.6692000709992515,0.4529967206482613
33,4,-0.5,0.5773502691896257,-1.0,0.0,0.0,0.0,fixed_holdout,,,
34,5,-2.44164832,2.444309278050818,-5.321928,0.0,0.4,0.0,fixed_holdout,,,
35,4,-2.201205,0.9513336035208682,-3.321928,-1.0,0.0,0.0,original_training,1.883259406848331,1.883259406848331,0.44701061839001327
36,4,0.0,0.0,0.0,0.0,0.0,0.0,original_training,1.5646622526858245,1.5646622526858245,0.586154753921032
37,4,0.20833333325,0.24999999994444444,0.0,0.5,0.0,0.5,original_training,1.6247975015551217,1.624797501555122,0.8322667829602663
38,4,-0.25,0.9574271077563381,-1.0,1.0,0.0,0.25,original_training,1.795334513977501,1.7953345139775012,0.039677829943621616
39,5,0.1,0.5477225575051661,-0.5,1.0,0.0,0.2,fixed_holdout,,,
40,2,-1.2609640000000002,1.5004296779896085,-2.321928,-0.2,0.0,0.0,original_training,1.0722385932398597,1.0722385932398597,0.035070735241585244
41,2,-0.5,0.7071067811865476,-1.0,0.0,0.0,0.0,original_training,0.34323698362187044,0.34323698362187044,0.045570901418388356
42,4,-2.848464,2.9013414505008996,-5.321928,0.25,0.5,0.25,fixed_holdout,,,
43,4,-2.57763066675,2.1776017620750197,-5.321928,-0.666666667,0.25,0.0,fixed_holdout,,,
44,4,-2.826205,2.197658896459594,-5.321928,0.0,0.25,0.0,original_training,1.8731358025984601,1.8731358025984601,0.55513199185632
45,5,-0.8643856,1.9328249603719423,-4.321928,0.0,0.2,0.0,original_training,0.9254002223134606,0.9254002223134604,0.0903489823092749
46,4,-0.767982,1.1279607631570905,-2.321928,0.333333333,0.0,0.25,original_training,0.7964389214908641,0.7964389214908643,0.0328686390724968
47,4,-1.455482,2.588384710450902,-5.321928,0.0,0.25,0.0,original_training,1.0842178802723532,1.0842178802723532,0.08908536506186149
48,4,-0.9978615,0.8130081750689842,-1.991446,0.0,0.0,0.0,fixed_holdout,,,
49,5,-1.5931568000000003,1.5105596615675927,-3.321928,0.0,0.0,0.0,fixed_holdout,,,
50,4,0.125,0.25,0.0,0.5,0.0,0.25,original_training,1.7399302306709359,1.7399302306709357,0.1850170611925347
51,5,-0.8251498286000001,0.9493726891470332,-2.321928,0.0,0.0,0.0,original_training,0.8002579176954271,0.800257917695427,0.13710302044294898
52,4,-1.05365466675,0.809070086203629,-2.214618667,-0.5,0.0,0.0,original_training,0.9359231769436286,0.9359231769436288,0.059641560119177844
53,3,0.3333333333333333,0.5773502691896258,0.0,1.0,0.0,0.3333333333333333,original_training,0.6433732715349687,0.6433732715349688,0.18749571402706222
54,4,-0.19684741674999998,0.7952980639762881,-1.370723,0.333333333,0.0,0.5,fixed_holdout,,,
55,3,-2.2442973333333334,2.8313960766076742,-5.321928,0.25,0.3333333333333333,0.3333333333333333,original_training,1.1432416637906924,1.1432416637906924,0.1428877263471146
56,3,-0.16666666666666666,0.2886751345948129,-0.5,0.0,0.0,0.0,original_training,2.5054472170029825,2.5054472170029825,0.6960902777366214
57,4,0.0,0.0,0.0,0.0,0.0,0.0,fixed_holdout,,,
58,5,-0.25,0.4330127018922193,-1.0,0.0,0.0,0.0,original_training,1.503018805070073,1.503018805070073,0.7242007664540836
59,4,-3.14620790475,2.098109833514592,-5.321928,-0.285714286,0.25,0.0,original_training,1.360229464468351,1.360229464468351,0.054552658210931006
60,6,-0.027777777833333333,0.2670136630364599,-0.5,0.333333333,0.0,0.16666666666666666,original_training,1.5221307669739594,1.5221307669739594,0.04015381246616332
61,5,0.0,0.0,0.0,0.0,0.0,0.0,original_training,0.618620205483375,0.618620205483375,0.2138746444006561
62,2,-0.5,0.7071067811865476,-1.0,0.0,0.0,0.0,original_training,0.43033444559645556,0.43033444559645556,0.22845216345301095
63,2,-0.8036546665,1.1365393288287267,-1.607309333,0.0,0.0,0.0,original_training,1.9972815847622438,1.9972815847622438,0.3534211244548257
64,6,-3.9627177778333333,1.8620818193769455,-5.321928,-0.666666667,0.6666666666666666,0.0,original_training,3.016633496355044,3.0166334963550434,0.08913542832327478
65,3,-3.7951006666666665,0.9124917081493581,-4.321928,-2.741446,0.6666666666666666,0.0,original_training,1.852887139951035,1.8528871399510347,0.34877986915121983
66,6,-2.0840552,2.5703419126665303,-5.321928,0.0,0.3333333333333333,0.0,original_training,1.0161021416203289,1.0161021416203286,0.03767998792360354
67,5,-1.9621045333999998,2.009940342355509,-5.321928,-0.5,0.2,0.0,original_training,1.0969731193327823,1.096973119332782,0.1360119609997232
68,4,-5.321928,0.0,-5.321928,-5.321928,1.0,0.0,original_training,4.531537483311116,4.531537483311116,0.35002812441498055
69,4,-3.42010066675,1.7937113419724364,-5.321928,-1.214618667,0.5,0.0,fixed_holdout,,,
70,5,-1.5034731734,1.6702162695557567,-4.321928,0.0,0.2,0.0,fixed_holdout,,,
71,4,-5.196928,0.24999999999999992,-5.321928,-4.821928,1.0,0.0,original_training,5.064535989488777,5.064535989488778,0.21443409383605774
72,4,-2.160964,2.6254562547732534,-5.321928,0.0,0.25,0.0,original_training,1.1545891996902595,1.1545891996902595,0.06839726382404256
73,2,-1.0,0.0,-1.0,-1.0,0.0,0.0,original_training,2.7502076597359757,2.750207659735976,0.81591521685918
74,3,-3.4646186666666665,2.4035111564253935,-5.321928,-0.75,0.6666666666666666,0.0,original_training,1.018149790323668,1.0181497903236678,0.18978536395746992
75,3,-3.991446,2.3044624225558548,-5.321928,-1.330482,0.6666666666666666,0.0,original_training,3.017438531536329,3.0174385315363286,0.14713855378779792
76,5,-2.6931567999999997,2.084338094253233,-5.321928,-0.5,0.4,0.0,original_training,1.5171629135698954,1.5171629135698954,0.09059854903204327
77,5,-1.7287712,2.22323064281581,-5.321928,0.0,0.2,0.0,original_training,1.7851039320935302,1.78510393209353,0.6041759304416794
78,3,-0.636988,0.7153874030425753,-1.410964,0.0,0.0,0.0,original_training,0.5213269095614841,0.5213269095614841,0.06002839796986354
79,2,-2.821928,0.7071067811865476,-3.321928,-2.321928,0.0,0.0,original_training,2.781563639496154,2.7815636394961536,0.1048623407666316
80,3,-1.662864889,3.1732215358264813,-5.321928,0.333333333,0.3333333333333333,0.3333333333333333,original_training,1.774938352759912,1.7749383527599125,0.09731858313752821
81,5,-1.2921719734,1.805544032589975,-4.321928,0.0,0.2,0.0,original_training,0.9797959179413844,0.9797959179413844,0.1258766449985863
82,5,-1.7931568000000002,1.2981571904646987,-3.321928,0.0,0.0,0.0,original_training,0.8552844391678041,0.8552844391678042,0.24347128749176994
83,3,-2.821928,0.8660254037844386,-3.821928,-2.321928,0.0,0.0,original_training,0.883184793613232,0.883184793613232,0.15031813350380263
84,5,-0.6310522666,1.505975481139044,-3.321928,0.166666667,0.0,0.2,original_training,1.7131409997703229,1.7131409997703233,0.4108285948337019
85,4,-1.05222899975,0.8349679961082652,-1.881285333,-0.333333333,0.0,0.0,original_training,1.8201821625564902,1.82018216255649,0.8692503807318805
86,3,-0.16666666666666666,0.7637626158259734,-1.0,0.5,0.0,0.3333333333333333,original_training,0.8409940815295248,0.8409940815295248,0.3524167394100261
87,4,-1.392982,1.9983298216167087,-4.321928,0.0,0.25,0.0,original_training,1.4368007497567932,1.4368007497567927,0.203145521294395
88,3,-0.2381285333333333,0.23242029851640178,-0.4643855999999999,0.0,0.0,0.0,original_training,0.43864185244935877,0.43864185244935877,0.10108061388294946
89,4,-1.5131025,0.8208040138553173,-2.721928,-1.0,0.0,0.0,original_training,1.012758785160037,1.0127587851600368,0.21018122105528092
90,5,-0.36812853339999996,0.8277241197930494,-1.7739759999999998,0.333333333,0.0,0.2,fixed_holdout,,,
91,4,-1.660964,1.4596060698220372,-3.321928,0.0,0.0,0.0,fixed_holdout,,,
92,5,-0.9100998858,0.9318817114142274,-2.321928,0.2,0.0,0.2,fixed_holdout,,,
93,4,-0.62214866675,1.474913883804484,-2.821928,0.333333333,0.0,0.25,original_training,1.6857038706495964,1.6857038706495964,0.5448954667464805
94,5,-0.2,0.4472135954999579,-1.0,0.0,0.0,0.0,original_training,0.571095180573238,0.5710951805732383,0.1405329332814646
95,3,-3.4885946666666663,1.607275126832159,-5.321928,-2.321928,0.3333333333333333,0.0,original_training,1.7818026522526702,1.7818026522526704,0.4751621404125027
96,1,0.0,,0.0,0.0,0.0,0.0,original_training,2.5158099754202428,2.5158099754202428,1.1653015203155865
97,4,-0.21432733324999997,0.6068742691960388,-1.107309333,0.25,0.0,0.25,fixed_holdout,,,
98,3,0.0,0.0,0.0,0.0,0.0,0.0,original_training,0.754630408724091,0.754630408724091,0.4796943677417896
99,4,-0.705482,1.1031062547624324,-2.321928,0.0,0.0,0.0,fixed_holdout,,,
100,4,-0.580482,1.160964,-2.321928,0.0,0.0,0.0,original_training,0.39990746357598034,0.39990746357598045,0.1259662235964596
101,4,-1.9138153332499999,2.281564197500014,-5.321928,-0.5,0.25,0.0,original_training,1.3145877918445,1.3145877918445,0.0868676526774385
102,4,-0.2083333335,0.45896421225366757,-0.666666667,0.333333333,0.0,0.25,fixed_holdout,,,
103,1,-0.666666667,,-0.666666667,-0.666666667,0.0,0.0,fixed_holdout,,,
104,3,-4.210816889,1.644294287517585,-5.321928,-2.321928,0.6666666666666666,0.0,original_training,1.7616718018648587,1.7616718018648585,0.3304348783521222
105,5,-2.3123376,0.53322487521425,-2.821928,-1.440642667,0.0,0.0,original_training,1.462510957243713,1.462510957243713,0.21703547792614078
106,6,-0.7888153333333333,0.911849249149149,-2.321928,0.25,0.0,0.16666666666666666,original_training,0.5332020406786602,0.5332020406786602,0.13093803821615344
107,3,-0.7024364443333334,0.6393053420610852,-1.440642667,-0.333333333,0.0,0.0,original_training,0.1817856848302659,0.18178568483026591,0.08089889231308392
108,2,0.0,0.0,0.0,0.0,0.0,0.0,original_training,0.4127864724988865,0.4127864724988865,0.17989505827833716
109,5,-0.1,0.22360679774997896,-0.5,0.0,0.0,0.0,original_training,0.26647534930607353,0.26647534930607353,0.05618477156649171
110,4,-0.955482,0.9982595233518521,-2.321928,0.0,0.0,0.0,fixed_holdout,,,
111,4,-0.20833333325,0.24999999994444444,-0.5,0.0,0.0,0.0,original_training,1.027066575880425,1.027066575880425,0.31015751469085184
112,3,0.0,0.0,0.0,0.0,0.0,0.0,original_training,0.7766572205803718,0.7766572205803718,0.21858394829733455
113,3,-0.1777777776666667,0.16777409840704344,-0.333333333,0.0,0.0,0.0,original_training,0.7322236968122984,0.7322236968122983,0.20168890243175255
114,4,-1.826205,1.3958579053236997,-3.321928,0.0,0.0,0.0,original_training,0.6295705557047355,0.6295705557047355,0.08861962562136957
115,4,-1.49714866675,0.9942973335,-2.988594667,-1.0,0.0,0.0,original_training,0.6376761880693934,0.6376761880693934,0.32393233494430296
116,4,-0.83190766675,0.6916078826895996,-1.660964,0.0,0.0,0.0,original_training,1.027917557563903,1.027917557563903,0.7155841524025771
117,3,-1.773976,3.0726165634078066,-5.321928,0.0,0.3333333333333333,0.0,original_training,1.64863444793584,1.64863444793584,0.19736156175279615
118,3,0.0,0.0,0.0,0.0,0.0,0.0,original_training,0.5639278551515489,0.5639278551515489,0.20480692929666333
119,3,-1.1073093333333335,1.1646775858843226,-2.321928,0.0,0.0,0.0,original_training,0.9219666622778556,0.9219666622778556,0.023159393465842254
120,2,-3.071928,1.0606601717798212,-3.821928,-2.321928,0.0,0.0,fixed_holdout,,,
121,4,-4.696928,1.2499999999999998,-5.321928,-2.821928,0.75,0.0,original_training,1.5124326553542844,1.5124326553542844,0.688088974877908
122,5,-0.1833333334,0.29107082008126095,-0.666666667,0.0,0.0,0.0,original_training,1.9669135449318003,1.9669135449318003,0.39594116099521354
123,5,-1.9379691428,1.44791952158407,-4.321928,-1.0,0.2,0.0,original_training,0.6049170295849984,0.6049170295849984,0.24228909590546244
124,5,-2.2787712,2.7836282243063994,-5.321928,0.0,0.4,0.0,original_training,1.4328979599370986,1.4328979599370986,0.20401464531144575
125,5,-1.5287712,2.346729658728333,-5.321928,0.0,0.2,0.0,fixed_holdout,,,
126,5,-1.6121045332000001,1.7219704096126207,-4.321928,-0.333333333,0.2,0.0,original_training,0.9104650297055089,0.910465029705509,0.22863228862268298
127,6,-0.0555555555,0.3442651862757567,-0.5,0.5,0.0,0.16666666666666666,original_training,0.9792677816433848,0.9792677816433848,0.2631890639736429
128,4,-4.781687,1.0804820000000002,-5.321928,-3.160964,0.75,0.0,original_training,3.245050558844994,3.245050558844994,0.6543633223458869
129,3,-5.321928,0.0,-5.321928,-5.321928,1.0,0.0,original_training,4.476851287803779,4.476851287803779,0.1863352162634892
130,4,-4.571928,0.957427107756338,-5.321928,-3.321928,0.75,0.0,original_training,2.927856044252158,2.927856044252158,0.9723617337480409
131,4,-2.451205,2.3574235141755926,-5.321928,0.0,0.25,0.0,original_training,1.8716648456098417,1.8716648456098417,0.20798140214504754
132,5,-3.6575423999999996,2.42239656692227,-5.321928,0.0,0.6,0.0,original_training,2.516406565647599,2.5164065656475993,0.19119317656849352
133,2,-1.910964,2.702511206006739,-3.821928,0.0,0.0,0.0,fixed_holdout,,,
134,2,-4.321928,0.0,-4.321928,-4.321928,1.0,0.0,original_training,4.047868564130725,4.047868564130725,0.22475640170092812
135,3,-1.8812853333333335,1.704237624001223,-3.321928,0.0,0.0,0.0,fixed_holdout,,,
136,3,-5.321928,0.0,-5.321928,-5.321928,1.0,0.0,original_training,1.9574137555557647,1.9574137555557647,0.2115159928284855
137,4,-3.28311266675,2.5640868134478634,-5.321928,0.0,0.5,0.0,original_training,1.1639297594616187,1.1639297594616187,0.4593388759406685
138,4,0.0,0.0,0.0,0.0,0.0,0.0,fixed_holdout,,,
139,3,-0.055555555666666666,0.4194352462494018,-0.5,0.333333333,0.0,0.3333333333333333,fixed_holdout,,,
140,4,-1.1861991905,1.2061804104147134,-2.6552613330000003,0.0,0.0,0.0,original_training,0.5242192412154171,0.5242192412154171,0.3824114667323487
141,2,-0.8333333334999999,0.23570226015981355,-1.0,-0.666666667,0.0,0.0,fixed_holdout,,,
142,3,-3.9885946666666663,1.1547005383792512,-5.321928,-3.321928,0.3333333333333333,0.0,original_training,1.4057062234781994,1.4057062234781992,0.11943818853439826
143,4,-1.8142170000000002,1.033907050939588,-3.1552613330000003,-1.0,0.0,0.0,original_training,0.8790810160906206,0.8790810160906206,0.06694610208803921
144,3,-0.369103111,0.6393053414837349,-1.107309333,0.0,0.0,0.0,fixed_holdout,,,
145,4,-0.2,0.5416025603090641,-1.0,0.2,0.0,0.25,original_training,0.7363964905814174,0.7363964905814177,0.049387302944703726
146,2,-4.321928,1.4142135623730945,-5.321928,-3.321928,0.5,0.0,original_training,1.8033853332214538,1.8033853332214542,0.2661566889675548
147,3,-0.5833333333333334,0.5204164998665332,-1.0,0.0,0.0,0.0,original_training,0.9011868968710286,0.9011868968710286,0.45278235350197366
148,2,0.125,0.1767766952966369,0.0,0.25,0.0,0.5,original_training,1.276887738504012,1.2768877385040123,0.707790133382059
149,5,-0.43571428579999993,0.3697765458706385,-1.0,0.0,0.0,0.0,original_training,0.7384018302228892,0.7384018302228892,0.38617753474895283
150,4,-0.41666666674999997,0.6871842708150089,-1.0,0.333333333,0.0,0.25,original_training,1.6337981090370208,1.6337981090370206,0.40849298968526926
151,4,-0.125,0.25,-0.5,0.0,0.0,0.0,original_training,0.15989148337144746,0.15989148337144746,0.026979519189548603
152,6,-0.41476577783333335,0.9716251175533441,-2.321928,0.333333333,0.0,0.16666666666666666,original_training,0.9326030894771589,0.9326030894771588,0.4459592892697801
153,4,0.0,0.27216552670374317,-0.333333333,0.333333333,0.0,0.25,original_training,0.4775138601783695,0.47751386017836955,0.24961682672357835
154,3,-2.881285333333333,1.7042376240012225,-4.321928,-1.0,0.3333333333333333,0.0,original_training,1.1266640643633148,1.1266640643633148,0.23661034147883306
155,4,-3.8219279999999998,1.732050807568877,-5.321928,-2.321928,0.5,0.0,original_training,3.347262793514924,3.347262793514924,0.3520692096241174
156,3,0.25,0.75,-0.5,1.0,0.0,0.6666666666666666,fixed_holdout,,,
157,5,-0.2,0.4472135954999579,-1.0,0.0,0.0,0.0,original_training,1.2485803586861302,1.2485803586861302,0.24248474141874043
158,3,-1.3295315556666667,1.8497775914326309,-3.321928,0.333333333,0.0,0.3333333333333333,original_training,1.2217664321882085,1.2217664321882085,0.11982998450591555
159,3,-1.3716949333333333,1.2169880805030975,-2.321928,0.0,0.0,0.0,original_training,0.9548987331072382,0.954898733107238,0.12295061122005017
160,4,-0.75,0.28867513459481287,-1.0,-0.5,0.0,0.0,fixed_holdout,,,
161,4,-1.9533435000000001,1.920898780810763,-4.655261333,-0.5,0.25,0.0,original_training,1.2645601530225588,1.2645601530225588,0.2904180372096556
162,3,-1.2203213333333334,0.3816077433246519,-1.660964,-1.0,0.0,0.0,original_training,0.7887019582061939,0.788701958206194,0.263597905479634
163,2,-0.722222222,0.39283710097346275,-1.0,-0.444444444,0.0,0.0,original_training,3.385562986300165,3.385562986300165,0.6825600922530772
164,4,-5.321928,0.0,-5.321928,-5.321928,1.0,0.0,original_training,4.684105346691438,4.684105346691438,0.7742986170400492
165,4,-0.87357433325,0.3680670488430791,-1.160964,-0.333333333,0.0,0.0,fixed_holdout,,,
166,4,-0.16666666675,0.3333333335,-0.666666667,0.0,0.0,0.0,fixed_holdout,,,
167,4,-2.660964,3.0726165634078066,-5.321928,0.0,0.5,0.0,original_training,2.277432019084934,2.277432019084934,0.13291946459769124
168,5,-3.9575424,1.8453537133668438,-5.321928,-1.0,0.6,0.0,original_training,3.550293834800461,3.5502938348004616,0.32265392926662156
169,4,0.0,0.0,0.0,0.0,0.0,0.0,original_training,0.35759261902119643,0.35759261902119643,0.1248380870870772
170,4,-0.46983076175000005,0.54941640156817,-1.045989714,0.0,0.0,0.0,original_training,0.4080889829880269,0.4080889829880268,0.14276087605637738
171,4,-0.10416666675,0.12500000005555556,-0.25,0.0,0.0,0.0,fixed_holdout,,,
172,4,-0.03125,0.0625,-0.125,0.0,0.0,0.0,original_training,0.9913090974432112,0.9913090974432114,0.46959433693870384
173,4,0.20833333325,0.1443375672011814,0.0,0.333333333,0.0,0.75,original_training,1.092120836778911,1.0921208367789113,0.2616276101068345
174,2,-1.910964,2.702511206006739,-3.821928,0.0,0.0,0.0,original_training,1.8697932562539084,1.8697932562539084,0.15019588594189917
175,3,-0.886988,1.9851259749527232,-3.160964,0.5,0.0,0.3333333333333333,original_training,1.4890592848534152,1.489059284853415,0.05914994960591033
176,2,-0.75,0.3535533905932738,-1.0,-0.5,0.0,0.0,fixed_holdout,,,
177,6,-5.155261333333333,0.408248290463863,-5.321928,-4.321928,1.0,0.0,original_training,3.5290815238612874,3.529081523861287,0.7107313540012037
178,5,-3.0175424,1.9112791966211529,-5.321928,0.0,0.2,0.0,original_training,1.8564449622378316,1.8564449622378316,0.35804466272871394
179,6,-4.046051111166666,2.1908989509933465,-5.321928,0.0,0.6666666666666666,0.0,original_training,3.6742690376217015,3.6742690376217015,0.1915695479307875
180,5,0.15,0.48733971724044817,-0.25,1.0,0.0,0.2,original_training,1.329737824744085,1.329737824744085,0.48141851358749294
181,2,-4.321928,1.414213562373095,-5.321928,-3.321928,0.5,0.0,original_training,2.4949542652591012,2.4949542652591012,0.542723962136444
182,5,0.0,0.7071067811865476,-1.0,1.0,0.0,0.2,original_training,1.498156555648117,1.498156555648117,0.6834548717266008
183,4,0.0,0.0,0.0,0.0,0.0,0.0,original_training,1.3008310985011855,1.3008310985011855,0.23636678250057244
184,5,-1.9221045334000002,2.510414965631814,-5.321928,0.333333333,0.2,0.2,original_training,1.2934398502600581,1.2934398502600581,0.03465276757807153
185,1,-3.321928,,-3.321928,-3.321928,0.0,0.0,original_training,2.210396068726723,2.210396068726723,0.07012438666792208
186,5,0.009999999999999998,0.15968719422671313,-0.2,0.25,0.0,0.2,original_training,2.060946798065978,2.0609467980659777,0.45125394145336606
187,4,-2.435964,2.326115562992231,-5.321928,-0.5,0.25,0.0,original_training,1.6554375415491274,1.6554375415491276,0.051804649103633776
188,2,0.0,0.0,0.0,0.0,0.0,0.0,fixed_holdout,,,
189,4,-1.455482,2.588384710450902,-5.321928,0.0,0.25,0.0,original_training,1.2856864777925294,1.2856864777925294,0.15008224191384217
190,5,-0.04,0.0894427190999916,-0.2,0.0,0.0,0.0,original_training,1.0073189553987496,1.0073189553987496,0.6623339762609266
191,2,-2.910964,3.4096179871932866,-5.321928,-0.5,0.5,0.0,original_training,1.2357767631843235,1.2357767631843235,0.11251900201463354
192,3,-0.7739760000000001,1.3405657558389295,-2.321928,0.0,0.0,0.0,original_training,0.8205102710475569,0.8205102710475569,0.41334016898434267
193,4,0.0,0.27216552670374317,-0.333333333,0.333333333,0.0,0.25,original_training,0.7299683166300418,0.729968316630042,0.12410653677385833
194,4,-0.08333333325,0.1666666665,-0.333333333,0.0,0.0,0.0,fixed_holdout,,,
195,4,-0.830482,1.1003860273994759,-2.321928,0.0,0.0,0.0,original_training,0.7188397542992805,0.7188397542992805,0.05309090364219851
196,3,-0.3333333333333333,0.5773502691896258,-1.0,0.0,0.0,0.0,fixed_holdout,,,
197,3,-2.3071412063333336,0.355744082651547,-2.6552613330000003,-1.944234286,0.0,0.0,original_training,1.1923984304364137,1.1923984304364137,0.34013852580859416
198,4,-0.78282133325,0.8466596216890017,-1.881285333,0.0,0.0,0.0,original_training,1.864844132563876,1.8648441325638763,0.10029084382654933
199,3,0.055555555666666666,0.09622504505738771,0.0,0.166666667,0.0,0.3333333333333333,original_training,1.7670794816388429,1.767079481638843,0.35820835910280063
200,5,-0.46438560000000007,1.0383977693720263,-2.321928,0.0,0.0,0.0,fixed_holdout,,,
201,4,-1.973464,1.752677441058299,-3.571928,0.0,0.0,0.0,original_training,1.2574153798339796,1.2574153798339793,0.33255366431349825
202,3,-1.8541902223333333,2.289153641564417,-4.321928,0.2,0.3333333333333333,0.3333333333333333,original_training,1.5418246460316332,1.5418246460316334,0.03927650123454258
203,4,-0.24857433325000003,0.6133129681171924,-1.160964,0.166666667,0.0,0.25,original_training,0.4324683158837938,0.4324683158837938,0.0542187132793287
204,3,-0.3555555556666667,0.3355481972776732,-0.666666667,0.0,0.0,0.0,original_training,0.4428792265270882,0.4428792265270882,0.09715676742396813
205,2,-2.9942973335,3.2917668567598266,-5.321928,-0.666666667,0.5,0.0,original_training,1.8663053151754696,1.8663053151754696,0.10919734290661144
206,5,-0.26666666660000005,0.4346134936673938,-1.0,0.0,0.0,0.0,original_training,1.3713951606181167,1.3713951606181167,0.18610450803400339
207,4,-0.375,0.47871355387816905,-1.0,0.0,0.0,0.0,original_training,0.3995289606570664,0.39952896065706645,0.2836681994115074
208,2,-4.1552613335,1.649915822532908,-5.321928,-2.988594667,0.5,0.0,original_training,1.7450148531892016,1.7450148531892016,0.4125538118299904
209,3,-3.547952,3.0726165634078066,-5.321928,0.0,0.6666666666666666,0.0,original_training,3.3639856707552727,3.3639856707552727,0.12574280869932705
210,2,-0.25,0.3535533905932738,-0.5,0.0,0.0,0.0,original_training,0.7777102941172339,0.7777102941172339,0.00609916305591349
211,4,-0.75,0.5,-1.0,0.0,0.0,0.0,original_training,0.5528994622097657,0.5528994622097656,0.06132136687711289
212,2,-2.3247793335,0.9387766475469191,-2.988594667,-1.660964,0.0,0.0,original_training,0.9955965449923804,0.9955965449923804,0.7765305645552737
213,3,-0.16666666666666666,0.2886751345948129,-0.5,0.0,0.0,0.0,original_training,0.8581391431851043,0.8581391431851042,0.28551001851853514
214,6,-1.8434204444999998,1.6835114557408526,-5.071928,-0.666666667,0.16666666666666666,0.0,original_training,0.6514597357694194,0.6514597357694193,0.1897215698305457
215,3,-2.768273333333333,0.9589580125142777,-3.321928,-1.660964,0.0,0.0,original_training,1.560374385269301,1.5603743852693006,0.2881489442651024
216,3,-1.8276306666666666,0.7212535910685877,-2.321928,-1.0,0.0,0.0,original_training,1.072609504721059,1.0726095047210593,0.34264229013414493
217,3,-0.37488622233333335,0.48650519594971675,-0.924658667,0.0,0.0,0.0,fixed_holdout,,,
218,4,-3.5719279999999998,0.9574271077563378,-4.321928,-2.321928,0.5,0.0,fixed_holdout,,,
219,5,-2.1931568,1.5855545689616617,-3.321928,0.0,0.0,0.0,original_training,1.0938597372521204,1.0938597372521202,0.29569151069105265
220,4,-3.728178,0.44924705526766284,-4.321928,-3.321928,0.25,0.0,original_training,3.054478131833186,3.054478131833186,0.24287511630245517
221,5,-0.3333333334,0.47140452084995726,-1.0,0.0,0.0,0.0,fixed_holdout,,,
222,2,0.0625,0.08838834764831845,0.0,0.125,0.0,0.5,original_training,1.3401032605156595,1.340103260515659,0.5062041824220388
223,5,-2.83466528,1.9626349196400719,-4.821928,0.0,0.4,0.0,original_training,1.0778559529880265,1.0778559529880265,0.04398598731797899
224,3,-2.863400444333333,2.193357094912262,-5.321928,-1.107309333,0.3333333333333333,0.0,original_training,2.142332208682222,2.142332208682222,0.14302404448692257
225,5,0.0,0.7071067811865476,-1.0,1.0,0.0,0.2,original_training,0.8513499157774991,0.8513499157774991,0.23618115990790106
226,2,0.0,0.0,0.0,0.0,0.0,0.0,original_training,3.07554163002675,3.07554163002675,0.5007545302339464
227,4,-5.321928,0.0,-5.321928,-5.321928,1.0,0.0,original_training,2.055666829694306,2.055666829694306,0.1429684064700376
228,3,-1.7344044443333333,0.6730927914393618,-2.321928,-1.0,0.0,0.0,fixed_holdout,,,
229,3,-2.2739759999999998,2.206591159623368,-4.821928,-1.0,0.3333333333333333,0.0,original_training,0.9122285727997325,0.9122285727997325,0.41884536280983575
230,5,-3.7914459999999996,2.124811534459468,-5.321928,-1.0,0.6,0.0,original_training,2.4610531585378723,2.461053158537872,0.32344785952616123
231,3,-3.6552613333333333,0.7637626158259733,-4.321928,-2.821928,0.3333333333333333,0.0,original_training,2.8069306056711483,2.8069306056711483,0.33110194700559614
232,2,-5.321928,0.0,-5.321928,-5.321928,1.0,0.0,original_training,5.339080959131123,5.339080959131123,0.1860456913368441
233,4,-3.491446,2.511325030595602,-5.321928,0.0,0.5,0.0,fixed_holdout,,,
234,3,-5.321928,0.0,-5.321928,-5.321928,1.0,0.0,original_training,3.382783410208606,3.382783410208605,0.4977829896962459
235,4,-2.85160666675,1.6696483600877026,-5.321928,-1.660964,0.25,0.0,original_training,1.64683029588953,1.64683029588953,0.2707040978986074
236,6,-3.4349399999999997,2.0473678401459763,-5.321928,0.0,0.5,0.0,original_training,2.6192603072244385,2.619260307224439,0.2935299012662425
237,3,-0.16666666666666666,0.7637626158259733,-1.0,0.5,0.0,0.3333333333333333,original_training,1.9145895684864864,1.9145895684864864,0.9907048956739112
238,2,-0.39285714299999996,0.15152288148080115,-0.5,-0.285714286,0.0,0.0,original_training,2.063856172940524,2.063856172940524,0.44499240892813485
239,4,-5.321928,0.0,-5.321928,-5.321928,1.0,0.0,fixed_holdout,,,
240,4,-2.660964,2.5611886327240065,-5.321928,0.0,0.5,0.0,fixed_holdout,,,
241,3,-3.8774835556666667,0.5091750772536848,-4.321928,-3.321928,0.3333333333333333,0.0,original_training,3.362025169506012,3.362025169506012,0.18145154755585263
242,4,-1.8882450667500001,2.3013330237884158,-5.321928,-0.5,0.25,0.0,original_training,1.3482049111030712,1.3482049111030712,0.2524013328167555
243,3,-3.5441502223333337,1.3471506282878305,-4.988594667,-2.321928,0.3333333333333333,0.0,original_training,0.6318780450839352,0.6318780450839352,0.031143910406678778
244,5,-2.0228354665999997,2.450633530613497,-5.321928,0.25,0.2,0.2,original_training,1.5100522105855008,1.510052210585501,0.1474774828872286
245,3,-2.881285333333333,2.214593840653706,-5.321928,-1.0,0.3333333333333333,0.0,original_training,1.779544699913803,1.7795446999138032,0.3659978042013367
246,3,0.0,0.0,0.0,0.0,0.0,0.0,original_training,0.267733343731128,0.26773334373112806,0.20461101752286362
247,4,-4.053946,2.535964,-5.321928,-0.25,0.75,0.0,fixed_holdout,,,
248,3,-5.321928,0.0,-5.321928,-5.321928,1.0,0.0,original_training,2.3446313825138785,2.344631382513878,0.8166743617317981
249,4,-1.09532133325,0.574548869946584,-1.881285333,-0.5,0.0,0.0,original_training,0.4747573115274259,0.47475731152742595,0.05994414967832952
250,6,0.19444444449999998,0.4762896721339666,-0.333333333,1.0,0.0,0.3333333333333333,fixed_holdout,,,
251,3,-1.4406426666666665,1.704237624001223,-3.321928,0.0,0.0,0.0,original_training,1.675108174972178,1.675108174972178,0.5210861071015839
252,5,-0.21904761920000002,0.5135356081271409,-1.0,0.333333333,0.0,0.2,original_training,1.6665079825806262,1.666507982580626,0.5707803426161717
253,4,-0.08333333325,0.1666666665,-0.333333333,0.0,0.0,0.0,original_training,0.621374391377615,0.6213743913776151,0.21697207743277414
254,2,-0.75,0.3535533905932738,-1.0,-0.5,0.0,0.0,original_training,1.5173205871047786,1.5173205871047788,0.6292394934067123
255,3,-2.3148864443333332,0.8749218713080193,-3.321928,-1.7414459999999998,0.0,0.0,fixed_holdout,,,
256,4,-2.410964,2.8137157897925653,-5.321928,0.0,0.5,0.0,original_training,1.4000881602989261,1.4000881602989261,0.08124634169245223
257,4,-1.892982,2.313143188238895,-5.321928,-0.25,0.25,0.0,original_training,0.6951334267615761,0.6951334267615761,0.29725605838223995
258,4,-3.991446,2.660964,-5.321928,0.0,0.75,0.0,original_training,2.5280719919275674,2.528071991927568,0.2705871122868896
259,3,-1.773976,1.3405657558389295,-3.321928,-1.0,0.0,0.0,original_training,0.5470409311224811,0.547040931122481,0.20016234382457085
260,5,-4.2575424,2.3800385558719004,-5.321928,0.0,0.8,0.0,original_training,2.0274223735767345,2.0274223735767345,0.7814928850671586
261,5,-2.025740897,2.8602413067440136,-5.321928,0.181818182,0.4,0.2,original_training,1.6028768039599337,1.6028768039599337,0.20412640769251034
262,4,-0.25,0.5,-1.0,0.0,0.0,0.0,original_training,1.0874780207214807,1.0874780207214807,0.5741555892543561
263,2,-3.6552613335000004,0.4714045210267337,-3.988594667,-3.321928,0.0,0.0,fixed_holdout,,,
264,5,-1.4187712000000001,1.2063726502019183,-2.821928,0.0,0.0,0.0,original_training,0.4558149659644404,0.4558149659644404,0.23543783372874857
265,4,-0.0625,0.125,-0.25,0.0,0.0,0.0,original_training,2.7584877685335063,2.7584877685335063,0.11378944979728957
266,4,-0.125,0.25,-0.5,0.0,0.0,0.0,original_training,1.1827585582160907,1.1827585582160907,0.18983482637464227
267,3,-0.44444444433333335,0.5091750772536852,-1.0,0.0,0.0,0.0,original_training,0.40328290938165773,0.40328290938165773,0.2428026828122431
268,5,-0.9084498668000001,0.6615839372167921,-1.660964,-0.166666667,0.0,0.0,original_training,0.5349625676565304,0.5349625676565305,0.08919932737019902
269,5,-0.15,0.22360679774997896,-0.5,0.0,0.0,0.0,original_training,2.4820535457774215,2.482053545777422,0.22468592821408395
270,4,-0.3125,0.23935677693908453,-0.5,0.0,0.0,0.0,original_training,1.2313077572869406,1.2313077572869406,0.33053000037200503
271,2,-0.5,0.7071067811865476,-1.0,0.0,0.0,0.0,original_training,0.4429993967619487,0.44299939676194877,0.11910595469132304
272,3,-4.655261333333333,1.1547005383792515,-5.321928,-3.321928,0.6666666666666666,0.0,original_training,3.7458096718043614,3.745809671804361,0.21663653838276645
273,4,0.125,0.25,0.0,0.5,0.0,0.25,fixed_holdout,,,
274,6,-0.7203213333333333,1.3358165066844574,-3.321928,0.0,0.0,0.0,original_training,0.6339867837404886,0.6339867837404886,0.14853078202425393
275,3,-3.2146186666666665,2.82848543907536,-5.321928,0.0,0.6666666666666666,0.0,original_training,2.1440264074800464,2.1440264074800464,0.3041470059442179
276,1,-0.5,,-0.5,-0.5,0.0,0.0,original_training,0.328671093495717,0.328671093495717,0.26429737310266876
277,4,-0.31506885725,0.37900975744073334,-0.7602754290000001,0.0,0.0,0.0,original_training,0.5994024772536425,0.5994024772536425,0.108236387840726
278,5,-2.1287712,2.517123614595676,-5.321928,0.0,0.4,0.0,fixed_holdout,,,
279,3,-2.660964,2.3280389621516218,-5.321928,-1.0,0.3333333333333333,0.0,fixed_holdout,,,
280,3,-0.055555555666666666,0.09622504505738771,-0.166666667,0.0,0.0,0.0,original_training,0.23467046313704815,0.23467046313704817,0.06808658189802937
281,3,-1.1073093333333335,1.9179160250285552,-3.321928,0.0,0.0,0.0,original_training,0.5974811606738162,0.5974811606738162,0.08310041887515891
282,3,-2.160964,2.798344047699639,-5.321928,0.0,0.3333333333333333,0.0,original_training,1.1887188309527466,1.1887188309527466,0.20241549010301668
283,4,-1.1638153332499999,2.111264094363189,-4.321928,0.0,0.25,0.0,fixed_holdout,,,
284,4,-0.125,0.6291528696058958,-1.0,0.5,0.0,0.25,original_training,0.6174169804993966,0.6174169804993966,0.10009775695413546
285,5,-0.9095904000000001,1.3516758862845917,-3.214618667,0.0,0.0,0.0,original_training,1.2947707542720035,1.2947707542720035,0.5696535233790847
286,3,-4.298118476333333,1.7118037589781434,-5.321928,-2.321928,0.6666666666666666,0.0,original_training,3.8751797799216954,3.875179779921695,0.08803064011012683
