model,position,actual,predicted,error,absolute_error
Random Forest,30.0,-0.386988,-1.0015917664640017,-0.6146037664640017,0.6146037664640017
Random Forest,30.0,-1.0,-0.7977633156219995,0.20223668437800046,0.20223668437800046
Random Forest,30.0,-2.321928,-0.9805686244980013,1.341359375501999,1.341359375501999
Random Forest,30.0,1.0,-1.0147495563560014,-2.0147495563560014,2.0147495563560014
Random Forest,30.0,0.0,-1.0592017723000016,-1.0592017723000016,1.0592017723000016
Random Forest,33.0,0.0,-2.1584593799819976,-2.1584593799819976,2.1584593799819976
Random Forest,33.0,-1.0,-1.8982104408299947,-0.8982104408299947,0.8982104408299947
Random Forest,33.0,-1.0,-1.7123390001219965,-0.7123390001219965,0.7123390001219965
Random Forest,33.0,0.0,-1.2223360013419995,-1.2223360013419995,1.2223360013419995
Random Forest,34.0,-1.0643856000000005,-1.1510588465900005,-0.08667324658999997,0.08667324658999997
Random Forest,34.0,0.0,-1.0940023002580002,-1.0940023002580002,1.0940023002580002
Random Forest,34.0,-5.321928,-2.5599339227699995,2.7619940772300002,2.7619940772300002
Random Forest,34.0,-1.0,-1.0496413191680005,-0.04964131916800052,0.04964131916800052
Random Forest,34.0,-4.821928,-2.755736307814004,2.066191692185996,2.066191692185996
Random Forest,39.0,1.0,-1.132888025006,-2.1328880250060003,2.1328880250060003
Random Forest,39.0,-0.5,-2.0271660508819904,-1.5271660508819904,1.5271660508819904
Random Forest,39.0,0.0,-3.5117825874500137,-3.5117825874500137,3.5117825874500137
Random Forest,39.0,0.0,-3.2700969130240054,-3.2700969130240054,3.2700969130240054
Random Forest,39.0,0.0,-1.2324024489120005,-1.2324024489120005,1.2324024489120005
Random Forest,42.0,-1.0,-0.86396671173,0.13603328827000005,0.13603328827000005
Random Forest,42.0,0.25,-0.6665018070480013,-0.9165018070480013,0.9165018070480013
Random Forest,42.0,-5.321928,-2.3829360593879976,2.938991940612002,2.938991940612002
Random Forest,42.0,-5.321928,-2.9598753135220064,2.3620526864779934,2.3620526864779934
Random Forest,43.0,-0.666666667,-1.1780366390820005,-0.5113699720820005,0.5113699720820005
Random Forest,43.0,-3.321928,-1.8209935207219907,1.5009344792780095,1.5009344792780095
Random Forest,43.0,-5.321928,-3.455336722308013,1.8665912776919868,1.8665912776919868
Random Forest,43.0,-1.0,-1.1060506905699992,-0.10605069056999916,0.10605069056999916
Random Forest,48.0,0.0,-1.752926539335996,-1.752926539335996,1.752926539335996
Random Forest,48.0,-1.0,-2.1311930389259945,-1.1311930389259945,1.1311930389259945
Random Forest,48.0,-1.0,-1.6652222024879975,-0.6652222024879975,0.6652222024879975
Random Forest,48.0,-1.991446,-2.394551430245997,-0.4031054302459969,0.4031054302459969
Random Forest,49.0,0.0,-0.44795524178599966,-0.44795524178599966,0.44795524178599966
Random Forest,49.0,-2.321928,-2.109486123616,0.21244187638400014,0.21244187638400014
Random Forest,49.0,0.0,-0.7449911219560008,-0.7449911219560008,0.7449911219560008
Random Forest,49.0,-2.321928,-3.4778799761460104,-1.1559519761460102,1.1559519761460102
Random Forest,49.0,-3.321928,-2.4247922102639965,0.8971357897360037,0.8971357897360037
Random Forest,54.0,0.0,-0.7622043634980006,-0.7622043634980006,0.7622043634980006
Random Forest,54.0,-1.370723,-3.660045587804012,-2.289322587804012,2.289322587804012
Random Forest,54.0,0.25,-2.4592820371519997,-2.7092820371519997,2.7092820371519997
Random Forest,54.0,0.333333333,-0.36435852228600035,-0.6976918552860003,0.6976918552860003
Random Forest,57.0,0.0,-1.6958973365159973,-1.6958973365159973,1.6958973365159973
Random Forest,57.0,0.0,-1.861366912113997,-1.861366912113997,1.861366912113997
Random Forest,57.0,0.0,-1.3190610042639996,-1.3190610042639996,1.3190610042639996
Random Forest,57.0,0.0,-2.1613575988259948,-2.1613575988259948,2.1613575988259948
Random Forest,69.0,-5.321928,-2.503972250005998,2.8179557499940016,2.8179557499940016
Random Forest,69.0,-2.821928,-1.8383102827999975,0.9836177172000027,0.9836177172000027
Random Forest,69.0,-4.321928,-1.432720775447999,2.889207224552001,2.889207224552001
Random Forest,69.0,-1.214618667,-0.8608739360000003,0.3537447309999998,0.3537447309999998
Random Forest,70.0,-1.0,-0.6350952455260003,0.3649047544739997,0.3649047544739997
Random Forest,70.0,-1.5287712,-0.618159773556,0.910611426444,0.910611426444
Random Forest,70.0,0.0,-1.8864046297919956,-1.8864046297919956,1.8864046297919956
Random Forest,70.0,-4.321928,-1.375656622883999,2.946271377116001,2.946271377116001
Random Forest,70.0,-0.666666667,-0.6935037818460008,-0.02683711484600082,0.02683711484600082
Random Forest,90.0,0.0,-1.093467075954001,-1.093467075954001,1.093467075954001
Random Forest,90.0,-1.7739759999999998,-2.1629554786719942,-0.38897947867199445,0.38897947867199445
Random Forest,90.0,0.0,-2.421635954146,-2.421635954146,2.421635954146
Random Forest,90.0,-0.4,-1.241319667456,-0.8413196674560001,0.8413196674560001
Random Forest,90.0,0.333333333,-3.066010233538008,-3.399343566538008,3.399343566538008
Random Forest,91.0,-3.321928,-1.7830125652959992,1.538915434704001,1.538915434704001
Random Forest,91.0,0.0,-0.8741906120340011,-0.8741906120340011,0.8741906120340011
Random Forest,91.0,-2.321928,-1.3761693672079989,0.9457586327920013,0.9457586327920013
Random Forest,91.0,-1.0,-1.0337843972700018,-0.03378439727000182,0.03378439727000182
Random Forest,92.0,-1.0,-1.8247051128959981,-0.8247051128959981,0.8247051128959981
Random Forest,92.0,-2.321928,-1.0656858493680013,1.256242150631999,1.256242150631999
Random Forest,92.0,-0.428571429,-0.5861486798740002,-0.1575772508740002,0.1575772508740002
Random Forest,92.0,0.2,-1.26922821797,-1.46922821797,1.46922821797
Random Forest,92.0,-1.0,-1.1585382608740005,-0.15853826087400047,0.15853826087400047
Random Forest,97.0,-1.107309333,-0.9867820119920018,0.12052732100799812,0.12052732100799812
Random Forest,97.0,0.0,-0.7939320635920009,-0.7939320635920009,0.7939320635920009
Random Forest,97.0,0.25,-0.7417388014540007,-0.9917388014540007,0.9917388014540007
Random Forest,97.0,0.0,-2.2542125562719963,-2.2542125562719963,2.2542125562719963
Random Forest,99.0,-0.5,-2.3387582931459976,-1.8387582931459976,1.8387582931459976
Random Forest,99.0,0.0,-1.8962072213439942,-1.8962072213439942,1.8962072213439942
Random Forest,99.0,-2.321928,-2.504684827183999,-0.182756827183999,0.182756827183999
Random Forest,99.0,0.0,-1.4864558132539987,-1.4864558132539987,1.4864558132539987
Random Forest,102.0,-0.5,-0.8874977490700012,-0.38749774907000123,0.38749774907000123
Random Forest,102.0,0.333333333,-0.7603379971360007,-1.0936713301360008,1.0936713301360008
Random Forest,102.0,-0.666666667,-0.9658723244160022,-0.29920565741600225,0.29920565741600225
Random Forest,102.0,0.0,-0.6772850300400005,-0.6772850300400005,0.6772850300400005
Random Forest,103.0,-0.666666667,-2.8735869676080044,-2.2069203006080045,2.2069203006080045
Random Forest,110.0,0.0,-1.417037503707999,-1.417037503707999,1.417037503707999
Random Forest,110.0,-0.5,-0.9600450380980009,-0.4600450380980009,0.4600450380980009
Random Forest,110.0,-1.0,-0.9828105982600014,0.01718940173999861,0.01718940173999861
Random Forest,110.0,-2.321928,-1.31515593925,1.0067720607500001,1.0067720607500001
Random Forest,120.0,-2.321928,-0.6514100998060002,1.670517900194,1.670517900194
Random Forest,120.0,-3.821928,-2.3790590498219975,1.4428689501780028,1.4428689501780028
Random Forest,125.0,0.0,-0.44220253775800045,-0.44220253775800045,0.44220253775800045
Random Forest,125.0,0.0,-0.5930579819520007,-0.5930579819520007,0.5930579819520007
Random Forest,125.0,0.0,-0.6448588870120008,-0.6448588870120008,0.6448588870120008
Random Forest,125.0,-5.321928,-3.3969950259120116,1.9249329740879881,1.9249329740879881
Random Forest,125.0,-2.321928,-2.449654117885998,-0.12772611788599786,0.12772611788599786
Random Forest,133.0,-3.821928,-0.7064288334640008,3.1154991665359995,3.1154991665359995
Random Forest,133.0,0.0,-0.815912511616001,-0.815912511616001,0.815912511616001
Random Forest,135.0,-3.321928,-2.3159476642499968,1.0059803357500035,1.0059803357500035
Random Forest,135.0,0.0,-0.4517458133340003,-0.4517458133340003,0.4517458133340003
Random Forest,135.0,-2.321928,-1.2266579160860003,1.095270083914,1.095270083914
Random Forest,138.0,0.0,-1.2065610051359996,-1.2065610051359996,1.2065610051359996
Random Forest,138.0,0.0,-1.2878738068480002,-1.2878738068480002,1.2878738068480002
Random Forest,138.0,0.0,-2.692391448792,-2.692391448792,2.692391448792
Random Forest,138.0,0.0,-2.741377173724002,-2.741377173724002,2.741377173724002
Random Forest,139.0,0.333333333,-0.4817359543820007,-0.8150692873820007,0.8150692873820007
Random Forest,139.0,-0.5,-0.6214832883560003,-0.12148328835600031,0.12148328835600031
Random Forest,139.0,0.0,-0.5070334189800001,-0.5070334189800001,0.5070334189800001
Random Forest,141.0,-1.0,-3.023736465546005,-2.023736465546005,2.023736465546005
Random Forest,141.0,-0.666666667,-3.0961933496740044,-2.4295266826740045,2.4295266826740045
Random Forest,144.0,0.0,-0.374718493154,-0.374718493154,0.374718493154
Random Forest,144.0,0.0,-0.5816687659080001,-0.5816687659080001,0.5816687659080001
Random Forest,144.0,-1.107309333,-0.39639104430799965,0.7109182886920002,0.7109182886920002
Random Forest,156.0,-0.5,-0.8574849482440006,-0.35748494824400057,0.35748494824400057
Random Forest,156.0,0.25,-1.0026935752560007,-1.2526935752560007,1.2526935752560007
Random Forest,156.0,1.0,-2.597889743317999,-3.597889743317999,3.597889743317999
Random Forest,160.0,-1.0,-0.7898696509020013,0.21013034909799866,0.21013034909799866
Random Forest,160.0,-0.5,-1.8525570928940054,-1.3525570928940054,1.3525570928940054
Random Forest,160.0,-0.5,-0.5766233188660002,-0.07662331886600016,0.07662331886600016
Random Forest,160.0,-1.0,-2.3913440728259987,-1.3913440728259987,1.3913440728259987
Random Forest,165.0,-1.0,-0.6102343253140003,0.38976567468599965,0.38976567468599965
Random Forest,165.0,-0.333333333,-1.1427603100340002,-0.8094269770340002,0.8094269770340002
Random Forest,165.0,-1.160964,-0.7875349799720004,0.3734290200279997,0.3734290200279997
Random Forest,165.0,-1.0,-1.047158051546001,-0.047158051546001056,0.047158051546001056
Random Forest,166.0,0.0,-1.1109107952039996,-1.1109107952039996,1.1109107952039996
Random Forest,166.0,0.0,-0.850423720740001,-0.850423720740001,0.850423720740001
Random Forest,166.0,-0.666666667,-1.0461245779120019,-0.3794579109120019,0.3794579109120019
Random Forest,166.0,0.0,-1.131644020996001,-1.131644020996001,1.131644020996001
Random Forest,171.0,-0.166666667,-1.476745114225998,-1.3100784472259979,1.3100784472259979
Random Forest,171.0,0.0,-1.0962995791520012,-1.0962995791520012,1.0962995791520012
Random Forest,171.0,0.0,-2.3127072086979976,-2.3127072086979976,2.3127072086979976
Random Forest,171.0,-0.25,-1.5997313741079966,-1.3497313741079966,1.3497313741079966
Random Forest,176.0,-0.5,-1.0308538920380006,-0.5308538920380006,0.5308538920380006
Random Forest,176.0,-1.0,-1.5937999442179989,-0.5937999442179989,0.5937999442179989
Random Forest,188.0,0.0,-0.41691624254600024,-0.41691624254600024,0.41691624254600024
Random Forest,188.0,0.0,-0.858538636898001,-0.858538636898001,0.858538636898001
Random Forest,194.0,0.0,-0.8911531408239992,-0.8911531408239992,0.8911531408239992
Random Forest,194.0,0.0,-3.0997815839300076,-3.0997815839300076,3.0997815839300076
Random Forest,194.0,0.0,-0.8493930432040006,-0.8493930432040006,0.8493930432040006
Random Forest,194.0,-0.333333333,-1.5217998075459973,-1.1884664745459972,1.1884664745459972
Random Forest,196.0,0.0,-0.3937408525020001,-0.3937408525020001,0.3937408525020001
Random Forest,196.0,-1.0,-4.128798134218019,-3.1287981342180187,3.1287981342180187
Random Forest,196.0,0.0,-2.571290316205999,-2.571290316205999,2.571290316205999
Random Forest,200.0,-2.321928,-3.145581643998008,-0.823653643998008,0.823653643998008
Random Forest,200.0,0.0,-0.5829286029300009,-0.5829286029300009,0.5829286029300009
Random Forest,200.0,0.0,-0.8453353591240006,-0.8453353591240006,0.8453353591240006
Random Forest,200.0,0.0,-0.6480518131300008,-0.6480518131300008,0.6480518131300008
Random Forest,200.0,0.0,-0.8204535609540011,-0.8204535609540011,0.8204535609540011
Random Forest,217.0,-0.2,-1.2000502329380007,-1.0000502329380008,1.0000502329380008
Random Forest,217.0,0.0,-1.7617302029739978,-1.7617302029739978,1.7617302029739978
Random Forest,217.0,-0.924658667,-1.806930137259997,-0.8822714702599971,0.8822714702599971
Random Forest,218.0,-2.321928,-0.615618347398001,1.7063096526019992,1.7063096526019992
Random Forest,218.0,-3.321928,-2.5866425229039973,0.7352854770960029,0.7352854770960029
Random Forest,218.0,-4.321928,-0.5592812338620008,3.762646766137999,3.762646766137999
Random Forest,218.0,-4.321928,-1.0291327524260026,3.292795247573997,3.292795247573997
Random Forest,221.0,-0.666666667,-2.6919780196320016,-2.0253113526320017,2.0253113526320017
Random Forest,221.0,0.0,-0.7239658995820006,-0.7239658995820006,0.7239658995820006
Random Forest,221.0,0.0,-0.5646420843299996,-0.5646420843299996,0.5646420843299996
Random Forest,221.0,-1.0,-1.7266043773619957,-0.7266043773619957,0.7266043773619957
Random Forest,221.0,0.0,-1.1702025910820006,-1.1702025910820006,1.1702025910820006
Random Forest,228.0,-1.0,-1.8650499389719954,-0.8650499389719954,0.8650499389719954
Random Forest,228.0,-1.881285333,-1.6969775157539972,0.18430781724600265,0.18430781724600265
Random Forest,228.0,-2.321928,-2.7623216445580017,-0.44039364455800145,0.44039364455800145
Random Forest,233.0,-5.321928,-2.3022314948279963,3.0196965051720035,3.0196965051720035
Random Forest,233.0,0.0,-0.8964549649700003,-0.8964549649700003,0.8964549649700003
Random Forest,233.0,-5.321928,-2.184034035981995,3.1378939640180046,3.1378939640180046
Random Forest,233.0,-3.321928,-2.53292069062,0.7890073093800001,0.7890073093800001
Random Forest,239.0,-5.321928,-2.756220669854005,2.5657073301459947,2.5657073301459947
Random Forest,239.0,-5.321928,-2.554674189322,2.7672538106779996,2.7672538106779996
Random Forest,239.0,-5.321928,-2.5262198483480005,2.7957081516519993,2.7957081516519993
Random Forest,239.0,-5.321928,-2.9592903538020066,2.362637646197993,2.362637646197993
Random Forest,240.0,0.0,-1.1979941577280004,-1.1979941577280004,1.1979941577280004
Random Forest,240.0,-4.321928,-2.3725214491039988,1.949406550896001,1.949406550896001
Random Forest,240.0,-5.321928,-2.043383842329995,3.2785441576700047,3.2785441576700047
Random Forest,240.0,-1.0,-1.0795351889860014,-0.07953518898600143,0.07953518898600143
Random Forest,247.0,-5.321928,-2.6813213311500013,2.6406066688499985,2.6406066688499985
Random Forest,247.0,-5.321928,-3.266912579042012,2.0550154209579876,2.0550154209579876
Random Forest,247.0,-0.25,-0.8188297929920013,-0.5688297929920013,0.5688297929920013
Random Forest,247.0,-5.321928,-3.8154661707820163,1.5064618292179834,1.5064618292179834
Random Forest,250.0,0.5,-1.5148311382919986,-2.0148311382919983,2.0148311382919983
Random Forest,250.0,1.0,-1.6528672626819974,-2.6528672626819976,2.6528672626819976
Random Forest,250.0,0.0,-2.4137502472099976,-2.4137502472099976,2.4137502472099976
Random Forest,250.0,0.0,-1.5615253809759972,-1.5615253809759972,1.5615253809759972
Random Forest,250.0,-0.333333333,-1.9922372477619936,-1.6589039147619937,1.6589039147619937
Random Forest,250.0,0.0,-2.2462499353259955,-2.2462499353259955,2.2462499353259955
Random Forest,255.0,-3.321928,-2.279721122887998,1.0422068771120023,1.0422068771120023
Random Forest,255.0,-1.7414459999999998,-1.248280703883998,0.4931652961160018,0.4931652961160018
Random Forest,255.0,-1.881285333,-1.5219920476659972,0.35929328533400273,0.35929328533400273
Random Forest,263.0,-3.321928,-2.987660795348005,0.334267204651995,0.334267204651995
Random Forest,263.0,-3.988594667,-3.0997564163940097,0.8888382506059904,0.8888382506059904
Random Forest,273.0,0.0,-1.25734067871,-1.25734067871,1.25734067871
Random Forest,273.0,0.5,-0.8162516198380005,-1.3162516198380005,1.3162516198380005
Random Forest,273.0,0.0,-1.4095836956999996,-1.4095836956999996,1.4095836956999996
Random Forest,273.0,0.0,-1.1958787512020006,-1.1958787512020006,1.1958787512020006
Random Forest,278.0,-5.321928,-2.977273790668004,2.344654209331996,2.344654209331996
Random Forest,278.0,0.0,-0.7214106895740009,-0.7214106895740009,0.7214106895740009
Random Forest,278.0,-4.321928,-2.302858011213996,2.0190699887860037,2.0190699887860037
Random Forest,278.0,-1.0,-0.6571417442080009,0.34285825579199913,0.34285825579199913
Random Forest,278.0,0.0,-0.5985274099940004,-0.5985274099940004,0.5985274099940004
Random Forest,279.0,-1.0,-2.5174069424059984,-1.5174069424059984,1.5174069424059984
Random Forest,279.0,-5.321928,-3.714854795574012,1.607073204425988,1.607073204425988
Random Forest,279.0,-1.660964,-1.5796576800339994,0.08130631996600068,0.08130631996600068
Random Forest,283.0,0.0,-0.6476505026620003,-0.6476505026620003,0.6476505026620003
Random Forest,283.0,-0.333333333,-0.3034172568480001,0.029916076151999926,0.029916076151999926
Random Forest,283.0,0.0,-2.302077974133997,-2.302077974133997,2.302077974133997
Random Forest,283.0,-4.321928,-3.5704793447520133,0.7514486552479864,0.7514486552479864
Random Forest Weighted,30.0,-0.386988,-1.3819746978339993,-0.9949866978339993,0.9949866978339993
Random Forest Weighted,30.0,-1.0,-0.9952310782920006,0.004768921707999363,0.004768921707999363
Random Forest Weighted,30.0,-2.321928,-1.2915905561940004,1.0303374438059998,1.0303374438059998
Random Forest Weighted,30.0,1.0,-1.3728402112119997,-2.372840211212,2.372840211212
Random Forest Weighted,30.0,0.0,-1.4229178079859983,-1.4229178079859983,1.4229178079859983
Random Forest Weighted,33.0,0.0,-2.7075460312059985,-2.7075460312059985,2.7075460312059985
Random Forest Weighted,33.0,-1.0,-2.4370549453259995,-1.4370549453259995,1.4370549453259995
Random Forest Weighted,33.0,-1.0,-2.183362087393997,-1.1833620873939972,1.1833620873939972
Random Forest Weighted,33.0,0.0,-1.738696634817999,-1.738696634817999,1.738696634817999
Random Forest Weighted,34.0,-1.0643856000000005,-1.4831404548559994,-0.41875485485599895,0.41875485485599895
Random Forest Weighted,34.0,0.0,-1.37228756038,-1.37228756038,1.37228756038
Random Forest Weighted,34.0,-5.321928,-3.0802165758480067,2.241711424151993,2.241711424151993
Random Forest Weighted,34.0,-1.0,-1.2540515739060003,-0.2540515739060003,0.2540515739060003
Random Forest Weighted,34.0,-4.821928,-3.218795666094008,1.6031323339059917,1.6031323339059917
Random Forest Weighted,39.0,1.0,-1.3499396962799988,-2.349939696279999,2.349939696279999
Random Forest Weighted,39.0,-0.5,-2.2506651836839935,-1.7506651836839935,1.7506651836839935
Random Forest Weighted,39.0,0.0,-4.013572202668019,-4.013572202668019,4.013572202668019
Random Forest Weighted,39.0,0.0,-3.7722135635800136,-3.7722135635800136,3.7722135635800136
Random Forest Weighted,39.0,0.0,-1.277653516534001,-1.277653516534001,1.277653516534001
Random Forest Weighted,42.0,-1.0,-1.295138090282001,-0.2951380902820011,0.2951380902820011
Random Forest Weighted,42.0,0.25,-0.9455681294620021,-1.1955681294620022,1.1955681294620022
Random Forest Weighted,42.0,-5.321928,-2.616852848000001,2.7050751519999987,2.7050751519999987
Random Forest Weighted,42.0,-5.321928,-3.5254583399300126,1.7964696600699872,1.7964696600699872
Random Forest Weighted,43.0,-0.666666667,-1.4516290623759989,-0.7849623953759989,0.7849623953759989
Random Forest Weighted,43.0,-3.321928,-2.0679744602359915,1.2539535397640087,1.2539535397640087
Random Forest Weighted,43.0,-5.321928,-3.877312883438017,1.444615116561983,1.444615116561983
Random Forest Weighted,43.0,-1.0,-1.324135328855999,-0.32413532885599894,0.32413532885599894
Random Forest Weighted,48.0,0.0,-1.9085414308779947,-1.9085414308779947,1.9085414308779947
Random Forest Weighted,48.0,-1.0,-2.5326723607839994,-1.5326723607839994,1.5326723607839994
Random Forest Weighted,48.0,-1.0,-2.0175271969699935,-1.0175271969699935,1.0175271969699935
Random Forest Weighted,48.0,-1.991446,-2.771016214936,-0.779570214936,0.779570214936
Random Forest Weighted,49.0,0.0,-0.5874871718440003,-0.5874871718440003,0.5874871718440003
Random Forest Weighted,49.0,-2.321928,-2.5049390598659986,-0.18301105986599842,0.18301105986599842
Random Forest Weighted,49.0,0.0,-0.9067135983800013,-0.9067135983800013,0.9067135983800013
Random Forest Weighted,49.0,-2.321928,-3.8500217769620173,-1.528093776962017,1.528093776962017
Random Forest Weighted,49.0,-3.321928,-2.985125719286004,0.3368022807139961,0.3368022807139961
Random Forest Weighted,54.0,0.0,-0.9124490406420014,-0.9124490406420014,0.9124490406420014
Random Forest Weighted,54.0,-1.370723,-3.928952919258013,-2.558229919258013,2.558229919258013
Random Forest Weighted,54.0,0.25,-2.567655066584,-2.817655066584,2.817655066584
Random Forest Weighted,54.0,0.333333333,-0.48237467543600027,-0.8157080084360002,0.8157080084360002
Random Forest Weighted,57.0,0.0,-2.5088682278159977,-2.5088682278159977,2.5088682278159977
Random Forest Weighted,57.0,0.0,-2.1915650002659968,-2.1915650002659968,2.1915650002659968
Random Forest Weighted,57.0,0.0,-1.720181668685996,-1.720181668685996,1.720181668685996
Random Forest Weighted,57.0,0.0,-2.624526789074002,-2.624526789074002,2.624526789074002
Random Forest Weighted,69.0,-5.321928,-3.224301238600011,2.097626761399989,2.097626761399989
Random Forest Weighted,69.0,-2.821928,-2.2926931564159987,0.5292348435840015,0.5292348435840015
Random Forest Weighted,69.0,-4.321928,-1.6259226030079965,2.6960053969920033,2.6960053969920033
Random Forest Weighted,69.0,-1.214618667,-1.0954692231220013,0.11914944387799875,0.11914944387799875
Random Forest Weighted,70.0,-1.0,-1.0586357566700013,-0.058635756670001316,0.058635756670001316
Random Forest Weighted,70.0,-1.5287712,-1.1225720356280005,0.40619916437199954,0.40619916437199954
Random Forest Weighted,70.0,0.0,-2.2339380398519952,-2.2339380398519952,2.2339380398519952
Random Forest Weighted,70.0,-4.321928,-2.1197982017819945,2.2021297982180053,2.2021297982180053
Random Forest Weighted,70.0,-0.666666667,-1.044046158220002,-0.37737949122000203,0.37737949122000203
Random Forest Weighted,90.0,0.0,-1.3554854018599996,-1.3554854018599996,1.3554854018599996
Random Forest Weighted,90.0,-1.7739759999999998,-2.3236712344499963,-0.5496952344499966,0.5496952344499966
Random Forest Weighted,90.0,0.0,-2.8868981571700036,-2.8868981571700036,2.8868981571700036
Random Forest Weighted,90.0,-0.4,-1.4401026389359992,-1.0401026389359993,1.0401026389359993
Random Forest Weighted,90.0,0.333333333,-3.266159873302011,-3.5994932063020113,3.5994932063020113
Random Forest Weighted,91.0,-3.321928,-1.7781263409539996,1.5438016590460006,1.5438016590460006
Random Forest Weighted,91.0,0.0,-0.9695045783560012,-0.9695045783560012,0.9695045783560012
Random Forest Weighted,91.0,-2.321928,-1.5161198915099987,0.8058081084900015,0.8058081084900015
Random Forest Weighted,91.0,-1.0,-1.3801711970179988,-0.38017119701799884,0.38017119701799884
Random Forest Weighted,92.0,-1.0,-1.9394308365859965,-0.9394308365859965,0.9394308365859965
Random Forest Weighted,92.0,-2.321928,-1.5437311599619976,0.7781968400380026,0.7781968400380026
Random Forest Weighted,92.0,-0.428571429,-1.0031050125499996,-0.5745335835499996,0.5745335835499996
Random Forest Weighted,92.0,0.2,-1.676581989097998,-1.876581989097998,1.876581989097998
Random Forest Weighted,92.0,-1.0,-1.588722885865997,-0.588722885865997,0.588722885865997
Random Forest Weighted,97.0,-1.107309333,-1.3585385061599995,-0.2512291731599996,0.2512291731599996
Random Forest Weighted,97.0,0.0,-1.1693556848640005,-1.1693556848640005,1.1693556848640005
Random Forest Weighted,97.0,0.25,-1.057868101944001,-1.307868101944001,1.307868101944001
Random Forest Weighted,97.0,0.0,-2.680263327256001,-2.680263327256001,2.680263327256001
Random Forest Weighted,99.0,-0.5,-3.0453988760240023,-2.5453988760240023,2.5453988760240023
Random Forest Weighted,99.0,0.0,-2.0454109809579926,-2.0454109809579926,2.0454109809579926
Random Forest Weighted,99.0,-2.321928,-3.121042702120006,-0.7991147021200056,0.7991147021200056
Random Forest Weighted,99.0,0.0,-1.6639332331579972,-1.6639332331579972,1.6639332331579972
Random Forest Weighted,102.0,-0.5,-1.1268221346320009,-0.6268221346320009,0.6268221346320009
Random Forest Weighted,102.0,0.333333333,-1.2141435647140002,-1.547476897714,1.547476897714
Random Forest Weighted,102.0,-0.666666667,-1.3498775873859987,-0.6832109203859987,0.6832109203859987
Random Forest Weighted,102.0,0.0,-0.757667775450001,-0.757667775450001,0.757667775450001
Random Forest Weighted,103.0,-0.666666667,-2.893531230710007,-2.226864563710007,2.226864563710007
Random Forest Weighted,110.0,0.0,-1.8414461903799955,-1.8414461903799955,1.8414461903799955
Random Forest Weighted,110.0,-0.5,-1.1249073696440006,-0.6249073696440006,0.6249073696440006
Random Forest Weighted,110.0,-1.0,-1.1235322004580002,-0.12353220045800017,0.12353220045800017
Random Forest Weighted,110.0,-2.321928,-1.5901131445819972,0.7318148554180031,0.7318148554180031
Random Forest Weighted,120.0,-2.321928,-0.8446803301520013,1.477247669847999,1.477247669847999
Random Forest Weighted,120.0,-3.821928,-2.8042765528860034,1.0176514471139968,1.0176514471139968
Random Forest Weighted,125.0,0.0,-0.7261185332220013,-0.7261185332220013,0.7261185332220013
Random Forest Weighted,125.0,0.0,-0.9023279399200022,-0.9023279399200022,0.9023279399200022
Random Forest Weighted,125.0,0.0,-0.8977078536400018,-0.8977078536400018,0.8977078536400018
Random Forest Weighted,125.0,-5.321928,-3.8353091828700125,1.4866188171299872,1.4866188171299872
Random Forest Weighted,125.0,-2.321928,-2.7504388675440015,-0.42851086754400125,0.42851086754400125
Random Forest Weighted,133.0,-3.821928,-0.9826236271100013,2.839304372889999,2.839304372889999
Random Forest Weighted,133.0,0.0,-1.2289030749520002,-1.2289030749520002,1.2289030749520002
Random Forest Weighted,135.0,-3.321928,-2.5471849329420007,0.7747430670579996,0.7747430670579996
Random Forest Weighted,135.0,0.0,-0.8117719115200017,-0.8117719115200017,0.8117719115200017
Random Forest Weighted,135.0,-2.321928,-1.830156814463993,0.4917711855360072,0.4917711855360072
Random Forest Weighted,138.0,0.0,-1.5868045761319975,-1.5868045761319975,1.5868045761319975
Random Forest Weighted,138.0,0.0,-1.725732241896,-1.725732241896,1.725732241896
Random Forest Weighted,138.0,0.0,-3.4765718107060057,-3.4765718107060057,3.4765718107060057
Random Forest Weighted,138.0,0.0,-3.4866690040060107,-3.4866690040060107,3.4866690040060107
Random Forest Weighted,139.0,0.333333333,-0.920081831486,-1.2534151644859999,1.2534151644859999
Random Forest Weighted,139.0,-0.5,-0.9433008875680031,-0.4433008875680031,0.4433008875680031
Random Forest Weighted,139.0,0.0,-0.6882014836400006,-0.6882014836400006,0.6882014836400006
Random Forest Weighted,141.0,-1.0,-3.5441098664360116,-2.5441098664360116,2.5441098664360116
Random Forest Weighted,141.0,-0.666666667,-3.3831178118240057,-2.716451144824006,2.716451144824006
Random Forest Weighted,144.0,0.0,-0.782347710868001,-0.782347710868001,0.782347710868001
Random Forest Weighted,144.0,0.0,-0.8606055571460007,-0.8606055571460007,0.8606055571460007
Random Forest Weighted,144.0,-1.107309333,-0.8695408388660012,0.2377684941339987,0.2377684941339987
Random Forest Weighted,156.0,-0.5,-1.352492773567999,-0.852492773567999,0.852492773567999
Random Forest Weighted,156.0,0.25,-1.35837348863,-1.60837348863,1.60837348863
Random Forest Weighted,156.0,1.0,-2.936556060674003,-3.936556060674003,3.936556060674003
Random Forest Weighted,160.0,-1.0,-1.0039440145240022,-0.003944014524002171,0.003944014524002171
Random Forest Weighted,160.0,-0.5,-2.455676038820002,-1.9556760388200018,1.9556760388200018
Random Forest Weighted,160.0,-0.5,-0.7940386567360016,-0.2940386567360016,0.2940386567360016
Random Forest Weighted,160.0,-1.0,-2.8396377130180026,-1.8396377130180026,1.8396377130180026
Random Forest Weighted,165.0,-1.0,-1.07975637759,-0.0797563775900001,0.0797563775900001
Random Forest Weighted,165.0,-0.333333333,-1.6701143149339992,-1.336780981933999,1.336780981933999
Random Forest Weighted,165.0,-1.160964,-1.3423700839960004,-0.18140608399600033,0.18140608399600033
Random Forest Weighted,165.0,-1.0,-1.7937936843199955,-0.7937936843199955,0.7937936843199955
Random Forest Weighted,166.0,0.0,-1.379385797865999,-1.379385797865999,1.379385797865999
Random Forest Weighted,166.0,0.0,-0.9811243895340009,-0.9811243895340009,0.9811243895340009
Random Forest Weighted,166.0,-0.666666667,-1.311047592762,-0.644380925762,0.644380925762
Random Forest Weighted,166.0,0.0,-1.4579477743299962,-1.4579477743299962,1.4579477743299962
Random Forest Weighted,171.0,-0.166666667,-1.5878507610439974,-1.4211840940439973,1.4211840940439973
Random Forest Weighted,171.0,0.0,-1.268114042806,-1.268114042806,1.268114042806
Random Forest Weighted,171.0,0.0,-2.8009176211480016,-2.8009176211480016,2.8009176211480016
Random Forest Weighted,171.0,-0.25,-1.7133331827599967,-1.4633331827599967,1.4633331827599967
Random Forest Weighted,176.0,-0.5,-1.3234979212739995,-0.8234979212739995,0.8234979212739995
Random Forest Weighted,176.0,-1.0,-1.712250120675998,-0.7122501206759979,0.7122501206759979
Random Forest Weighted,188.0,0.0,-0.5543371701340001,-0.5543371701340001,0.5543371701340001
Random Forest Weighted,188.0,0.0,-1.1028525522540022,-1.1028525522540022,1.1028525522540022
Random Forest Weighted,194.0,0.0,-1.0335685147399996,-1.0335685147399996,1.0335685147399996
Random Forest Weighted,194.0,0.0,-3.782864787940015,-3.782864787940015,3.782864787940015
Random Forest Weighted,194.0,0.0,-1.1491121725199998,-1.1491121725199998,1.1491121725199998
Random Forest Weighted,194.0,-0.333333333,-1.8020365486719938,-1.4687032156719937,1.4687032156719937
Random Forest Weighted,196.0,0.0,-0.5162179746300002,-0.5162179746300002,0.5162179746300002
Random Forest Weighted,196.0,-1.0,-4.46219540532401,-3.4621954053240103,3.4621954053240103
Random Forest Weighted,196.0,0.0,-2.9074322797560006,-2.9074322797560006,2.9074322797560006
Random Forest Weighted,200.0,-2.321928,-3.6157630712340136,-1.2938350712340134,1.2938350712340134
Random Forest Weighted,200.0,0.0,-0.9109315685340015,-0.9109315685340015,0.9109315685340015
Random Forest Weighted,200.0,0.0,-1.1278632258640007,-1.1278632258640007,1.1278632258640007
Random Forest Weighted,200.0,0.0,-0.7997160869280009,-0.7997160869280009,0.7997160869280009
Random Forest Weighted,200.0,0.0,-1.2110259468580002,-1.2110259468580002,1.2110259468580002
Random Forest Weighted,217.0,-0.2,-1.6543679681879977,-1.4543679681879977,1.4543679681879977
Random Forest Weighted,217.0,0.0,-2.135287775745998,-2.135287775745998,2.135287775745998
Random Forest Weighted,217.0,-0.924658667,-2.4723620066640004,-1.5477033396640003,1.5477033396640003
Random Forest Weighted,218.0,-2.321928,-0.6861970159720016,1.6357309840279988,1.6357309840279988
Random Forest Weighted,218.0,-3.321928,-2.9242475782460016,0.39768042175399865,0.39768042175399865
Random Forest Weighted,218.0,-4.321928,-0.6073788189760009,3.714549181023999,3.714549181023999
Random Forest Weighted,218.0,-4.321928,-1.2242413221860002,3.0976866778139995,3.0976866778139995
Random Forest Weighted,221.0,-0.666666667,-3.0071471956340075,-2.3404805286340076,2.3404805286340076
Random Forest Weighted,221.0,0.0,-0.9685388346260019,-0.9685388346260019,0.9685388346260019
Random Forest Weighted,221.0,0.0,-0.8680269395200018,-0.8680269395200018,0.8680269395200018
Random Forest Weighted,221.0,-1.0,-2.348159640985996,-1.3481596409859962,1.3481596409859962
Random Forest Weighted,221.0,0.0,-1.5823282462479984,-1.5823282462479984,1.5823282462479984
Random Forest Weighted,228.0,-1.0,-2.220848331335995,-1.2208483313359948,1.2208483313359948
Random Forest Weighted,228.0,-1.881285333,-2.1547512981339945,-0.27346596513399457,0.27346596513399457
Random Forest Weighted,228.0,-2.321928,-3.0676901305820077,-0.7457621305820075,0.7457621305820075
Random Forest Weighted,233.0,-5.321928,-2.723275238440003,2.598652761559997,2.598652761559997
Random Forest Weighted,233.0,0.0,-1.2689046642099993,-1.2689046642099993,1.2689046642099993
Random Forest Weighted,233.0,-5.321928,-2.6795043186320044,2.6424236813679953,2.6424236813679953
Random Forest Weighted,233.0,-3.321928,-2.9914050468720066,0.3305229531279936,0.3305229531279936
Random Forest Weighted,239.0,-5.321928,-2.9209168119900064,2.4010111880099934,2.4010111880099934
Random Forest Weighted,239.0,-5.321928,-2.9210379904660044,2.4008900095339953,2.4008900095339953
Random Forest Weighted,239.0,-5.321928,-2.719867324382004,2.6020606756179956,2.6020606756179956
Random Forest Weighted,239.0,-5.321928,-2.9180074122020034,2.4039205877979963,2.4039205877979963
Random Forest Weighted,240.0,0.0,-1.4655334451719992,-1.4655334451719992,1.4655334451719992
Random Forest Weighted,240.0,-4.321928,-2.4797497728379994,1.8421782271620004,1.8421782271620004
Random Forest Weighted,240.0,-5.321928,-2.577080994762,2.744847005238,2.744847005238
Random Forest Weighted,240.0,-1.0,-1.3663787280539998,-0.36637872805399985,0.36637872805399985
Random Forest Weighted,247.0,-5.321928,-2.997162309818003,2.3247656901819966,2.3247656901819966
Random Forest Weighted,247.0,-5.321928,-3.3541053038080113,1.9678226961919885,1.9678226961919885
Random Forest Weighted,247.0,-0.25,-1.0484652139320019,-0.7984652139320019,0.7984652139320019
Random Forest Weighted,247.0,-5.321928,-3.861920167862014,1.4600078321379857,1.4600078321379857
Random Forest Weighted,250.0,0.5,-1.876214515051994,-2.376214515051994,2.376214515051994
Random Forest Weighted,250.0,1.0,-2.106564476013995,-3.106564476013995,3.106564476013995
Random Forest Weighted,250.0,0.0,-2.6561541024960005,-2.6561541024960005,2.6561541024960005
Random Forest Weighted,250.0,0.0,-1.945476090299993,-1.945476090299993,1.945476090299993
Random Forest Weighted,250.0,-0.333333333,-2.353845301091999,-2.020511968091999,2.020511968091999
Random Forest Weighted,250.0,0.0,-2.368061758675997,-2.368061758675997,2.368061758675997
Random Forest Weighted,255.0,-3.321928,-2.5149869327700016,0.8069410672299986,0.8069410672299986
Random Forest Weighted,255.0,-1.7414459999999998,-1.6014285958879966,0.14001740411200325,0.14001740411200325
Random Forest Weighted,255.0,-1.881285333,-2.0211975033919924,-0.13991217039199255,0.13991217039199255
Random Forest Weighted,263.0,-3.321928,-3.176923969960009,0.14500403003999107,0.14500403003999107
Random Forest Weighted,263.0,-3.988594667,-3.240290428394011,0.7483042386059893,0.7483042386059893
Random Forest Weighted,273.0,0.0,-1.529605828837998,-1.529605828837998,1.529605828837998
Random Forest Weighted,273.0,0.5,-1.193162703028,-1.693162703028,1.693162703028
Random Forest Weighted,273.0,0.0,-1.9346280214359972,-1.9346280214359972,1.9346280214359972
Random Forest Weighted,273.0,0.0,-1.593023782667998,-1.593023782667998,1.593023782667998
Random Forest Weighted,278.0,-5.321928,-3.2309561826740048,2.090971817325995,2.090971817325995
Random Forest Weighted,278.0,0.0,-0.8779626137320015,-0.8779626137320015,0.8779626137320015
Random Forest Weighted,278.0,-4.321928,-2.540696159077999,1.781231840922001,1.781231840922001
Random Forest Weighted,278.0,-1.0,-0.7662840342560014,0.23371596574399855,0.23371596574399855
Random Forest Weighted,278.0,0.0,-0.7365593698820011,-0.7365593698820011,0.7365593698820011
Random Forest Weighted,279.0,-1.0,-2.7207380466140005,-1.7207380466140005,1.7207380466140005
Random Forest Weighted,279.0,-5.321928,-4.249666776394015,1.0722612236059845,1.0722612236059845
Random Forest Weighted,279.0,-1.660964,-1.7025968139059986,-0.04163281390599849,0.04163281390599849
Random Forest Weighted,283.0,0.0,-0.7785924651660012,-0.7785924651660012,0.7785924651660012
Random Forest Weighted,283.0,-0.333333333,-0.4532263287920003,-0.1198929957920003,0.1198929957920003
Random Forest Weighted,283.0,0.0,-2.610779243732,-2.610779243732,2.610779243732
Random Forest Weighted,283.0,-4.321928,-3.656056553908012,0.6658714460919879,0.6658714460919879
Extra Trees,30.0,-0.386988,-0.6647846095300006,-0.2777966095300006,0.2777966095300006
Extra Trees,30.0,-1.0,-0.6522679151679993,0.3477320848320007,0.3477320848320007
Extra Trees,30.0,-2.321928,-0.7705821505960005,1.5513458494039996,1.5513458494039996
Extra Trees,30.0,1.0,-0.6707307848080007,-1.6707307848080006,1.6707307848080006
Extra Trees,30.0,0.0,-0.594869153504001,-0.594869153504001,0.594869153504001
Extra Trees,33.0,0.0,-2.4331531234699972,-2.4331531234699972,2.4331531234699972
Extra Trees,33.0,-1.0,-2.067412022955995,-1.067412022955995,1.067412022955995
Extra Trees,33.0,-1.0,-1.9529424927999963,-0.9529424927999963,0.9529424927999963
Extra Trees,33.0,0.0,-1.4103304299079995,-1.4103304299079995,1.4103304299079995
Extra Trees,34.0,-1.0643856000000005,-0.7775138921760002,0.2868717078240003,0.2868717078240003
Extra Trees,34.0,0.0,-0.8666694603600009,-0.8666694603600009,0.8666694603600009
Extra Trees,34.0,-5.321928,-2.275101146313997,3.0468268536860026,3.0468268536860026
Extra Trees,34.0,-1.0,-0.7741030946640002,0.22589690533599982,0.22589690533599982
Extra Trees,34.0,-4.821928,-2.897188132760004,1.9247398672399956,1.9247398672399956
Extra Trees,39.0,1.0,-1.5930836266659976,-2.5930836266659973,2.5930836266659973
Extra Trees,39.0,-0.5,-2.3124541299259946,-1.8124541299259946,1.8124541299259946
Extra Trees,39.0,0.0,-3.692266321294016,-3.692266321294016,3.692266321294016
Extra Trees,39.0,0.0,-3.4296630610940104,-3.4296630610940104,3.4296630610940104
Extra Trees,39.0,0.0,-1.7039784582759974,-1.7039784582759974,1.7039784582759974
Extra Trees,42.0,-1.0,-1.1725418417980003,-0.17254184179800025,0.17254184179800025
Extra Trees,42.0,0.25,-0.7537078177340015,-1.0037078177340015,1.0037078177340015
Extra Trees,42.0,-5.321928,-2.6183949321919986,2.703533067808001,2.703533067808001
Extra Trees,42.0,-5.321928,-2.767978161246001,2.553949838753999,2.553949838753999
Extra Trees,43.0,-0.666666667,-1.0152493210660012,-0.3485826540660012,0.3485826540660012
Extra Trees,43.0,-3.321928,-1.3591099036079972,1.962818096392003,1.962818096392003
Extra Trees,43.0,-5.321928,-3.2290887746700094,2.0928392253299903,2.0928392253299903
Extra Trees,43.0,-1.0,-0.9049030253399982,0.09509697466000178,0.09509697466000178
Extra Trees,48.0,0.0,-1.8427627148899948,-1.8427627148899948,1.8427627148899948
Extra Trees,48.0,-1.0,-2.2310474283499953,-1.2310474283499953,1.2310474283499953
Extra Trees,48.0,-1.0,-1.7033968033299982,-0.7033968033299982,0.7033968033299982
Extra Trees,48.0,-1.991446,-2.504525498489998,-0.5130794984899978,0.5130794984899978
Extra Trees,49.0,0.0,-0.3943400790119994,-0.3943400790119994,0.3943400790119994
Extra Trees,49.0,-2.321928,-2.047677588099999,0.2742504119000011,0.2742504119000011
Extra Trees,49.0,0.0,-0.7390385164260007,-0.7390385164260007,0.7390385164260007
Extra Trees,49.0,-2.321928,-3.331854451240012,-1.0099264512400117,1.0099264512400117
Extra Trees,49.0,-3.321928,-2.364287270757996,0.9576407292420042,0.9576407292420042
Extra Trees,54.0,0.0,-0.7511095723680006,-0.7511095723680006,0.7511095723680006
Extra Trees,54.0,-1.370723,-4.28840218401001,-2.9176791840100105,2.9176791840100105
Extra Trees,54.0,0.25,-1.980956184773994,-2.2309561847739943,2.2309561847739943
Extra Trees,54.0,0.333333333,-0.3624460996540003,-0.6957794326540003,0.6957794326540003
Extra Trees,57.0,0.0,-1.3695919172520001,-1.3695919172520001,1.3695919172520001
Extra Trees,57.0,0.0,-1.4965610278960009,-1.4965610278960009,1.4965610278960009
Extra Trees,57.0,0.0,-1.0718421279260009,-1.0718421279260009,1.0718421279260009
Extra Trees,57.0,0.0,-1.4293927811699987,-1.4293927811699987,1.4293927811699987
Extra Trees,69.0,-5.321928,-2.5014561678359994,2.8204718321640003,2.8204718321640003
Extra Trees,69.0,-2.821928,-1.5715820280619994,1.2503459719380008,1.2503459719380008
Extra Trees,69.0,-4.321928,-1.4534484273499986,2.868479572650001,2.868479572650001
Extra Trees,69.0,-1.214618667,-1.1221660650120007,0.09245260198799943,0.09245260198799943
Extra Trees,70.0,-1.0,-0.6533130732840003,0.34668692671599965,0.34668692671599965
Extra Trees,70.0,-1.5287712,-0.6855362382379997,0.8432349617620003,0.8432349617620003
Extra Trees,70.0,0.0,-1.5459994014919982,-1.5459994014919982,1.5459994014919982
Extra Trees,70.0,-4.321928,-1.0370969699960015,3.284831030003998,3.284831030003998
Extra Trees,70.0,-0.666666667,-0.639175490214001,0.027491176785998994,0.027491176785998994
Extra Trees,90.0,0.0,-1.0323926018640013,-1.0323926018640013,1.0323926018640013
Extra Trees,90.0,-1.7739759999999998,-2.0415210586559915,-0.26754505865599176,0.26754505865599176
Extra Trees,90.0,0.0,-2.584856940014,-2.584856940014,2.584856940014
Extra Trees,90.0,-0.4,-1.2266484386619998,-0.8266484386619998,0.8266484386619998
Extra Trees,90.0,0.333333333,-2.981270849216008,-3.314604182216008,3.314604182216008
Extra Trees,91.0,-3.321928,-2.052740456829998,1.2691875431700024,1.2691875431700024
Extra Trees,91.0,0.0,-1.0399219618999995,-1.0399219618999995,1.0399219618999995
Extra Trees,91.0,-2.321928,-1.650950542969998,0.6709774570300022,0.6709774570300022
Extra Trees,91.0,-1.0,-1.155335943792001,-0.155335943792001,0.155335943792001
Extra Trees,92.0,-1.0,-1.8335200418299986,-0.8335200418299986,0.8335200418299986
Extra Trees,92.0,-2.321928,-0.9280138653420014,1.3939141346579988,1.3939141346579988
Extra Trees,92.0,-0.428571429,-0.7928717874859988,-0.36430035848599884,0.36430035848599884
Extra Trees,92.0,0.2,-1.1739229289160014,-1.3739229289160013,1.3739229289160013
Extra Trees,92.0,-1.0,-1.095171861262001,-0.09517186126200095,0.09517186126200095
Extra Trees,97.0,-1.107309333,-0.5470917997959994,0.5602175332040005,0.5602175332040005
Extra Trees,97.0,0.0,-0.5021673838320002,-0.5021673838320002,0.5021673838320002
Extra Trees,97.0,0.25,-0.42962459323000074,-0.6796245932300007,0.6796245932300007
Extra Trees,97.0,0.0,-2.2705627901439946,-2.2705627901439946,2.2705627901439946
Extra Trees,99.0,-0.5,-2.988253279920003,-2.488253279920003,2.488253279920003
Extra Trees,99.0,0.0,-1.720968959621996,-1.720968959621996,1.720968959621996
Extra Trees,99.0,-2.321928,-2.7840157065640025,-0.46208770656400233,0.46208770656400233
Extra Trees,99.0,0.0,-1.5102028148679978,-1.5102028148679978,1.5102028148679978
Extra Trees,102.0,-0.5,-0.6193923534960007,-0.11939235349600075,0.11939235349600075
Extra Trees,102.0,0.333333333,-0.5612016293320011,-0.8945349623320011,0.8945349623320011
Extra Trees,102.0,-0.666666667,-0.7388857261160013,-0.07221905911600135,0.07221905911600135
Extra Trees,102.0,0.0,-0.4013009239180003,-0.4013009239180003,0.4013009239180003
Extra Trees,103.0,-0.666666667,-2.7243600500940053,-2.0576933830940054,2.0576933830940054
Extra Trees,110.0,0.0,-1.664424267249996,-1.664424267249996,1.664424267249996
Extra Trees,110.0,-0.5,-1.4263693904779986,-0.9263693904779986,0.9263693904779986
Extra Trees,110.0,-1.0,-1.4139545493779986,-0.4139545493779986,0.4139545493779986
Extra Trees,110.0,-2.321928,-1.8338320161799953,0.48809598382000496,0.48809598382000496
Extra Trees,120.0,-2.321928,-0.6554979268380007,1.6664300731619996,1.6664300731619996
Extra Trees,120.0,-3.821928,-2.5581414063640007,1.2637865936359995,1.2637865936359995
Extra Trees,125.0,0.0,-0.677324475844001,-0.677324475844001,0.677324475844001
Extra Trees,125.0,0.0,-0.5439779981420003,-0.5439779981420003,0.5439779981420003
Extra Trees,125.0,0.0,-0.8401946928280015,-0.8401946928280015,0.8401946928280015
Extra Trees,125.0,-5.321928,-2.985289172976003,2.3366388270239966,2.3366388270239966
Extra Trees,125.0,-2.321928,-2.2464879696779967,0.07544003032200353,0.07544003032200353
Extra Trees,133.0,-3.821928,-0.557981509004,3.263946490996,3.263946490996
Extra Trees,133.0,0.0,-0.5846663415460005,-0.5846663415460005,0.5846663415460005
Extra Trees,135.0,-3.321928,-1.8813845910399951,1.440543408960005,1.440543408960005
Extra Trees,135.0,0.0,-0.6910659587320009,-0.6910659587320009,0.6910659587320009
Extra Trees,135.0,-2.321928,-1.304971312548,1.0169566874520002,1.0169566874520002
Extra Trees,138.0,0.0,-0.767132373098,-0.767132373098,0.767132373098
Extra Trees,138.0,0.0,-0.9973166942600004,-0.9973166942600004,0.9973166942600004
Extra Trees,138.0,0.0,-2.303422381185997,-2.303422381185997,2.303422381185997
Extra Trees,138.0,0.0,-2.2636709487619964,-2.2636709487619964,2.2636709487619964
Extra Trees,139.0,0.333333333,-0.7345899197480006,-1.0679232527480007,1.0679232527480007
Extra Trees,139.0,-0.5,-0.41669440490799975,0.08330559509200025,0.08330559509200025
Extra Trees,139.0,0.0,-0.4741163621980003,-0.4741163621980003,0.4741163621980003
Extra Trees,141.0,-1.0,-3.057861305664004,-2.057861305664004,2.057861305664004
Extra Trees,141.0,-0.666666667,-2.906383713788002,-2.239717046788002,2.239717046788002
Extra Trees,144.0,0.0,-0.3563561720640001,-0.3563561720640001,0.3563561720640001
Extra Trees,144.0,0.0,-0.4927060212000001,-0.4927060212000001,0.4927060212000001
Extra Trees,144.0,-1.107309333,-0.20245064405600005,0.9048586889439998,0.9048586889439998
Extra Trees,156.0,-0.5,-0.8718020180080015,-0.3718020180080015,0.3718020180080015
Extra Trees,156.0,0.25,-1.0080202807700007,-1.2580202807700007,1.2580202807700007
Extra Trees,156.0,1.0,-2.828305596602002,-3.828305596602002,3.828305596602002
Extra Trees,160.0,-1.0,-0.8696746098400022,0.13032539015999778,0.13032539015999778
Extra Trees,160.0,-0.5,-1.8705388058040058,-1.3705388058040058,1.3705388058040058
Extra Trees,160.0,-0.5,-0.5412700049640007,-0.041270004964000684,0.041270004964000684
Extra Trees,160.0,-1.0,-2.935035235566006,-1.9350352355660059,1.9350352355660059
Extra Trees,165.0,-1.0,-0.5443945653300002,0.4556054346699998,0.4556054346699998
Extra Trees,165.0,-0.333333333,-0.7295957981040008,-0.39626246510400076,0.39626246510400076
Extra Trees,165.0,-1.160964,-0.5153267027940003,0.6456372972059998,0.6456372972059998
Extra Trees,165.0,-1.0,-0.9481254592220021,0.05187454077799791,0.05187454077799791
Extra Trees,166.0,0.0,-1.2102609093719998,-1.2102609093719998,1.2102609093719998
Extra Trees,166.0,0.0,-0.945616344898001,-0.945616344898001,0.945616344898001
Extra Trees,166.0,-0.666666667,-1.2435621356659994,-0.5768954686659994,0.5768954686659994
Extra Trees,166.0,0.0,-1.0736645775200018,-1.0736645775200018,1.0736645775200018
Extra Trees,171.0,-0.166666667,-2.3319300971719956,-2.1652634301719957,2.1652634301719957
Extra Trees,171.0,0.0,-1.446075139791997,-1.446075139791997,1.446075139791997
Extra Trees,171.0,0.0,-2.556240129845999,-2.556240129845999,2.556240129845999
Extra Trees,171.0,-0.25,-2.2065407856559944,-1.9565407856559944,1.9565407856559944
Extra Trees,176.0,-0.5,-0.9642539576200005,-0.46425395762000055,0.46425395762000055
Extra Trees,176.0,-1.0,-1.2315187167559984,-0.23151871675599844,0.23151871675599844
Extra Trees,188.0,0.0,-0.1483924045900001,-0.1483924045900001,0.1483924045900001
Extra Trees,188.0,0.0,-0.730504635472,-0.730504635472,0.730504635472
Extra Trees,194.0,0.0,-0.8431648892999994,-0.8431648892999994,0.8431648892999994
Extra Trees,194.0,0.0,-3.163084518622008,-3.163084518622008,3.163084518622008
Extra Trees,194.0,0.0,-0.9702220872060012,-0.9702220872060012,0.9702220872060012
Extra Trees,194.0,-0.333333333,-1.3179168762499986,-0.9845835432499986,0.9845835432499986
Extra Trees,196.0,0.0,-0.41773200305200003,-0.41773200305200003,0.41773200305200003
Extra Trees,196.0,-1.0,-4.351145792000014,-3.351145792000014,3.351145792000014
Extra Trees,196.0,0.0,-2.869170244373998,-2.869170244373998,2.869170244373998
Extra Trees,200.0,-2.321928,-2.8306318499000036,-0.5087038499000034,0.5087038499000034
Extra Trees,200.0,0.0,-0.8037017594280018,-0.8037017594280018,0.8037017594280018
Extra Trees,200.0,0.0,-0.8607201992260008,-0.8607201992260008,0.8607201992260008
Extra Trees,200.0,0.0,-0.6899580549560009,-0.6899580549560009,0.6899580549560009
Extra Trees,200.0,0.0,-0.9500443695220014,-0.9500443695220014,0.9500443695220014
Extra Trees,217.0,-0.2,-1.314963900256,-1.1149639002560001,1.1149639002560001
Extra Trees,217.0,0.0,-1.6898054189160014,-1.6898054189160014,1.6898054189160014
Extra Trees,217.0,-0.924658667,-1.8542385410799966,-0.9295798740799966,0.9295798740799966
Extra Trees,218.0,-2.321928,-0.4002849742580002,1.921643025742,1.921643025742
Extra Trees,218.0,-3.321928,-2.275547716687999,1.046380283312001,1.046380283312001
Extra Trees,218.0,-4.321928,-0.4727598548600005,3.8491681451399993,3.8491681451399993
Extra Trees,218.0,-4.321928,-0.860661060118002,3.4612669398819977,3.4612669398819977
Extra Trees,221.0,-0.666666667,-2.316008402977997,-1.649341735977997,1.649341735977997
Extra Trees,221.0,0.0,-0.6963587442120005,-0.6963587442120005,0.6963587442120005
Extra Trees,221.0,0.0,-0.5771081002199999,-0.5771081002199999,0.5771081002199999
Extra Trees,221.0,-1.0,-1.2342695432339998,-0.23426954323399984,0.23426954323399984
Extra Trees,221.0,0.0,-1.0177240111180015,-1.0177240111180015,1.0177240111180015
Extra Trees,228.0,-1.0,-2.7502052092040037,-1.7502052092040037,1.7502052092040037
Extra Trees,228.0,-1.881285333,-1.5911382768499978,0.29014705615000214,0.29014705615000214
Extra Trees,228.0,-2.321928,-2.9698639109240044,-0.6479359109240042,0.6479359109240042
Extra Trees,233.0,-5.321928,-1.3692740915099983,3.952653908490001,3.952653908490001
Extra Trees,233.0,0.0,-0.6759662937260007,-0.6759662937260007,0.6759662937260007
Extra Trees,233.0,-5.321928,-2.176186274581995,3.145741725418005,3.145741725418005
Extra Trees,233.0,-3.321928,-3.140271078870007,0.18165692112999343,0.18165692112999343
Extra Trees,239.0,-5.321928,-2.8744970906620075,2.4474309093379922,2.4474309093379922
Extra Trees,239.0,-5.321928,-2.9298714318920056,2.392056568107994,2.392056568107994
Extra Trees,239.0,-5.321928,-2.761492891716003,2.560435108283997,2.560435108283997
Extra Trees,239.0,-5.321928,-2.8101788669540024,2.5117491330459973,2.5117491330459973
Extra Trees,240.0,0.0,-1.345516910841999,-1.345516910841999,1.345516910841999
Extra Trees,240.0,-4.321928,-2.064778097869996,2.2571499021300037,2.2571499021300037
Extra Trees,240.0,-5.321928,-1.4974968353879983,3.8244311646120015,3.8244311646120015
Extra Trees,240.0,-1.0,-1.1100018722100007,-0.11000187221000068,0.11000187221000068
Extra Trees,247.0,-5.321928,-2.291818527574001,3.0301094724259987,3.0301094724259987
Extra Trees,247.0,-5.321928,-2.864486399030003,2.4574416009699966,2.4574416009699966
Extra Trees,247.0,-0.25,-0.6433608553320002,-0.39336085533200016,0.39336085533200016
Extra Trees,247.0,-5.321928,-3.47199735085001,1.8499306491499898,1.8499306491499898
Extra Trees,250.0,0.5,-1.2588939563280004,-1.7588939563280004,1.7588939563280004
Extra Trees,250.0,1.0,-1.4977252272579973,-2.4977252272579973,2.4977252272579973
Extra Trees,250.0,0.0,-1.8595560034299958,-1.8595560034299958,1.8595560034299958
Extra Trees,250.0,0.0,-1.2680733207899992,-1.2680733207899992,1.2680733207899992
Extra Trees,250.0,-0.333333333,-1.658224535979996,-1.324891202979996,1.324891202979996
Extra Trees,250.0,0.0,-1.3262710312439987,-1.3262710312439987,1.3262710312439987
Extra Trees,255.0,-3.321928,-2.4105218903819994,0.9114061096180008,0.9114061096180008
Extra Trees,255.0,-1.7414459999999998,-1.4280568009579984,0.31338919904200147,0.31338919904200147
Extra Trees,255.0,-1.881285333,-1.502038642363997,0.3792466906360028,0.3792466906360028
Extra Trees,263.0,-3.321928,-2.610810733923999,0.711117266076001,0.711117266076001
Extra Trees,263.0,-3.988594667,-2.681737428182003,1.3068572388179973,1.3068572388179973
Extra Trees,273.0,0.0,-1.2846888560779997,-1.2846888560779997,1.2846888560779997
Extra Trees,273.0,0.5,-1.0228778218280006,-1.5228778218280006,1.5228778218280006
Extra Trees,273.0,0.0,-1.6012187028979994,-1.6012187028979994,1.6012187028979994
Extra Trees,273.0,0.0,-1.242197473792,-1.242197473792,1.242197473792
Extra Trees,278.0,-5.321928,-2.8004136455319983,2.5215143544680014,2.5215143544680014
Extra Trees,278.0,0.0,-0.8247700349340011,-0.8247700349340011,0.8247700349340011
Extra Trees,278.0,-4.321928,-1.9279157184519968,2.3940122815480027,2.3940122815480027
Extra Trees,278.0,-1.0,-0.21291800599200006,0.7870819940079999,0.7870819940079999
Extra Trees,278.0,0.0,-0.5869093569480007,-0.5869093569480007,0.5869093569480007
Extra Trees,279.0,-1.0,-2.295054659739997,-1.2950546597399968,1.2950546597399968
Extra Trees,279.0,-5.321928,-3.350647620682009,1.971280379317991,1.971280379317991
Extra Trees,279.0,-1.660964,-1.6943374338659978,-0.03337343386599767,0.03337343386599767
Extra Trees,283.0,0.0,-0.8133247918800006,-0.8133247918800006,0.8133247918800006
Extra Trees,283.0,-0.333333333,-0.40591721649800044,-0.07258388349800043,0.07258388349800043
Extra Trees,283.0,0.0,-2.3054395629299966,-2.3054395629299966,2.3054395629299966
Extra Trees,283.0,-4.321928,-3.69216089215801,0.6297671078419897,0.6297671078419897
Extra Trees Weighted,30.0,-0.386988,-0.6758217498720009,-0.28883374987200094,0.28883374987200094
Extra Trees Weighted,30.0,-1.0,-0.5277490105979986,0.4722509894020014,0.4722509894020014
Extra Trees Weighted,30.0,-2.321928,-0.6738683062220006,1.6480596937779997,1.6480596937779997
Extra Trees Weighted,30.0,1.0,-0.5492592662259999,-1.5492592662259999,1.5492592662259999
Extra Trees Weighted,30.0,0.0,-0.7741642138820013,-0.7741642138820013,0.7741642138820013
Extra Trees Weighted,33.0,0.0,-2.2515022853420006,-2.2515022853420006,2.2515022853420006
Extra Trees Weighted,33.0,-1.0,-2.1203190744259954,-1.1203190744259954,1.1203190744259954
Extra Trees Weighted,33.0,-1.0,-1.8201209968119965,-0.8201209968119965,0.8201209968119965
Extra Trees Weighted,33.0,0.0,-1.5311156838139997,-1.5311156838139997,1.5311156838139997
Extra Trees Weighted,34.0,-1.0643856000000005,-1.0083078630279998,0.05607773697200069,0.05607773697200069
Extra Trees Weighted,34.0,0.0,-1.0007862546480006,-1.0007862546480006,1.0007862546480006
Extra Trees Weighted,34.0,-5.321928,-2.3837417233919993,2.9381862766080005,2.9381862766080005
Extra Trees Weighted,34.0,-1.0,-0.9449794431500002,0.055020556849999847,0.055020556849999847
Extra Trees Weighted,34.0,-4.821928,-2.938643823870005,1.8832841761299948,1.8832841761299948
Extra Trees Weighted,39.0,1.0,-1.4679266353999985,-2.4679266353999987,2.4679266353999987
Extra Trees Weighted,39.0,-0.5,-2.0883478688919928,-1.5883478688919928,1.5883478688919928
Extra Trees Weighted,39.0,0.0,-3.799952525864018,-3.799952525864018,3.799952525864018
Extra Trees Weighted,39.0,0.0,-3.698314672834015,-3.698314672834015,3.698314672834015
Extra Trees Weighted,39.0,0.0,-1.4749559620439998,-1.4749559620439998,1.4749559620439998
Extra Trees Weighted,42.0,-1.0,-1.124499561226,-0.12449956122600003,0.12449956122600003
Extra Trees Weighted,42.0,0.25,-0.6647511154080009,-0.9147511154080009,0.9147511154080009
Extra Trees Weighted,42.0,-5.321928,-2.7822704405000023,2.5396575594999975,2.5396575594999975
Extra Trees Weighted,42.0,-5.321928,-3.0650718466560063,2.2568561533439935,2.2568561533439935
Extra Trees Weighted,43.0,-0.666666667,-1.1126049543960013,-0.4459382873960013,0.4459382873960013
Extra Trees Weighted,43.0,-3.321928,-1.6492590279519936,1.6726689720480066,1.6726689720480066
Extra Trees Weighted,43.0,-5.321928,-3.6673863946720164,1.6545416053279833,1.6545416053279833
Extra Trees Weighted,43.0,-1.0,-0.9760713051159982,0.023928694884001844,0.023928694884001844
Extra Trees Weighted,48.0,0.0,-1.7653200836599956,-1.7653200836599956,1.7653200836599956
Extra Trees Weighted,48.0,-1.0,-2.432443428807997,-1.4324434288079968,1.4324434288079968
Extra Trees Weighted,48.0,-1.0,-1.730905871639997,-0.730905871639997,0.730905871639997
Extra Trees Weighted,48.0,-1.991446,-2.5142488815739976,-0.5228028815739976,0.5228028815739976
Extra Trees Weighted,49.0,0.0,-0.44331800794599985,-0.44331800794599985,0.44331800794599985
Extra Trees Weighted,49.0,-2.321928,-1.8646856458999979,0.45724235410000236,0.45724235410000236
Extra Trees Weighted,49.0,0.0,-0.7774655131200006,-0.7774655131200006,0.7774655131200006
Extra Trees Weighted,49.0,-2.321928,-3.229450100120008,-0.907522100120008,0.907522100120008
Extra Trees Weighted,49.0,-3.321928,-2.3315736081779974,0.9903543918220028,0.9903543918220028
Extra Trees Weighted,54.0,0.0,-0.7766660812100007,-0.7766660812100007,0.7766660812100007
Extra Trees Weighted,54.0,-1.370723,-4.080677228214011,-2.709954228214011,2.709954228214011
Extra Trees Weighted,54.0,0.25,-2.1939360173279963,-2.4439360173279963,2.4439360173279963
Extra Trees Weighted,54.0,0.333333333,-0.3808577090300001,-0.7141910420300002,0.7141910420300002
Extra Trees Weighted,57.0,0.0,-1.3090863284000005,-1.3090863284000005,1.3090863284000005
Extra Trees Weighted,57.0,0.0,-1.2256453726339998,-1.2256453726339998,1.2256453726339998
Extra Trees Weighted,57.0,0.0,-1.0221695020800008,-1.0221695020800008,1.0221695020800008
Extra Trees Weighted,57.0,0.0,-1.4874162516179983,-1.4874162516179983,1.4874162516179983
Extra Trees Weighted,69.0,-5.321928,-2.700427026952002,2.621500973047998,2.621500973047998
Extra Trees Weighted,69.0,-2.821928,-1.681544315849998,1.1403836841500021,1.1403836841500021
Extra Trees Weighted,69.0,-4.321928,-1.5533761470659988,2.768551852934001,2.768551852934001
Extra Trees Weighted,69.0,-1.214618667,-1.0433019386380007,0.1713167283619994,0.1713167283619994
Extra Trees Weighted,70.0,-1.0,-0.658623163808,0.341376836192,0.341376836192
Extra Trees Weighted,70.0,-1.5287712,-0.7014022772739997,0.8273689227260003,0.8273689227260003
Extra Trees Weighted,70.0,0.0,-1.520505702101998,-1.520505702101998,1.520505702101998
Extra Trees Weighted,70.0,-4.321928,-1.0624674209820002,3.2594605790179996,3.2594605790179996
Extra Trees Weighted,70.0,-0.666666667,-0.6056157914020006,0.06105087559799938,0.06105087559799938
Extra Trees Weighted,90.0,0.0,-0.9548144434160011,-0.9548144434160011,0.9548144434160011
Extra Trees Weighted,90.0,-1.7739759999999998,-1.9769640970919922,-0.2029880970919924,0.2029880970919924
Extra Trees Weighted,90.0,0.0,-2.787495814618003,-2.787495814618003,2.787495814618003
Extra Trees Weighted,90.0,-0.4,-1.2947063530619995,-0.8947063530619995,0.8947063530619995
Extra Trees Weighted,90.0,0.333333333,-2.9938524009180068,-3.327185733918007,3.327185733918007
Extra Trees Weighted,91.0,-3.321928,-1.888072985326,1.4338550146740001,1.4338550146740001
Extra Trees Weighted,91.0,0.0,-0.9793805626440006,-0.9793805626440006,0.9793805626440006
Extra Trees Weighted,91.0,-2.321928,-1.6026913258219977,0.7192366741780025,0.7192366741780025
Extra Trees Weighted,91.0,-1.0,-1.0285533874900024,-0.028553387490002358,0.028553387490002358
Extra Trees Weighted,92.0,-1.0,-1.7292853312499983,-0.7292853312499983,0.7292853312499983
Extra Trees Weighted,92.0,-2.321928,-1.0474639567660013,1.2744640432339989,1.2744640432339989
Extra Trees Weighted,92.0,-0.428571429,-0.9477202009839991,-0.5191487719839991,0.5191487719839991
Extra Trees Weighted,92.0,0.2,-1.1508818370820018,-1.3508818370820017,1.3508818370820017
Extra Trees Weighted,92.0,-1.0,-1.065435810482001,-0.06543581048200098,0.06543581048200098
Extra Trees Weighted,97.0,-1.107309333,-0.4992438319199992,0.6080655010800007,0.6080655010800007
Extra Trees Weighted,97.0,0.0,-0.4162273964,-0.4162273964,0.4162273964
Extra Trees Weighted,97.0,0.25,-0.38689524772200057,-0.6368952477220006,0.6368952477220006
Extra Trees Weighted,97.0,0.0,-2.1364069776079933,-2.1364069776079933,2.1364069776079933
Extra Trees Weighted,99.0,-0.5,-2.68135352229,-2.18135352229,2.18135352229
Extra Trees Weighted,99.0,0.0,-1.6461781872099954,-1.6461781872099954,1.6461781872099954
Extra Trees Weighted,99.0,-2.321928,-2.59839640338,-0.27646840338,0.27646840338
Extra Trees Weighted,99.0,0.0,-1.4170118178899977,-1.4170118178899977,1.4170118178899977
Extra Trees Weighted,102.0,-0.5,-0.5719480613320007,-0.07194806133200071,0.07194806133200071
Extra Trees Weighted,102.0,0.333333333,-0.5154315495240006,-0.8487648825240006,0.8487648825240006
Extra Trees Weighted,102.0,-0.666666667,-0.6001592245880008,0.06650744241199924,0.06650744241199924
Extra Trees Weighted,102.0,0.0,-0.41165025447600007,-0.41165025447600007,0.41165025447600007
Extra Trees Weighted,103.0,-0.666666667,-2.5536146198499994,-1.8869479528499995,1.8869479528499995
Extra Trees Weighted,110.0,0.0,-1.715964511785997,-1.715964511785997,1.715964511785997
Extra Trees Weighted,110.0,-0.5,-1.5851653044579979,-1.0851653044579979,1.0851653044579979
Extra Trees Weighted,110.0,-1.0,-1.4919857008379984,-0.4919857008379984,0.4919857008379984
Extra Trees Weighted,110.0,-2.321928,-1.911250702977996,0.4106772970220043,0.4106772970220043
Extra Trees Weighted,120.0,-2.321928,-0.6080120396799998,1.7139159603200005,1.7139159603200005
Extra Trees Weighted,120.0,-3.821928,-2.2993163669639958,1.5226116330360044,1.5226116330360044
Extra Trees Weighted,125.0,0.0,-0.5969205001920006,-0.5969205001920006,0.5969205001920006
Extra Trees Weighted,125.0,0.0,-0.5020772556739997,-0.5020772556739997,0.5020772556739997
Extra Trees Weighted,125.0,0.0,-0.8828856323080012,-0.8828856323080012,0.8828856323080012
Extra Trees Weighted,125.0,-5.321928,-3.210547078122006,2.111380921877994,2.111380921877994
Extra Trees Weighted,125.0,-2.321928,-2.329505342705997,-0.007577342705996859,0.007577342705996859
Extra Trees Weighted,133.0,-3.821928,-0.6335878986960005,3.1883401013039996,3.1883401013039996
Extra Trees Weighted,133.0,0.0,-0.6284122777160004,-0.6284122777160004,0.6284122777160004
Extra Trees Weighted,135.0,-3.321928,-1.8188667236159954,1.5030612763840048,1.5030612763840048
Extra Trees Weighted,135.0,0.0,-0.8521656230220018,-0.8521656230220018,0.8521656230220018
Extra Trees Weighted,135.0,-2.321928,-1.4632213827899976,0.8587066172100026,0.8587066172100026
Extra Trees Weighted,138.0,0.0,-0.8475682269640002,-0.8475682269640002,0.8475682269640002
Extra Trees Weighted,138.0,0.0,-1.1885126962880008,-1.1885126962880008,1.1885126962880008
Extra Trees Weighted,138.0,0.0,-2.6457510072840016,-2.6457510072840016,2.6457510072840016
Extra Trees Weighted,138.0,0.0,-2.408869189149998,-2.408869189149998,2.408869189149998
Extra Trees Weighted,139.0,0.333333333,-0.8503537089380002,-1.1836870419380001,1.1836870419380001
Extra Trees Weighted,139.0,-0.5,-0.529409497986,-0.02940949798600001,0.02940949798600001
Extra Trees Weighted,139.0,0.0,-0.42963914878000037,-0.42963914878000037,0.42963914878000037
Extra Trees Weighted,141.0,-1.0,-3.2354934872320085,-2.2354934872320085,2.2354934872320085
Extra Trees Weighted,141.0,-0.666666667,-3.092452984894006,-2.4257863178940062,2.4257863178940062
Extra Trees Weighted,144.0,0.0,-0.41535575319600015,-0.41535575319600015,0.41535575319600015
Extra Trees Weighted,144.0,0.0,-0.5895516635920001,-0.5895516635920001,0.5895516635920001
Extra Trees Weighted,144.0,-1.107309333,-0.2136621301540001,0.8936472028459999,0.8936472028459999
Extra Trees Weighted,156.0,-0.5,-0.834099647648001,-0.33409964764800104,0.33409964764800104
Extra Trees Weighted,156.0,0.25,-1.3849726817239985,-1.6349726817239985,1.6349726817239985
Extra Trees Weighted,156.0,1.0,-2.7658824373680013,-3.7658824373680013,3.7658824373680013
Extra Trees Weighted,160.0,-1.0,-0.8046477796400011,0.19535222035999888,0.19535222035999888
Extra Trees Weighted,160.0,-0.5,-1.8787678504100032,-1.3787678504100032,1.3787678504100032
Extra Trees Weighted,160.0,-0.5,-0.5669337537420002,-0.06693375374200017,0.06693375374200017
Extra Trees Weighted,160.0,-1.0,-3.0020479108680043,-2.0020479108680043,2.0020479108680043
Extra Trees Weighted,165.0,-1.0,-0.5788337997320003,0.42116620026799967,0.42116620026799967
Extra Trees Weighted,165.0,-0.333333333,-0.780163042842,-0.446829709842,0.446829709842
Extra Trees Weighted,165.0,-1.160964,-0.6298883766900006,0.5310756233099995,0.5310756233099995
Extra Trees Weighted,165.0,-1.0,-1.0555239250860011,-0.055523925086001125,0.055523925086001125
Extra Trees Weighted,166.0,0.0,-1.0186754599300005,-1.0186754599300005,1.0186754599300005
Extra Trees Weighted,166.0,0.0,-0.9078601597500005,-0.9078601597500005,0.9078601597500005
Extra Trees Weighted,166.0,-0.666666667,-1.1396321190260006,-0.4729654520260006,0.4729654520260006
Extra Trees Weighted,166.0,0.0,-1.0633298670340012,-1.0633298670340012,1.0633298670340012
Extra Trees Weighted,171.0,-0.166666667,-2.357890488781997,-2.191223821781997,2.191223821781997
Extra Trees Weighted,171.0,0.0,-1.483468614207996,-1.483468614207996,1.483468614207996
Extra Trees Weighted,171.0,0.0,-2.6148137375419997,-2.6148137375419997,2.6148137375419997
Extra Trees Weighted,171.0,-0.25,-2.2603611863819952,-2.0103611863819952,2.0103611863819952
Extra Trees Weighted,176.0,-0.5,-1.0537979151920007,-0.5537979151920007,0.5537979151920007
Extra Trees Weighted,176.0,-1.0,-1.1609899074999992,-0.1609899074999992,0.1609899074999992
Extra Trees Weighted,188.0,0.0,-0.17729391131,-0.17729391131,0.17729391131
Extra Trees Weighted,188.0,0.0,-0.6383818176899997,-0.6383818176899997,0.6383818176899997
Extra Trees Weighted,194.0,0.0,-0.6499676311140004,-0.6499676311140004,0.6499676311140004
Extra Trees Weighted,194.0,0.0,-3.0013792947780065,-3.0013792947780065,3.0013792947780065
Extra Trees Weighted,194.0,0.0,-1.116236894398001,-1.116236894398001,1.116236894398001
Extra Trees Weighted,194.0,-0.333333333,-1.2568713237940004,-0.9235379907940003,0.9235379907940003
Extra Trees Weighted,196.0,0.0,-0.47264785440400003,-0.47264785440400003,0.47264785440400003
Extra Trees Weighted,196.0,-1.0,-4.283139499200015,-3.283139499200015,3.283139499200015
Extra Trees Weighted,196.0,0.0,-2.772996211614001,-2.772996211614001,2.772996211614001
Extra Trees Weighted,200.0,-2.321928,-2.963821374086005,-0.6418933740860049,0.6418933740860049
Extra Trees Weighted,200.0,0.0,-0.7912725645720003,-0.7912725645720003,0.7912725645720003
Extra Trees Weighted,200.0,0.0,-0.8528069867779999,-0.8528069867779999,0.8528069867779999
Extra Trees Weighted,200.0,0.0,-0.6501068896280006,-0.6501068896280006,0.6501068896280006
Extra Trees Weighted,200.0,0.0,-0.9424262803820013,-0.9424262803820013,0.9424262803820013
Extra Trees Weighted,217.0,-0.2,-1.381286380174,-1.1812863801740001,1.1812863801740001
Extra Trees Weighted,217.0,0.0,-1.7182294267879992,-1.7182294267879992,1.7182294267879992
Extra Trees Weighted,217.0,-0.924658667,-2.3125253805339967,-1.3878667135339966,1.3878667135339966
Extra Trees Weighted,218.0,-2.321928,-0.4824596544440005,1.8394683455559997,1.8394683455559997
Extra Trees Weighted,218.0,-3.321928,-2.2867962765059966,1.0351317234940036,1.0351317234940036
Extra Trees Weighted,218.0,-4.321928,-0.4699411153920005,3.8519868846079994,3.8519868846079994
Extra Trees Weighted,218.0,-4.321928,-0.8067621035500012,3.5151658964499983,3.5151658964499983
Extra Trees Weighted,221.0,-0.666666667,-2.2195994302519955,-1.5529327632519956,1.5529327632519956
Extra Trees Weighted,221.0,0.0,-0.8919845487060009,-0.8919845487060009,0.8919845487060009
Extra Trees Weighted,221.0,0.0,-0.5565306782580002,-0.5565306782580002,0.5565306782580002
Extra Trees Weighted,221.0,-1.0,-1.1616221264900006,-0.16162212649000063,0.16162212649000063
Extra Trees Weighted,221.0,0.0,-1.122970697926,-1.122970697926,1.122970697926
Extra Trees Weighted,228.0,-1.0,-2.9566133087700046,-1.9566133087700046,1.9566133087700046
Extra Trees Weighted,228.0,-1.881285333,-1.8854164267219953,-0.0041310937219953825,0.0041310937219953825
Extra Trees Weighted,228.0,-2.321928,-2.898415393592004,-0.5764873935920036,0.5764873935920036
Extra Trees Weighted,233.0,-5.321928,-1.7497651232799973,3.5721628767200024,3.5721628767200024
Extra Trees Weighted,233.0,0.0,-0.7627036175400004,-0.7627036175400004,0.7627036175400004
Extra Trees Weighted,233.0,-5.321928,-2.365353121925998,2.9565748780740018,2.9565748780740018
Extra Trees Weighted,233.0,-3.321928,-3.064111779630006,0.2578162203699943,0.2578162203699943
Extra Trees Weighted,239.0,-5.321928,-2.699153512268005,2.622774487731995,2.622774487731995
Extra Trees Weighted,239.0,-5.321928,-2.8376054528380026,2.484322547161997,2.484322547161997
Extra Trees Weighted,239.0,-5.321928,-2.743160148748002,2.578767851251998,2.578767851251998
Extra Trees Weighted,239.0,-5.321928,-2.9521506478380055,2.3697773521619943,2.3697773521619943
Extra Trees Weighted,240.0,0.0,-1.2624962588619997,-1.2624962588619997,1.2624962588619997
Extra Trees Weighted,240.0,-4.321928,-2.1039966248479947,2.217931375152005,2.217931375152005
Extra Trees Weighted,240.0,-5.321928,-1.5746810261499984,3.747246973850001,3.747246973850001
Extra Trees Weighted,240.0,-1.0,-1.0268203466920014,-0.026820346692001396,0.026820346692001396
Extra Trees Weighted,247.0,-5.321928,-2.179741907363998,3.1421860926360017,3.1421860926360017
Extra Trees Weighted,247.0,-5.321928,-2.7143744906520024,2.6075535093479973,2.6075535093479973
Extra Trees Weighted,247.0,-0.25,-0.5553136414280003,-0.3053136414280003,0.3053136414280003
Extra Trees Weighted,247.0,-5.321928,-3.5635903863440146,1.7583376136559852,1.7583376136559852
Extra Trees Weighted,250.0,0.5,-1.1665921091920004,-1.6665921091920004,1.6665921091920004
Extra Trees Weighted,250.0,1.0,-1.3593753369439994,-2.3593753369439994,2.3593753369439994
Extra Trees Weighted,250.0,0.0,-1.7714772470559965,-1.7714772470559965,1.7714772470559965
Extra Trees Weighted,250.0,0.0,-1.1384441117160007,-1.1384441117160007,1.1384441117160007
Extra Trees Weighted,250.0,-0.333333333,-1.4997923090519978,-1.1664589760519979,1.1664589760519979
Extra Trees Weighted,250.0,0.0,-1.3180366508199997,-1.3180366508199997,1.3180366508199997
Extra Trees Weighted,255.0,-3.321928,-2.2464851367779968,1.0754428632220034,1.0754428632220034
Extra Trees Weighted,255.0,-1.7414459999999998,-1.4926214756219975,0.2488245243780023,0.2488245243780023
Extra Trees Weighted,255.0,-1.881285333,-1.5632704717779966,0.3180148612220033,0.3180148612220033
Extra Trees Weighted,263.0,-3.321928,-2.6346652879979993,0.687262712002001,0.687262712002001
Extra Trees Weighted,263.0,-3.988594667,-2.9205371944480065,1.0680574725519936,1.0680574725519936
Extra Trees Weighted,273.0,0.0,-1.1895019948220007,-1.1895019948220007,1.1895019948220007
Extra Trees Weighted,273.0,0.5,-1.0433414694940006,-1.5433414694940006,1.5433414694940006
Extra Trees Weighted,273.0,0.0,-1.5967378723459988,-1.5967378723459988,1.5967378723459988
Extra Trees Weighted,273.0,0.0,-1.2428621703259999,-1.2428621703259999,1.2428621703259999
Extra Trees Weighted,278.0,-5.321928,-2.726971476962,2.594956523038,2.594956523038
Extra Trees Weighted,278.0,0.0,-0.8116993473740008,-0.8116993473740008,0.8116993473740008
Extra Trees Weighted,278.0,-4.321928,-1.8168385389839978,2.505089461016002,2.505089461016002
Extra Trees Weighted,278.0,-1.0,-0.3170022541720001,0.6829977458279999,0.6829977458279999
Extra Trees Weighted,278.0,0.0,-0.5543698179800004,-0.5543698179800004,0.5543698179800004
Extra Trees Weighted,279.0,-1.0,-2.3951316458159986,-1.3951316458159986,1.3951316458159986
Extra Trees Weighted,279.0,-5.321928,-3.6477847335260134,1.6741432664739864,1.6741432664739864
Extra Trees Weighted,279.0,-1.660964,-1.5964105123059975,0.0645534876940026,0.0645534876940026
Extra Trees Weighted,283.0,0.0,-0.7202046865900004,-0.7202046865900004,0.7202046865900004
Extra Trees Weighted,283.0,-0.333333333,-0.37742480920000043,-0.04409147620000042,0.04409147620000042
Extra Trees Weighted,283.0,0.0,-2.413145930131999,-2.413145930131999,2.413145930131999
Extra Trees Weighted,283.0,-4.321928,-3.3456559855480053,0.9762720144519945,0.9762720144519945
HistGradientBoosting,30.0,-0.386988,-0.12138499452965075,0.26560300547034926,0.26560300547034926
HistGradientBoosting,30.0,-1.0,0.07759304986048383,1.0775930498604838,1.0775930498604838
HistGradientBoosting,30.0,-2.321928,0.16043959188976795,2.4823675918897683,2.4823675918897683
HistGradientBoosting,30.0,1.0,-0.298166672904917,-1.298166672904917,1.298166672904917
HistGradientBoosting,30.0,0.0,-0.5395372885122848,-0.5395372885122848,0.5395372885122848
HistGradientBoosting,33.0,0.0,-2.4738533006533516,-2.4738533006533516,2.4738533006533516
HistGradientBoosting,33.0,-1.0,-2.1978994992200063,-1.1978994992200063,1.1978994992200063
HistGradientBoosting,33.0,-1.0,-1.7554559527355373,-0.7554559527355373,0.7554559527355373
HistGradientBoosting,33.0,0.0,-1.3697018485158274,-1.3697018485158274,1.3697018485158274
HistGradientBoosting,34.0,-1.0643856000000005,-0.546507206418776,0.5178783935812244,0.5178783935812244
HistGradientBoosting,34.0,0.0,-0.509521021129916,-0.509521021129916,0.509521021129916
HistGradientBoosting,34.0,-5.321928,-1.7155762533699799,3.60635174663002,3.60635174663002
HistGradientBoosting,34.0,-1.0,-0.17606020034223163,0.8239397996577684,0.8239397996577684
HistGradientBoosting,34.0,-4.821928,-2.956727830847116,1.865200169152884,1.865200169152884
HistGradientBoosting,39.0,1.0,-1.170845514187487,-2.170845514187487,2.170845514187487
HistGradientBoosting,39.0,-0.5,-1.897307922528936,-1.397307922528936,1.397307922528936
HistGradientBoosting,39.0,0.0,-3.403876295598389,-3.403876295598389,3.403876295598389
HistGradientBoosting,39.0,0.0,-3.566368349205566,-3.566368349205566,3.566368349205566
HistGradientBoosting,39.0,0.0,-0.8908407658527709,-0.8908407658527709,0.8908407658527709
HistGradientBoosting,42.0,-1.0,-0.5585492135585016,0.4414507864414984,0.4414507864414984
HistGradientBoosting,42.0,0.25,-0.5326633833727646,-0.7826633833727646,0.7826633833727646
HistGradientBoosting,42.0,-5.321928,-2.4799383963614217,2.841989603638578,2.841989603638578
HistGradientBoosting,42.0,-5.321928,-2.0060042819667334,3.3159237180332664,3.3159237180332664
HistGradientBoosting,43.0,-0.666666667,-0.7193285422288017,-0.052661875228801724,0.052661875228801724
HistGradientBoosting,43.0,-3.321928,-1.6185325843471339,1.7033954156528663,1.7033954156528663
HistGradientBoosting,43.0,-5.321928,-3.2998517162780567,2.022076283721943,2.022076283721943
HistGradientBoosting,43.0,-1.0,-0.7451115818080103,0.2548884181919897,0.2548884181919897
HistGradientBoosting,48.0,0.0,-2.818417928996181,-2.818417928996181,2.818417928996181
HistGradientBoosting,48.0,-1.0,-3.6338052109327315,-2.6338052109327315,2.6338052109327315
HistGradientBoosting,48.0,-1.0,-2.9500370263170583,-1.9500370263170583,1.9500370263170583
HistGradientBoosting,48.0,-1.991446,-3.396023200449329,-1.404577200449329,1.404577200449329
HistGradientBoosting,49.0,0.0,-0.2384563261050429,-0.2384563261050429,0.2384563261050429
HistGradientBoosting,49.0,-2.321928,-1.9287381689639156,0.3931898310360846,0.3931898310360846
HistGradientBoosting,49.0,0.0,-1.0639858332775134,-1.0639858332775134,1.0639858332775134
HistGradientBoosting,49.0,-2.321928,-3.6298007620028105,-1.3078727620028103,1.3078727620028103
HistGradientBoosting,49.0,-3.321928,-1.9211136148670782,1.400814385132922,1.400814385132922
HistGradientBoosting,54.0,0.0,-0.3505392129489277,-0.3505392129489277,0.3505392129489277
HistGradientBoosting,54.0,-1.370723,-3.206447558078472,-1.8357245580784722,1.8357245580784722
HistGradientBoosting,54.0,0.25,-2.507284264941523,-2.757284264941523,2.757284264941523
HistGradientBoosting,54.0,0.333333333,0.17548849242469278,-0.15784484057530723,0.15784484057530723
HistGradientBoosting,57.0,0.0,-0.6833912238837812,-0.6833912238837812,0.6833912238837812
HistGradientBoosting,57.0,0.0,-0.7443400414115048,-0.7443400414115048,0.7443400414115048
HistGradientBoosting,57.0,0.0,-0.4043976330654947,-0.4043976330654947,0.4043976330654947
HistGradientBoosting,57.0,0.0,-1.2575503471659133,-1.2575503471659133,1.2575503471659133
HistGradientBoosting,69.0,-5.321928,-2.907903435512964,2.4140245644870357,2.4140245644870357
HistGradientBoosting,69.0,-2.821928,-2.327509422089925,0.4944185779100754,0.4944185779100754
HistGradientBoosting,69.0,-4.321928,-1.7338986872312423,2.5880293127687573,2.5880293127687573
HistGradientBoosting,69.0,-1.214618667,-0.35597808373761913,0.8586405832623809,0.8586405832623809
HistGradientBoosting,70.0,-1.0,-0.27070448838949135,0.7292955116105087,0.7292955116105087
HistGradientBoosting,70.0,-1.5287712,-0.4341118299315403,1.0946593700684597,1.0946593700684597
HistGradientBoosting,70.0,0.0,-1.2702055033676565,-1.2702055033676565,1.2702055033676565
HistGradientBoosting,70.0,-4.321928,-0.16694631412367825,4.154981685876321,4.154981685876321
HistGradientBoosting,70.0,-0.666666667,-0.3499178471190172,0.3167488198809828,0.3167488198809828
HistGradientBoosting,90.0,0.0,0.1874055330190521,0.1874055330190521,0.1874055330190521
HistGradientBoosting,90.0,-1.7739759999999998,-1.022170869351181,0.7518051306488187,0.7518051306488187
HistGradientBoosting,90.0,0.0,-1.9974658797910967,-1.9974658797910967,1.9974658797910967
HistGradientBoosting,90.0,-0.4,-0.8165260686989296,-0.4165260686989296,0.4165260686989296
HistGradientBoosting,90.0,0.333333333,-2.294456648161902,-2.6277899811619023,2.6277899811619023
HistGradientBoosting,91.0,-3.321928,-1.692170903043143,1.629757096956857,1.629757096956857
HistGradientBoosting,91.0,0.0,-0.49391255240191256,-0.49391255240191256,0.49391255240191256
HistGradientBoosting,91.0,-2.321928,-1.0912401147358732,1.230687885264127,1.230687885264127
HistGradientBoosting,91.0,-1.0,-0.8620806284673997,0.13791937153260025,0.13791937153260025
HistGradientBoosting,92.0,-1.0,-1.0442492917588386,-0.04424929175883863,0.04424929175883863
HistGradientBoosting,92.0,-2.321928,-1.095727426774969,1.2262005732250312,1.2262005732250312
HistGradientBoosting,92.0,-0.428571429,-0.18156021344614848,0.24701121555385153,0.24701121555385153
HistGradientBoosting,92.0,0.2,-1.009195608348649,-1.209195608348649,1.209195608348649
HistGradientBoosting,92.0,-1.0,-0.9211041213624268,0.07889587863757319,0.07889587863757319
HistGradientBoosting,97.0,-1.107309333,-1.3922562112022516,-0.28494687820225173,0.28494687820225173
HistGradientBoosting,97.0,0.0,-1.2794286980146852,-1.2794286980146852,1.2794286980146852
HistGradientBoosting,97.0,0.25,-1.392218102421006,-1.642218102421006,1.642218102421006
HistGradientBoosting,97.0,0.0,-3.0513759102086255,-3.0513759102086255,3.0513759102086255
HistGradientBoosting,99.0,-0.5,-2.452016035153111,-1.952016035153111,1.952016035153111
HistGradientBoosting,99.0,0.0,-2.087578022513146,-2.087578022513146,2.087578022513146
HistGradientBoosting,99.0,-2.321928,-3.0074727721248546,-0.6855447721248544,0.6855447721248544
HistGradientBoosting,99.0,0.0,-1.4981299307571305,-1.4981299307571305,1.4981299307571305
HistGradientBoosting,102.0,-0.5,-0.6880305998989057,-0.1880305998989057,0.1880305998989057
HistGradientBoosting,102.0,0.333333333,-0.2734148933999001,-0.6067482263999001,0.6067482263999001
HistGradientBoosting,102.0,-0.666666667,-0.9290207843808159,-0.26235411738081593,0.26235411738081593
HistGradientBoosting,102.0,0.0,-0.38632788474915886,-0.38632788474915886,0.38632788474915886
HistGradientBoosting,103.0,-0.666666667,-2.205018806878758,-1.538352139878758,1.538352139878758
HistGradientBoosting,110.0,0.0,-1.9244257312214248,-1.9244257312214248,1.9244257312214248
HistGradientBoosting,110.0,-0.5,-1.83964566158694,-1.33964566158694,1.33964566158694
HistGradientBoosting,110.0,-1.0,-1.6254740910400127,-0.6254740910400127,0.6254740910400127
HistGradientBoosting,110.0,-2.321928,-2.6053315710608818,-0.28340357106088154,0.28340357106088154
HistGradientBoosting,120.0,-2.321928,-1.3269721453697334,0.9949558546302668,0.9949558546302668
HistGradientBoosting,120.0,-3.821928,-2.8014148353725354,1.0205131646274648,1.0205131646274648
HistGradientBoosting,125.0,0.0,-0.7473768648005304,-0.7473768648005304,0.7473768648005304
HistGradientBoosting,125.0,0.0,-0.2146351571665035,-0.2146351571665035,0.2146351571665035
HistGradientBoosting,125.0,0.0,-1.2581552773088598,-1.2581552773088598,1.2581552773088598
HistGradientBoosting,125.0,-5.321928,-4.0431359203150015,1.2787920796849983,1.2787920796849983
HistGradientBoosting,125.0,-2.321928,-2.8619017116667393,-0.5399737116667391,0.5399737116667391
HistGradientBoosting,133.0,-3.821928,-0.9607187370770857,2.8612092629229147,2.8612092629229147
HistGradientBoosting,133.0,0.0,-0.8171987942543667,-0.8171987942543667,0.8171987942543667
HistGradientBoosting,135.0,-3.321928,-3.4138064831670545,-0.09187848316705427,0.09187848316705427
HistGradientBoosting,135.0,0.0,0.1997032546543063,0.1997032546543063,0.1997032546543063
HistGradientBoosting,135.0,-2.321928,-1.6690500912170432,0.652877908782957,0.652877908782957
HistGradientBoosting,138.0,0.0,-1.3655999114429433,-1.3655999114429433,1.3655999114429433
HistGradientBoosting,138.0,0.0,-1.0070764178293392,-1.0070764178293392,1.0070764178293392
HistGradientBoosting,138.0,0.0,-2.3137852612955587,-2.3137852612955587,2.3137852612955587
HistGradientBoosting,138.0,0.0,-2.9359002700402015,-2.9359002700402015,2.9359002700402015
HistGradientBoosting,139.0,0.333333333,0.05990111740041168,-0.2734322155995883,0.2734322155995883
HistGradientBoosting,139.0,-0.5,0.2853100390841266,0.7853100390841266,0.7853100390841266
HistGradientBoosting,139.0,0.0,0.48613810484811554,0.48613810484811554,0.48613810484811554
HistGradientBoosting,141.0,-1.0,-2.68626037910808,-1.68626037910808,1.68626037910808
HistGradientBoosting,141.0,-0.666666667,-2.247601129104096,-1.580934462104096,1.580934462104096
HistGradientBoosting,144.0,0.0,-0.19426411676376942,-0.19426411676376942,0.19426411676376942
HistGradientBoosting,144.0,0.0,-0.7247857923459372,-0.7247857923459372,0.7247857923459372
HistGradientBoosting,144.0,-1.107309333,-0.6321271060761512,0.4751822269238487,0.4751822269238487
HistGradientBoosting,156.0,-0.5,-0.4064504054477138,0.09354959455228617,0.09354959455228617
HistGradientBoosting,156.0,0.25,0.10037617387797215,-0.14962382612202785,0.14962382612202785
HistGradientBoosting,156.0,1.0,-2.461398608671815,-3.461398608671815,3.461398608671815
HistGradientBoosting,160.0,-1.0,0.43849386636998805,1.438493866369988,1.438493866369988
HistGradientBoosting,160.0,-0.5,-1.1981907749906506,-0.6981907749906506,0.6981907749906506
HistGradientBoosting,160.0,-0.5,0.905427979172872,1.405427979172872,1.405427979172872
HistGradientBoosting,160.0,-1.0,-1.677063633071971,-0.677063633071971,0.677063633071971
HistGradientBoosting,165.0,-1.0,0.13046285243954198,1.130462852439542,1.130462852439542
HistGradientBoosting,165.0,-0.333333333,-0.9748843738966747,-0.6415510408966747,0.6415510408966747
HistGradientBoosting,165.0,-1.160964,-0.7916979997171029,0.36926600028289724,0.36926600028289724
HistGradientBoosting,165.0,-1.0,-0.8196316450883513,0.1803683549116487,0.1803683549116487
HistGradientBoosting,166.0,0.0,-0.5343390632148106,-0.5343390632148106,0.5343390632148106
HistGradientBoosting,166.0,0.0,-0.5016419020058954,-0.5016419020058954,0.5016419020058954
HistGradientBoosting,166.0,-0.666666667,-0.8083972088985723,-0.14173054189857226,0.14173054189857226
HistGradientBoosting,166.0,0.0,-0.7519643720949474,-0.7519643720949474,0.7519643720949474
HistGradientBoosting,171.0,-0.166666667,-2.0180472885181695,-1.8513806215181696,1.8513806215181696
HistGradientBoosting,171.0,0.0,-1.250105131509442,-1.250105131509442,1.250105131509442
HistGradientBoosting,171.0,0.0,-3.269067827120569,-3.269067827120569,3.269067827120569
HistGradientBoosting,171.0,-0.25,-2.3869873185666157,-2.1369873185666157,2.1369873185666157
HistGradientBoosting,176.0,-0.5,0.17850439862521073,0.6785043986252107,0.6785043986252107
HistGradientBoosting,176.0,-1.0,-0.5611748680459946,0.4388251319540054,0.4388251319540054
HistGradientBoosting,188.0,0.0,-0.10510025743048962,-0.10510025743048962,0.10510025743048962
HistGradientBoosting,188.0,0.0,-1.0554122673106578,-1.0554122673106578,1.0554122673106578
HistGradientBoosting,194.0,0.0,-0.4837064936078548,-0.4837064936078548,0.4837064936078548
HistGradientBoosting,194.0,0.0,-2.375101857417602,-2.375101857417602,2.375101857417602
HistGradientBoosting,194.0,0.0,-0.1797910036496629,-0.1797910036496629,0.1797910036496629
HistGradientBoosting,194.0,-0.333333333,-0.717899018845604,-0.384565685845604,0.384565685845604
HistGradientBoosting,196.0,0.0,0.14902197384135926,0.14902197384135926,0.14902197384135926
HistGradientBoosting,196.0,-1.0,-4.189768708801541,-3.189768708801541,3.189768708801541
HistGradientBoosting,196.0,0.0,-1.7954762703808023,-1.7954762703808023,1.7954762703808023
HistGradientBoosting,200.0,-2.321928,-2.598068819291586,-0.27614081929158596,0.27614081929158596
HistGradientBoosting,200.0,0.0,0.01644809977475428,0.01644809977475428,0.01644809977475428
HistGradientBoosting,200.0,0.0,-0.08043354779919037,-0.08043354779919037,0.08043354779919037
HistGradientBoosting,200.0,0.0,0.130174478709689,0.130174478709689,0.130174478709689
HistGradientBoosting,200.0,0.0,-0.517156777969167,-0.517156777969167,0.517156777969167
HistGradientBoosting,217.0,-0.2,-1.6070165552176292,-1.4070165552176293,1.4070165552176293
HistGradientBoosting,217.0,0.0,-1.9647398766182491,-1.9647398766182491,1.9647398766182491
HistGradientBoosting,217.0,-0.924658667,-2.201032129848392,-1.276373462848392,1.276373462848392
HistGradientBoosting,218.0,-2.321928,-0.13889154339108295,2.1830364566089173,2.1830364566089173
HistGradientBoosting,218.0,-3.321928,-2.3530474223003153,0.9688805776996849,0.9688805776996849
HistGradientBoosting,218.0,-4.321928,-0.21995706473069307,4.101970935269307,4.101970935269307
HistGradientBoosting,218.0,-4.321928,-0.6460173103925562,3.6759106896074436,3.6759106896074436
HistGradientBoosting,221.0,-0.666666667,-1.8317132566393703,-1.1650465896393705,1.1650465896393705
HistGradientBoosting,221.0,0.0,0.3909078041816708,0.3909078041816708,0.3909078041816708
HistGradientBoosting,221.0,0.0,0.6232226929145555,0.6232226929145555,0.6232226929145555
HistGradientBoosting,221.0,-1.0,-0.6346505876496573,0.3653494123503427,0.3653494123503427
HistGradientBoosting,221.0,0.0,-0.6853237266494503,-0.6853237266494503,0.6853237266494503
HistGradientBoosting,228.0,-1.0,-0.5674057592665264,0.43259424073347363,0.43259424073347363
HistGradientBoosting,228.0,-1.881285333,-0.9219083999566292,0.9593769330433707,0.9593769330433707
HistGradientBoosting,228.0,-2.321928,-3.268540289420667,-0.946612289420667,0.946612289420667
HistGradientBoosting,233.0,-5.321928,-2.18992503118665,3.13200296881335,3.13200296881335
HistGradientBoosting,233.0,0.0,-1.7866125237182564,-1.7866125237182564,1.7866125237182564
HistGradientBoosting,233.0,-5.321928,-3.24607386027774,2.0758541397222596,2.0758541397222596
HistGradientBoosting,233.0,-3.321928,-3.4163366438017055,-0.09440864380170533,0.09440864380170533
HistGradientBoosting,239.0,-5.321928,-1.9259840906801002,3.3959439093198993,3.3959439093198993
HistGradientBoosting,239.0,-5.321928,-1.3249028983208497,3.9970251016791503,3.9970251016791503
HistGradientBoosting,239.0,-5.321928,-1.9350097107587672,3.3869182892412324,3.3869182892412324
HistGradientBoosting,239.0,-5.321928,-2.245244428563449,3.0766835714365506,3.0766835714365506
HistGradientBoosting,240.0,0.0,-0.263447297193193,-0.263447297193193,0.263447297193193
HistGradientBoosting,240.0,-4.321928,-1.9216822470336234,2.4002457529663763,2.4002457529663763
HistGradientBoosting,240.0,-5.321928,-1.3701094663914732,3.9518185336085265,3.9518185336085265
HistGradientBoosting,240.0,-1.0,-0.5225949428770672,0.4774050571229328,0.4774050571229328
HistGradientBoosting,247.0,-5.321928,-2.6686338887589125,2.6532941112410873,2.6532941112410873
HistGradientBoosting,247.0,-5.321928,-3.637902003998785,1.684025996001215,1.684025996001215
HistGradientBoosting,247.0,-0.25,-1.9056340436104713,-1.6556340436104713,1.6556340436104713
HistGradientBoosting,247.0,-5.321928,-4.683807809501676,0.6381201904983236,0.6381201904983236
HistGradientBoosting,250.0,0.5,-1.6457335665135542,-2.145733566513554,2.145733566513554
HistGradientBoosting,250.0,1.0,-1.490553360068751,-2.490553360068751,2.490553360068751
HistGradientBoosting,250.0,0.0,-2.3649176932143967,-2.3649176932143967,2.3649176932143967
HistGradientBoosting,250.0,0.0,-1.208294720983877,-1.208294720983877,1.208294720983877
HistGradientBoosting,250.0,-0.333333333,-1.974944309460494,-1.6416109764604938,1.6416109764604938
HistGradientBoosting,250.0,0.0,-2.5529027452926414,-2.5529027452926414,2.5529027452926414
HistGradientBoosting,255.0,-3.321928,-3.4248829792895643,-0.1029549792895641,0.1029549792895641
HistGradientBoosting,255.0,-1.7414459999999998,-1.375622143471521,0.3658238565284788,0.3658238565284788
HistGradientBoosting,255.0,-1.881285333,-2.741912173743533,-0.8606268407435331,0.8606268407435331
HistGradientBoosting,263.0,-3.321928,-2.9764075181951073,0.3455204818048929,0.3455204818048929
HistGradientBoosting,263.0,-3.988594667,-3.752887926190851,0.2357067408091491,0.2357067408091491
HistGradientBoosting,273.0,0.0,-1.2506500510934617,-1.2506500510934617,1.2506500510934617
HistGradientBoosting,273.0,0.5,-0.4829119959222397,-0.9829119959222397,0.9829119959222397
HistGradientBoosting,273.0,0.0,-1.1765235973780561,-1.1765235973780561,1.1765235973780561
HistGradientBoosting,273.0,0.0,-1.3583844537244554,-1.3583844537244554,1.3583844537244554
HistGradientBoosting,278.0,-5.321928,-2.5708139332803155,2.7511140667196843,2.7511140667196843
HistGradientBoosting,278.0,0.0,-0.2823920578491367,-0.2823920578491367,0.2823920578491367
HistGradientBoosting,278.0,-4.321928,-2.778610744372753,1.543317255627247,1.543317255627247
HistGradientBoosting,278.0,-1.0,-0.5744084940949402,0.4255915059050598,0.4255915059050598
HistGradientBoosting,278.0,0.0,-0.5147711981418465,-0.5147711981418465,0.5147711981418465
HistGradientBoosting,279.0,-1.0,-4.196088232679232,-3.196088232679232,3.196088232679232
HistGradientBoosting,279.0,-5.321928,-3.57903219042132,1.74289580957868,1.74289580957868
HistGradientBoosting,279.0,-1.660964,-1.9058949097969513,-0.2449309097969512,0.2449309097969512
HistGradientBoosting,283.0,0.0,-0.7312035762579616,-0.7312035762579616,0.7312035762579616
HistGradientBoosting,283.0,-0.333333333,0.3739897584880578,0.7073230914880578,0.7073230914880578
HistGradientBoosting,283.0,0.0,-1.9329792256309366,-1.9329792256309366,1.9329792256309366
HistGradientBoosting,283.0,-4.321928,-3.7230239873368496,0.5989040126631502,0.5989040126631502
