position,actual,predicted
30,-0.386988,-0.7829015438766674
30,-1.0,-0.8287096933266673
30,-2.321928,-0.7940459960566675
30,1.0,-0.951397996730001
30,0.0,-1.2677148766666688
33,0.0,-1.5703253671333337
33,-1.0,-1.0430225558433344
33,-1.0,-0.94932374211
33,0.0,-0.7338355653366679
34,-1.0643856000000005,-0.9758328650733341
34,0.0,-1.1302172049866674
34,-5.321928,-1.2846630362366684
34,-1.0,-0.9601119923766674
34,-4.821928,-2.8909983801199943
39,1.0,-0.6387102245200005
39,-0.5,-1.669172849873339
39,0.0,-1.959604119993334
39,0.0,-2.0397862183400015
39,0.0,-0.8010765295300011
42,-1.0,-0.6695681159100012
42,0.25,-0.43355208699000003
42,-5.321928,-2.2384350240099997
42,-5.321928,-1.8553904860233355
43,-0.666666667,-0.8227732585500006
43,-3.321928,-1.753847731650004
43,-5.321928,-2.147933982216667
43,-1.0,-0.887751720713334
48,0.0,-0.720198205383333
48,-1.0,-1.2957133630800008
48,-1.0,-0.7697790676033327
48,-1.991446,-1.3097282231166671
49,0.0,-0.2215857786766667
49,-2.321928,-1.6296315960699983
49,0.0,-0.5377027479766668
49,-2.321928,-2.568216143216666
49,-3.321928,-1.753143401986668
54,0.0,-0.37960270603666674
54,-1.370723,-2.629737080499996
54,0.25,-1.8182122276266686
54,0.333333333,-0.17803612876333333
57,0.0,-1.2195866882100013
57,0.0,-1.4623149801666688
57,0.0,-1.1450391116266685
57,0.0,-1.769069445286669
69,-5.321928,-2.389117189403331
69,-2.821928,-2.139263626206667
69,-4.321928,-1.3405528252700023
69,-1.214618667,-1.0131019389100009
70,-1.0,-0.8129818109566671
70,-1.5287712,-0.8704064083266665
70,0.0,-2.05143503481
70,-4.321928,-1.395635261366669
70,-0.666666667,-0.8910277157133337
90,0.0,-0.764879748446667
90,-1.7739759999999998,-2.0856326964000003
90,0.0,-2.093703318253335
90,-0.4,-0.8658375878166676
90,0.333333333,-2.47434240368333
91,-3.321928,-1.6540026716200018
91,0.0,-0.820257477780001
91,-2.321928,-1.1346572219133346
91,-1.0,-1.0134400364100011
92,-1.0,-1.5819628356200006
92,-2.321928,-0.7875933504733339
92,-0.428571429,-0.5017583956233337
92,0.2,-1.100115251243335
92,-1.0,-0.7896802152466671
97,-1.107309333,-1.3043953692433359
97,0.0,-0.9043877619333339
97,0.25,-1.0693625203266683
97,0.0,-3.050040217789992
99,-0.5,-2.0686122444433335
99,0.0,-1.3022000817800023
99,-2.321928,-1.9334104773300014
99,0.0,-0.8929437342333341
102,-0.5,-0.6926948662166674
102,0.333333333,-0.5744011988400006
102,-0.666666667,-1.0196575666833352
102,0.0,-0.3523741777866668
103,-0.666666667,-2.9966930700566574
110,0.0,-2.303792994226665
110,-0.5,-2.0231658577966667
110,-1.0,-1.8937424222233346
110,-2.321928,-1.8299045079500016
120,-2.321928,-0.48909945599666693
120,-3.821928,-3.325314524436657
125,0.0,-0.4876266549833337
125,0.0,-0.5275740429333337
125,0.0,-0.5963298600700002
125,-5.321928,-3.12178532634666
125,-2.321928,-2.1845514212699992
133,-3.821928,-1.1136422530900014
133,0.0,-0.6795774822900005
135,-3.321928,-2.3395306610599973
135,0.0,-0.24297592383333344
135,-2.321928,-1.0731297318400024
138,0.0,-1.4500160472366685
138,0.0,-1.5752667116900019
138,0.0,-2.5650684970999964
138,0.0,-3.168274147629991
139,0.333333333,-0.8623791015533342
139,-0.5,-0.9091595620233335
139,0.0,-0.3456418418966667
141,-1.0,-2.0716655320466666
141,-0.666666667,-2.330057830793331
144,0.0,-0.5053350869300003
144,0.0,-0.6593677196900001
144,-1.107309333,-0.9973858975966673
156,-0.5,-1.088111054983334
156,0.25,-0.9486096263299997
156,1.0,-3.2952782283333213
160,-1.0,-0.7879581784800005
160,-0.5,-1.6930282710466678
160,-0.5,-0.16510858226333341
160,-1.0,-1.934154100313335
165,-1.0,-0.29692155714
165,-0.333333333,-1.01365198075
165,-1.160964,-0.5952131371333336
165,-1.0,-0.8768344227466671
166,0.0,-2.1583728893333323
166,0.0,-2.2223223177899976
166,-0.666666667,-2.113417998219999
166,0.0,-2.59678033179333
171,-0.166666667,-2.178662974749999
171,0.0,-2.07842722911
171,0.0,-2.5740651496166653
171,-0.25,-2.139922539453332
176,-0.5,-0.7759302378100008
176,-1.0,-1.6639309125700004
188,0.0,-0.4120718939733334
188,0.0,-1.1016717408366665
194,0.0,-0.7689550402533345
194,0.0,-1.9122710598766672
194,0.0,-0.6703763623000001
194,-0.333333333,-1.5452777601400043
196,0.0,-0.35747710209333333
196,-1.0,-4.628540697770005
196,0.0,-3.51572480769666
200,-2.321928,-2.46437661586333
200,0.0,-0.4093134817666666
200,0.0,-0.6575117618600009
200,0.0,-0.5194243448766672
200,0.0,-0.6933437571533337
217,-0.2,-1.2049526271033346
217,0.0,-1.5102702404233326
217,-0.924658667,-1.3406127977833349
218,-2.321928,-0.4941660872533337
218,-3.321928,-3.371994698416657
218,-4.321928,-0.5325820301000003
218,-4.321928,-1.0415106693366687
221,-0.666666667,-3.1822698713866555
221,0.0,-0.4898306852900002
221,0.0,-0.2773387782766668
221,-1.0,-1.9303938247500005
221,0.0,-1.006649477743334
228,-1.0,-4.148034916839999
228,-1.881285333,-2.99581976636666
228,-2.321928,-3.857619113339995
233,-5.321928,-2.6203584052166633
233,0.0,-0.7979697781466668
233,-5.321928,-2.5018486457333293
233,-3.321928,-2.6029722603233285
239,-5.321928,-3.6532490844399907
239,-5.321928,-4.031373639846666
239,-5.321928,-3.915073668206665
239,-5.321928,-3.926882766673328
240,0.0,-1.1838306279433348
240,-4.321928,-2.6608893272999956
240,-5.321928,-1.9922007917466689
240,-1.0,-0.7801790311166673
247,-5.321928,-3.0873447663199953
247,-5.321928,-3.9076828628433273
247,-0.25,-1.1221784670566677
247,-5.321928,-3.935004117736662
250,0.5,-1.6583716285833376
250,1.0,-1.7742931454166697
250,0.0,-2.47292414542333
250,0.0,-1.9487845124000016
250,-0.333333333,-1.8066670266633356
250,0.0,-2.6625467562733287
255,-3.321928,-2.642527301106664
255,-1.7414459999999998,-1.3853005279866686
255,-1.881285333,-1.9694178142900016
263,-3.321928,-2.853297933476662
263,-3.988594667,-2.915877610159993
273,0.0,-1.1635592386100018
273,0.5,-0.870048508543334
273,0.0,-1.4491373867600024
273,0.0,-1.2312159911166685
278,-5.321928,-3.75727162606333
278,0.0,-0.5426303682733332
278,-4.321928,-3.276775500913325
278,-1.0,-0.7476793334800004
278,0.0,-0.4565421717033333
279,-1.0,-3.091086871136658
279,-5.321928,-4.119141435269997
279,-1.660964,-2.0606970573466667
283,0.0,-0.5566978486300005
283,-0.333333333,-0.35835973571999996
283,0.0,-3.866197014609995
283,-4.321928,-4.4346057860533366
