mutant,position,original_aa,left_2,left_1,right_1,right_2,new_aa,DMS_score
H24Y,24,H,F,A,P,E,Y,-1.0
H24P,24,H,F,A,P,E,P,-3.321928
H24L,24,H,F,A,P,E,L,-0.5
H24R,24,H,F,A,P,E,R,-0.25
P25R,25,P,A,H,E,T,R,0.0
P25Q,25,P,A,H,E,T,Q,0.0
P25S,25,P,A,H,E,T,S,0.0
P25T,25,P,A,H,E,T,T,0.0
P25L,25,P,A,H,E,T,L,-0.166666667
E26G,26,E,H,P,T,L,G,-1.0
E26K,26,E,H,P,T,L,K,0.0
E26V,26,E,H,P,T,L,V,0.0
T27A,27,T,P,E,L,V,A,0.0
T27M,27,T,P,E,L,V,M,-1.0
T27P,27,T,P,E,L,V,P,-2.321928
T27R,27,T,P,E,L,V,R,-2.321928
T27S,27,T,P,E,L,V,S,-1.0
T27K,27,T,P,E,L,V,K,-2.321928
L28P,28,L,E,T,V,K,P,-2.101606667
L28M,28,L,E,T,V,K,M,0.0
L28Q,28,L,E,T,V,K,Q,0.0
V29M,29,V,T,L,K,V,M,0.0
V29E,29,V,T,L,K,V,E,-0.5
K30I,30,K,L,V,V,K,I,-0.386988
K30E,30,K,L,V,V,K,E,-1.0
K30N,30,K,L,V,V,K,N,-2.321928
K30T,30,K,L,V,V,K,T,1.0
K30R,30,K,L,V,V,K,R,0.0
V31L,31,V,V,K,K,D,L,0.0
V31I,31,V,V,K,K,D,I,-0.333333333
V31A,31,V,V,K,K,D,A,0.0
K32I,32,K,K,V,D,A,I,0.0
K32E,32,K,K,V,D,A,E,-0.5
K32Q,32,K,K,V,D,A,Q,0.0
K32R,32,K,K,V,D,A,R,-0.333333333
K32T,32,K,K,V,D,A,T,0.0
K32N,32,K,K,V,D,A,N,0.0
D33V,33,D,V,K,A,E,V,0.0
D33G,33,D,V,K,A,E,G,-1.0
D33A,33,D,V,K,A,E,A,-1.0
D33N,33,D,V,K,A,E,N,0.0
A34T,34,A,K,D,E,D,T,-1.0643856000000005
A34V,34,A,K,D,E,D,V,0.0
A34D,34,A,K,D,E,D,D,-5.321928
A34G,34,A,K,D,E,D,G,-1.0
A34P,34,A,K,D,E,D,P,-4.821928
E35V,35,E,D,A,D,Q,V,-2.321928
E35K,35,E,D,A,D,Q,K,-3.321928
E35G,35,E,D,A,D,Q,G,-1.0
E35D,35,E,D,A,D,Q,D,-2.160964
D36A,36,D,A,E,Q,L,A,0.0
D36E,36,D,A,E,Q,L,E,0.0
D36N,36,D,A,E,Q,L,N,0.0
D36V,36,D,A,E,Q,L,V,0.0
Q37R,37,Q,E,D,L,G,R,0.0
Q37H,37,Q,E,D,L,G,H,0.5
Q37K,37,Q,E,D,L,G,K,0.333333333
Q37L,37,Q,E,D,L,G,L,0.0
L38W,38,L,D,Q,G,A,W,0.0
L38M,38,L,D,Q,G,A,M,1.0
L38S,38,L,D,Q,G,A,S,-1.0
L38F,38,L,D,Q,G,A,F,-1.0
G39A,39,G,Q,L,A,R,A,1.0
G39C,39,G,Q,L,A,R,C,-0.5
G39D,39,G,Q,L,A,R,D,0.0
G39R,39,G,Q,L,A,R,R,0.0
G39S,39,G,Q,L,A,R,S,0.0
A40T,40,A,L,G,R,V,T,-0.2
A40V,40,A,L,G,R,V,V,-2.321928
R41Q,41,R,G,A,V,G,Q,0.0
R41L,41,R,G,A,V,G,L,-1.0
V42A,42,V,A,R,G,Y,A,-1.0
V42L,42,V,A,R,G,Y,L,0.25
V42G,42,V,A,R,G,Y,G,-5.321928
V42E,42,V,A,R,G,Y,E,-5.321928
G43A,43,G,R,V,Y,I,A,-0.666666667
G43C,43,G,R,V,Y,I,C,-3.321928
G43D,43,G,R,V,Y,I,D,-5.321928
G43S,43,G,R,V,Y,I,S,-1.0
Y44F,44,Y,V,G,I,E,F,0.0
Y44H,44,Y,V,G,I,E,H,-3.321928
Y44C,44,Y,V,G,I,E,C,-5.321928
Y44N,44,Y,V,G,I,E,N,-2.660964
I45T,45,I,G,Y,E,L,T,0.0
I45V,45,I,G,Y,E,L,V,0.0
I45N,45,I,G,Y,E,L,N,-4.321928
I45M,45,I,G,Y,E,L,M,0.0
I45F,45,I,G,Y,E,L,F,0.0
E46V,46,E,Y,I,L,D,V,-0.333333333
E46D,46,E,Y,I,L,D,D,-0.75
E46G,46,E,Y,I,L,D,G,-2.321928
E46K,46,E,Y,I,L,D,K,0.333333333
L47V,47,L,I,E,D,L,V,0.0
L47M,47,L,I,E,D,L,M,0.0
L47P,47,L,I,E,D,L,P,-5.321928
L47Q,47,L,I,E,D,L,Q,-0.5
D48E,48,D,E,L,L,N,E,0.0
D48G,48,D,E,L,L,N,G,-1.0
D48N,48,D,E,L,L,N,N,-1.0
D48V,48,D,E,L,L,N,V,-1.991446
L49I,49,L,L,D,N,S,I,0.0
L49H,49,L,L,D,N,S,H,-2.321928
L49F,49,L,L,D,N,S,F,0.0
L49P,49,L,L,D,N,S,P,-2.321928
L49R,49,L,L,D,N,S,R,-3.321928
N50D,50,N,D,L,S,G,D,0.5
N50K,50,N,D,L,S,G,K,0.0
N50S,50,N,D,L,S,G,S,0.0
N50T,50,N,D,L,S,G,T,0.0
S51I,51,S,L,N,G,K,I,-1.160964
S51C,51,S,L,N,G,K,C,-2.321928
S51T,51,S,L,N,G,K,T,0.0
S51R,51,S,L,N,G,K,R,-0.5
S51N,51,S,L,N,G,K,N,-0.142857143
G52A,52,G,N,S,K,I,A,-0.5
G52S,52,G,N,S,K,I,S,-0.5
G52C,52,G,N,S,K,I,C,-2.214618667
G52D,52,G,N,S,K,I,D,-1.0
K53R,53,K,S,G,I,L,R,0.0
K53M,53,K,S,G,I,L,M,0.0
K53E,53,K,S,G,I,L,E,1.0
I54F,54,I,G,K,L,E,F,0.0
I54N,54,I,G,K,L,E,N,-1.370723
I54T,54,I,G,K,L,E,T,0.25
I54V,54,I,G,K,L,E,V,0.333333333
L55I,55,L,K,I,E,S,I,0.25
L55H,55,L,K,I,E,S,H,-1.660964
L55P,55,L,K,I,E,S,P,-5.321928
E56V,56,E,I,L,S,F,V,-0.5
E56K,56,E,I,L,S,F,K,0.0
E56G,56,E,I,L,S,F,G,0.0
S57N,57,S,L,E,F,R,N,0.0
S57I,57,S,L,E,F,R,I,0.0
S57G,57,S,L,E,F,R,G,0.0
S57R,57,S,L,E,F,R,R,0.0
F58L,58,F,E,S,R,P,L,-0.25
F58I,58,F,E,S,R,P,I,-1.0
F58V,58,F,E,S,R,P,V,0.0
F58S,58,F,E,S,R,P,S,0.0
F58C,58,F,E,S,R,P,C,0.0
R59L,59,R,S,F,P,E,L,-3.321928
R59C,59,R,S,F,P,E,C,-3.655261333
R59H,59,R,S,F,P,E,H,-0.285714286
R59P,59,R,S,F,P,E,P,-5.321928
P60A,60,P,F,R,E,E,A,0.0
P60T,60,P,F,R,E,E,T,0.0
P60S,60,P,F,R,E,E,S,0.0
P60R,60,P,F,R,E,E,R,0.0
P60L,60,P,F,R,E,E,L,-0.5
P60H,60,P,F,R,E,E,H,0.333333333
E61G,61,E,R,P,E,R,G,0.0
E61A,61,E,R,P,E,R,A,0.0
E61V,61,E,R,P,E,R,V,0.0
E61D,61,E,R,P,E,R,D,0.0
E61K,61,E,R,P,E,R,K,0.0
E62G,62,E,P,E,R,F,G,-1.0
E62D,62,E,P,E,R,F,D,0.0
R63C,63,R,E,E,F,P,C,-1.607309333
R63L,63,R,E,E,F,P,L,0.0
F64S,64,F,E,R,P,M,S,-5.321928
F64L,64,F,E,R,P,M,L,-4.821928
F64C,64,F,E,R,P,M,C,-5.321928
F64V,64,F,E,R,P,M,V,-2.821928
F64I,64,F,E,R,P,M,I,-4.821928
F64Y,64,F,E,R,P,M,Y,-0.666666667
P65L,65,P,R,F,M,M,L,-4.321928
P65S,65,P,R,F,M,M,S,-2.741446
P65Q,65,P,R,F,M,M,Q,-4.321928
M66L,66,M,F,P,M,S,L,-0.331704
M66K,66,M,F,P,M,S,K,-5.321928
M66I,66,M,F,P,M,S,I,0.0
M66T,66,M,F,P,M,S,T,-1.5287712
M66V,66,M,F,P,M,S,V,0.0
M66R,66,M,F,P,M,S,R,-5.321928
M67V,67,M,P,M,S,T,V,-1.0
M67T,67,M,P,M,S,T,T,-0.5
M67L,67,M,P,M,S,T,L,-2.321928
M67K,67,M,P,M,S,T,K,-5.321928
M67I,67,M,P,M,S,T,I,-0.666666667
S68N,68,S,M,M,T,F,N,-5.321928
S68G,68,S,M,M,T,F,G,-5.321928
S68C,68,S,M,M,T,F,C,-5.321928
S68I,68,S,M,M,T,F,I,-5.321928
T69N,69,T,M,S,F,K,N,-5.321928
T69I,69,T,M,S,F,K,I,-2.821928
T69A,69,T,M,S,F,K,A,-4.321928
T69S,69,T,M,S,F,K,S,-1.214618667
F70I,70,F,S,T,K,V,I,-1.0
F70L,70,F,S,T,K,V,L,-1.5287712
F70S,70,F,S,T,K,V,S,0.0
F70Y,70,F,S,T,K,V,Y,-4.321928
F70V,70,F,S,T,K,V,V,-0.666666667
K71N,71,K,T,F,V,L,N,-5.321928
K71I,71,K,T,F,V,L,I,-5.321928
K71R,71,K,T,F,V,L,R,-4.821928
K71T,71,K,T,F,V,L,T,-5.321928
V72I,72,V,F,K,L,L,I,0.0
V72G,72,V,F,K,L,L,G,-3.321928
V72D,72,V,F,K,L,L,D,-5.321928
V72A,72,V,F,K,L,L,A,0.0
L73Q,73,L,K,V,L,C,Q,-1.0
L73P,73,L,K,V,L,C,P,-1.0
L74P,74,L,V,L,C,G,P,-5.321928
L74Q,74,L,V,L,C,G,Q,-4.321928
L74I,74,L,V,L,C,G,I,-0.75
C75R,75,C,L,L,G,A,R,-5.321928
C75S,75,C,L,L,G,A,S,-1.330482
C75Y,75,C,L,L,G,A,Y,-5.321928
G76A,76,G,L,C,A,V,A,-4.321928
G76S,76,G,L,C,A,V,S,-0.5
G76V,76,G,L,C,A,V,V,-2.321928
G76C,76,G,L,C,A,V,C,-1.0
G76D,76,G,L,C,A,V,D,-5.321928
A77P,77,A,C,G,V,L,P,-5.321928
A77G,77,A,C,G,V,L,G,-1.0
A77E,77,A,C,G,V,L,E,-2.321928
A77T,77,A,C,G,V,L,T,0.0
A77V,77,A,C,G,V,L,V,0.0
V78A,78,V,G,A,L,S,A,-1.410964
V78I,78,V,G,A,L,S,I,0.0
V78L,78,V,G,A,L,S,L,-0.5
L79F,79,L,A,V,S,R,F,-3.321928
L79I,79,L,A,V,S,R,I,-2.321928
S80P,80,S,V,L,R,V,P,-5.321928
S80T,80,S,V,L,R,V,T,0.333333333
S80Y,80,S,V,L,R,V,Y,0.0
R81L,81,R,L,S,V,D,L,0.0
R81S,81,R,L,S,V,D,S,0.0
R81P,81,R,L,S,V,D,P,-4.321928
R81H,81,R,L,S,V,D,H,-0.610160667
R81C,81,R,L,S,V,D,C,-1.5287712
V82G,82,V,S,R,D,A,G,-2.321928
V82I,82,V,S,R,D,A,I,0.0
V82D,82,V,S,R,D,A,D,-3.321928
V82L,82,V,S,R,D,A,L,-2.321928
V82A,82,V,S,R,D,A,A,-1.0
D83G,83,D,R,V,A,G,G,-2.321928
D83V,83,D,R,V,A,G,V,-3.821928
D83N,83,D,R,V,A,G,N,-2.321928
A84P,84,A,V,D,G,Q,P,-3.321928
A84D,84,A,V,D,G,Q,D,0.0
A84S,84,A,V,D,G,Q,S,0.0
A84T,84,A,V,D,G,Q,T,0.0
A84V,84,A,V,D,G,Q,V,0.166666667
G85W,85,G,D,A,Q,E,W,-1.660964
G85E,85,G,D,A,Q,E,E,-0.333333333
G85R,85,G,D,A,Q,E,R,-0.333333333
G85V,85,G,D,A,Q,E,V,-1.881285333
Q86E,86,Q,A,G,E,Q,E,-1.0
Q86H,86,Q,A,G,E,Q,H,0.0
Q86K,86,Q,A,G,E,Q,K,0.5
E87V,87,E,G,Q,Q,L,V,-0.25
E87A,87,E,G,Q,Q,L,A,-1.0
E87D,87,E,G,Q,Q,L,D,0.0
E87K,87,E,G,Q,Q,L,K,-4.321928
Q88H,88,Q,Q,E,L,G,H,-0.25
Q88R,88,Q,Q,E,L,G,R,0.0
Q88L,88,Q,Q,E,L,G,L,-0.4643855999999999
L89F,89,L,E,Q,G,R,F,-1.330482
L89H,89,L,E,Q,G,R,H,-2.721928
L89I,89,L,E,Q,G,R,I,-1.0
L89P,89,L,E,Q,G,R,P,-1.0
G90A,90,G,Q,L,R,R,A,0.0
G90C,90,G,Q,L,R,R,C,-1.7739759999999998
G90R,90,G,Q,L,R,R,R,0.0
G90S,90,G,Q,L,R,R,S,-0.4
G90D,90,G,Q,L,R,R,D,0.333333333
R91C,91,R,L,G,R,I,C,-3.321928
R91H,91,R,L,G,R,I,H,0.0
R91L,91,R,L,G,R,I,L,-2.321928
R91S,91,R,L,G,R,I,S,-1.0
R92C,92,R,G,R,I,H,C,-1.0
R92G,92,R,G,R,I,H,G,-2.321928
R92H,92,R,G,R,I,H,H,-0.428571429
R92L,92,R,G,R,I,H,L,0.2
R92S,92,R,G,R,I,H,S,-1.0
I93V,93,I,R,R,H,Y,V,0.333333333
I93M,93,I,R,R,H,Y,M,0.0
I93L,93,I,R,R,H,Y,L,0.0
I93K,93,I,R,R,H,Y,K,-2.821928
H94Y,94,H,R,I,Y,S,Y,0.0
H94R,94,H,R,I,Y,S,R,0.0
H94Q,94,H,R,I,Y,S,Q,0.0
H94L,94,H,R,I,Y,S,L,0.0
H94D,94,H,R,I,Y,S,D,-1.0
Y95C,95,Y,I,H,S,Q,C,-2.321928
Y95H,95,Y,I,H,S,Q,H,-2.821928
Y95N,95,Y,I,H,S,Q,N,-5.321928
S96P,96,S,H,Y,Q,N,P,0.0
Q97L,97,Q,Y,S,N,D,L,-1.107309333
Q97H,97,Q,Y,S,N,D,H,0.0
Q97R,97,Q,Y,S,N,D,R,0.25
Q97P,97,Q,Y,S,N,D,P,0.0
N98D,98,N,S,Q,D,L,D,0.0
N98S,98,N,S,Q,D,L,S,0.0
N98Y,98,N,S,Q,D,L,Y,0.0
D99V,99,D,Q,N,L,V,V,-0.5
D99N,99,D,Q,N,L,V,N,0.0
D99G,99,D,Q,N,L,V,G,-2.321928
D99E,99,D,Q,N,L,V,E,0.0
L100F,100,L,N,D,V,E,F,0.0
L100M,100,L,N,D,V,E,M,0.0
L100V,100,L,N,D,V,E,V,0.0
L100S,100,L,N,D,V,E,S,-2.321928
V101D,101,V,D,L,E,Y,D,-1.0
V101G,101,V,D,L,E,Y,G,-5.321928
V101L,101,V,D,L,E,Y,L,-0.5
V101A,101,V,D,L,E,Y,A,-0.833333333
E102G,102,E,L,V,Y,S,G,-0.5
E102V,102,E,L,V,Y,S,V,0.333333333
E102K,102,E,L,V,Y,S,K,-0.666666667
E102D,102,E,L,V,Y,S,D,0.0
Y103H,103,Y,V,E,S,P,H,-0.666666667
S104P,104,S,E,Y,P,V,P,-4.988594667
S104T,104,S,E,Y,P,V,T,-2.321928
S104L,104,S,E,Y,P,V,L,-5.321928
P105Q,105,P,Y,S,V,T,Q,-2.821928
P105L,105,P,Y,S,V,T,L,-1.440642667
P105R,105,P,Y,S,V,T,R,-2.321928
P105A,105,P,Y,S,V,T,A,-2.321928
P105S,105,P,Y,S,V,T,S,-2.6552613330000003
V106L,106,V,S,P,T,E,L,0.0
V106I,106,V,S,P,T,E,I,0.25
V106F,106,V,S,P,T,E,F,-1.0
V106A,106,V,S,P,T,E,A,-0.660964
V106D,106,V,S,P,T,E,D,-1.0
V106G,106,V,S,P,T,E,G,-2.321928
T107S,107,T,P,V,E,K,S,-0.333333333
T107I,107,T,P,V,E,K,I,-1.440642667
T107A,107,T,P,V,E,K,A,-0.333333333
E108D,108,E,V,T,K,H,D,0.0
E108K,108,E,V,T,K,H,K,0.0
K109R,109,K,T,E,H,L,R,0.0
K109Q,109,K,T,E,H,L,Q,0.0
K109M,109,K,T,E,H,L,M,0.0
K109N,109,K,T,E,H,L,N,0.0
K109E,109,K,T,E,H,L,E,-0.5
H110Y,110,H,E,K,L,T,Y,0.0
H110R,110,H,E,K,L,T,R,-0.5
H110Q,110,H,E,K,L,T,Q,-1.0
H110D,110,H,E,K,L,T,D,-2.321928
L111P,111,L,K,H,T,D,P,-0.5
L111H,111,L,K,H,T,D,H,-0.333333333
L111F,111,L,K,H,T,D,F,0.0
L111I,111,L,K,H,T,D,I,0.0
T112M,112,T,H,L,D,G,M,0.0
T112R,112,T,H,L,D,G,R,0.0
T112S,112,T,H,L,D,G,S,0.0
D113E,113,D,L,T,G,M,E,-0.2
D113G,113,D,L,T,G,M,G,0.0
D113V,113,D,L,T,G,M,V,-0.333333333
G114A,114,G,T,D,M,T,A,0.0
G114S,114,G,T,D,M,T,S,-1.660964
G114V,114,G,T,D,M,T,V,-2.321928
G114D,114,G,T,D,M,T,D,-3.321928
M115V,115,M,D,G,T,V,V,-1.0
M115K,115,M,D,G,T,V,K,-2.988594667
M115L,115,M,D,G,T,V,L,-1.0
M115T,115,M,D,G,T,V,T,-1.0
T116A,116,T,G,M,V,R,A,-0.666666667
T116S,116,T,G,M,V,R,S,0.0
T116R,116,T,G,M,V,R,R,-1.660964
T116I,116,T,G,M,V,R,I,-1.0
V117I,117,V,M,T,R,E,I,0.0
V117E,117,V,M,T,R,E,E,-5.321928
V117L,117,V,M,T,R,E,L,0.0
R118G,118,R,T,V,E,L,G,0.0
R118I,118,R,T,V,E,L,I,0.0
R118S,118,R,T,V,E,L,S,0.0
E119G,119,E,V,R,L,C,G,-1.0
E119K,119,E,V,R,L,C,K,-2.321928
E119D,119,E,V,R,L,C,D,0.0
L120F,120,L,R,E,C,S,F,-2.321928
L120S,120,L,R,E,C,S,S,-3.821928
C121W,121,C,E,L,S,A,W,-5.321928
C121Y,121,C,E,L,S,A,Y,-5.321928
C121S,121,C,E,L,S,A,S,-2.821928
C121R,121,C,E,L,S,A,R,-5.321928
S122R,122,S,L,C,A,A,R,0.0
S122N,122,S,L,C,A,A,N,-0.25
S122I,122,S,L,C,A,A,I,0.0
S122G,122,S,L,C,A,A,G,0.0
S122C,122,S,L,C,A,A,C,-0.666666667
A123D,123,A,C,S,A,I,D,-4.321928
A123G,123,A,C,S,A,I,G,-1.0
A123S,123,A,C,S,A,I,S,-1.0
A123T,123,A,C,S,A,I,T,-2.321928
A123V,123,A,C,S,A,I,V,-1.045989714
A124D,124,A,S,A,I,T,D,-5.321928
A124P,124,A,S,A,I,T,P,-5.321928
A124S,124,A,S,A,I,T,S,0.0
A124T,124,A,S,A,I,T,T,-0.25
A124V,124,A,S,A,I,T,V,-0.5
I125V,125,I,A,A,T,M,V,0.0
I125M,125,I,A,A,T,M,M,0.0
I125L,125,I,A,A,T,M,L,0.0
I125K,125,I,A,A,T,M,K,-5.321928
I125T,125,I,A,A,T,M,T,-2.321928
T126N,126,T,A,I,M,S,N,-2.321928
T126A,126,T,A,I,M,S,A,-0.333333333
T126I,126,T,A,I,M,S,I,-0.333333333
T126P,126,T,A,I,M,S,P,-4.321928
T126S,126,T,A,I,M,S,S,-0.75
M127V,127,M,I,T,S,D,V,0.5
M127T,127,M,I,T,S,D,T,-0.5
M127R,127,M,I,T,S,D,R,0.0
M127L,127,M,I,T,S,D,L,0.0
M127K,127,M,I,T,S,D,K,-0.333333333
M127I,127,M,I,T,S,D,I,0.0
S128C,128,S,T,M,D,N,C,-5.321928
S128I,128,S,T,M,D,N,I,-3.160964
S128N,128,S,T,M,D,N,N,-5.321928
S128R,128,S,T,M,D,N,R,-5.321928
D129N,129,D,M,S,N,T,N,-5.321928
D129G,129,D,M,S,N,T,G,-5.321928
D129H,129,D,M,S,N,T,H,-5.321928
N130I,130,N,S,D,T,A,I,-5.321928
N130Y,130,N,S,D,T,A,Y,-4.321928
N130S,130,N,S,D,T,A,S,-3.321928
N130K,130,N,S,D,T,A,K,-5.321928
T131A,131,T,D,N,A,A,A,-1.160964
T131S,131,T,D,N,A,A,S,0.0
T131I,131,T,D,N,A,A,I,-5.321928
T131N,131,T,D,N,A,A,N,-3.321928
A132T,132,A,N,T,A,N,T,-5.321928
A132E,132,A,N,T,A,N,E,-5.321928
A132V,132,A,N,T,A,N,V,-5.321928
A132G,132,A,N,T,A,N,G,-2.321928
A132S,132,A,N,T,A,N,S,0.0
A133V,133,A,T,A,N,L,V,-3.821928
A133T,133,A,T,A,N,L,T,0.0
N134I,134,N,A,A,L,L,I,-4.321928
N134S,134,N,A,A,L,L,S,-4.321928
L135S,135,L,A,N,L,L,S,-3.321928
L135I,135,L,A,N,L,L,I,0.0
L135F,135,L,A,N,L,L,F,-2.321928
L136R,136,L,N,L,L,T,R,-5.321928
L136H,136,L,N,L,L,T,H,-5.321928
L136P,136,L,N,L,L,T,P,-5.321928
L137M,137,L,L,L,T,T,M,0.0
L137P,137,L,L,L,T,T,P,-5.321928
L137Q,137,L,L,L,T,T,Q,-2.488594667
L137R,137,L,L,L,T,T,R,-5.321928
T138A,138,T,L,L,T,I,A,0.0
T138I,138,T,L,L,T,I,I,0.0
T138R,138,T,L,L,T,I,R,0.0
T138K,138,T,L,L,T,I,K,0.0
T139A,139,T,L,T,I,G,A,0.333333333
T139M,139,T,L,T,I,G,M,-0.5
T139S,139,T,L,T,I,G,S,0.0
I140F,140,I,T,T,G,G,F,-0.428571429
I140T,140,I,T,T,G,G,T,-1.660964
I140V,140,I,T,T,G,G,V,0.0
I140N,140,I,T,T,G,G,N,-2.6552613330000003
G141E,141,G,T,I,G,P,E,-1.0
G141R,141,G,T,I,G,P,R,-0.666666667
G142A,142,G,I,G,P,K,A,-3.321928
G142R,142,G,I,G,P,K,R,-3.321928
G142V,142,G,I,G,P,K,V,-5.321928
P143S,143,P,G,G,K,E,S,-2.101606667
P143Q,143,P,G,G,K,E,Q,-1.0
P143L,143,P,G,G,K,E,L,-3.1552613330000003
P143A,143,P,G,G,K,E,A,-1.0
K144N,144,K,G,P,E,L,N,0.0
K144E,144,K,G,P,E,L,E,0.0
K144M,144,K,G,P,E,L,M,-1.107309333
E145K,145,E,P,K,L,T,K,0.0
E145V,145,E,P,K,L,T,V,0.0
E145Q,145,E,P,K,L,T,Q,-1.0
E145G,145,E,P,K,L,T,G,0.2
L146P,146,L,K,E,T,A,P,-5.321928
L146Q,146,L,K,E,T,A,Q,-3.321928
T147N,147,T,E,L,A,F,N,0.0
T147I,147,T,E,L,A,F,I,-1.0
T147A,147,T,E,L,A,F,A,-0.75
A148V,148,A,L,T,F,L,V,0.0
A148T,148,A,L,T,F,L,T,0.25
F149Y,149,F,T,A,L,H,Y,0.0
F149S,149,F,T,A,L,H,S,-1.0
F149L,149,F,T,A,L,H,L,-0.428571429
F149I,149,F,T,A,L,H,I,-0.25
F149V,149,F,T,A,L,H,V,-0.5
L150M,150,L,A,F,H,N,M,0.333333333
L150W,150,L,A,F,H,N,W,-1.0
L150F,150,L,A,F,H,N,F,0.0
L150S,150,L,A,F,H,N,S,-1.0
H151L,151,H,F,L,N,M,L,-0.5
H151Q,151,H,F,L,N,M,Q,0.0
H151R,151,H,F,L,N,M,R,0.0
H151Y,151,H,F,L,N,M,Y,0.0
N152H,152,N,L,H,M,G,H,0.0
N152I,152,N,L,H,M,G,I,0.0
N152K,152,N,L,H,M,G,K,-2.321928
N152D,152,N,L,H,M,G,D,-0.5
N152S,152,N,L,H,M,G,S,0.333333333
N152Y,152,N,L,H,M,G,Y,0.0
M153K,153,M,H,N,G,D,K,-0.333333333
M153L,153,M,H,N,G,D,L,0.0
M153T,153,M,H,N,G,D,T,0.0
M153I,153,M,H,N,G,D,I,0.333333333
G154V,154,G,N,M,D,H,V,-4.321928
G154W,154,G,N,M,D,H,W,-3.321928
G154R,154,G,N,M,D,H,R,-1.0
D155E,155,D,M,G,H,V,E,-2.321928
D155N,155,D,M,G,H,V,N,-2.321928
D155G,155,D,M,G,H,V,G,-5.321928
D155V,155,D,M,G,H,V,V,-5.321928
H156L,156,H,G,D,V,T,L,-0.5
H156R,156,H,G,D,V,T,R,0.25
H156P,156,H,G,D,V,T,P,1.0
V157I,157,V,D,H,T,R,I,0.0
V157A,157,V,D,H,T,R,A,0.0
V157E,157,V,D,H,T,R,E,0.0
V157G,157,V,D,H,T,R,G,-1.0
V157L,157,V,D,H,T,R,L,0.0
T158S,158,T,H,V,R,L,S,0.333333333
T158I,158,T,H,V,R,L,I,-3.321928
T158A,158,T,H,V,R,L,A,-1.0
R159C,159,R,V,T,L,D,C,-1.7931568
R159H,159,R,V,T,L,D,H,0.0
R159L,159,R,V,T,L,D,L,-2.321928
L160F,160,L,T,R,D,R,F,-1.0
L160H,160,L,T,R,D,R,H,-0.5
L160I,160,L,T,R,D,R,I,-0.5
L160P,160,L,T,R,D,R,P,-1.0
D161V,161,D,R,L,R,W,V,-1.991446
D161E,161,D,R,L,R,W,E,-0.666666667
D161G,161,D,R,L,R,W,G,-4.655261333
D161N,161,D,R,L,R,W,N,-0.5
R162H,162,R,L,D,W,E,H,-1.0
R162C,162,R,L,D,W,E,C,-1.660964
R162S,162,R,L,D,W,E,S,-1.0
W163G,163,W,D,R,E,P,G,-1.0
W163R,163,W,D,R,E,P,R,-0.444444444
E164K,164,E,R,W,P,E,K,-5.321928
E164V,164,E,R,W,P,E,V,-5.321928
E164D,164,E,R,W,P,E,D,-5.321928
E164G,164,E,R,W,P,E,G,-5.321928
P165S,165,P,W,E,E,L,S,-1.0
P165L,165,P,W,E,E,L,L,-0.333333333
P165A,165,P,W,E,E,L,A,-1.160964
P165Q,165,P,W,E,E,L,Q,-1.0
E166A,166,E,E,P,L,N,A,0.0
E166D,166,E,E,P,L,N,D,0.0
E166G,166,E,E,P,L,N,G,-0.666666667
E166K,166,E,E,P,L,N,K,0.0
L167V,167,L,P,E,N,E,V,0.0
L167Q,167,L,P,E,N,E,Q,-5.321928
L167P,167,L,P,E,N,E,P,-5.321928
L167M,167,L,P,E,N,E,M,0.0
N168Y,168,N,E,L,E,A,Y,-5.321928
N168I,168,N,E,L,E,A,I,-4.821928
N168D,168,N,E,L,E,A,D,-3.321928
N168S,168,N,E,L,E,A,S,-1.0
N168K,168,N,E,L,E,A,K,-5.321928
E169G,169,E,L,N,A,I,G,0.0
E169K,169,E,L,N,A,I,K,0.0
E169V,169,E,L,N,A,I,V,0.0
E169D,169,E,L,N,A,I,D,0.0
A170T,170,A,N,E,I,P,T,-0.833333333
A170V,170,A,N,E,I,P,V,-1.045989714
A170G,170,A,N,E,I,P,G,0.0
A170S,170,A,N,E,I,P,S,0.0
I171L,171,I,E,A,P,N,L,-0.166666667
I171M,171,I,E,A,P,N,M,0.0
I171T,171,I,E,A,P,N,T,0.0
I171V,171,I,E,A,P,N,V,-0.25
P172L,172,P,A,I,N,D,L,0.0
P172Q,172,P,A,I,N,D,Q,0.0
P172A,172,P,A,I,N,D,A,0.0
P172S,172,P,A,I,N,D,S,-0.125
N173Y,173,N,I,P,D,E,Y,0.25
N173S,173,N,I,P,D,E,S,0.25
N173K,173,N,I,P,D,E,K,0.333333333
N173D,173,N,I,P,D,E,D,0.0
D174E,174,D,P,N,E,R,E,0.0
D174V,174,D,P,N,E,R,V,-3.821928
E175V,175,E,N,D,R,D,V,0.5
E175K,175,E,N,D,R,D,K,0.0
E175D,175,E,N,D,R,D,D,-3.160964
R176H,176,R,D,E,D,T,H,-0.5
R176C,176,R,D,E,D,T,C,-1.0
D177N,177,D,E,R,T,T,N,-4.321928
D177G,177,D,E,R,T,T,G,-5.321928
D177E,177,D,E,R,T,T,E,-5.321928
D177A,177,D,E,R,T,T,A,-5.321928
D177V,177,D,E,R,T,T,V,-5.321928
D177Y,177,D,E,R,T,T,Y,-5.321928
T178A,178,T,R,D,T,M,A,-3.321928
T178I,178,T,R,D,T,M,I,-3.121928
T178S,178,T,R,D,T,M,S,0.0
T178P,178,T,R,D,T,M,P,-5.321928
T178N,178,T,R,D,T,M,N,-3.321928
T179S,179,T,D,T,M,P,S,0.0
T179K,179,T,D,T,M,P,K,-5.321928
T179A,179,T,D,T,M,P,A,-2.988594667
T179M,179,T,D,T,M,P,M,-5.321928
T179P,179,T,D,T,M,P,P,-5.321928
T179R,179,T,D,T,M,P,R,-5.321928
M180I,180,M,T,T,P,A,I,0.0
M180V,180,M,T,T,P,A,V,0.0
M180T,180,M,T,T,P,A,T,0.0
M180L,180,M,T,T,P,A,L,1.0
M180K,180,M,T,T,P,A,K,-0.25
P181S,181,P,T,M,A,A,S,-3.321928
P181H,181,P,T,M,A,A,H,-5.321928
A182E,182,A,M,P,A,M,E,-1.0
A182G,182,A,M,P,A,M,G,1.0
A182S,182,A,M,P,A,M,S,0.0
A182T,182,A,M,P,A,M,T,0.0
A182V,182,A,M,P,A,M,V,0.0
A183E,183,A,P,A,M,A,E,0.0
A183S,183,A,P,A,M,A,S,0.0
A183T,183,A,P,A,M,A,T,0.0
A183V,183,A,P,A,M,A,V,0.0
M184I,184,M,A,A,A,T,I,0.333333333
M184K,184,M,A,A,A,T,K,-5.321928
M184L,184,M,A,A,A,T,L,-0.8
M184T,184,M,A,A,A,T,T,-3.821928
M184V,184,M,A,A,A,T,V,0.0
A185T,185,A,A,M,T,T,T,-3.321928
T186A,186,T,M,A,T,L,A,-0.2
T186S,186,T,M,A,T,L,S,0.0
T186I,186,T,M,A,T,L,I,0.25
T186P,186,T,M,A,T,L,P,0.0
T186K,186,T,M,A,T,L,K,0.0
T187M,187,T,A,T,L,R,M,-0.6
T187K,187,T,A,T,L,R,K,-5.321928
T187A,187,T,A,T,L,R,A,-3.321928
T187S,187,T,A,T,L,R,S,-0.5
L188M,188,L,T,T,R,K,M,0.0
L188F,188,L,T,T,R,K,F,0.0
R189C,189,R,T,L,K,L,C,-0.5
R189H,189,R,T,L,K,L,H,0.0
R189G,189,R,T,L,K,L,G,0.0
R189P,189,R,T,L,K,L,P,-5.321928
K190Q,190,K,L,R,L,L,Q,0.0
K190N,190,K,L,R,L,L,N,0.0
K190I,190,K,L,R,L,L,I,0.0
K190E,190,K,L,R,L,L,E,-0.2
K190T,190,K,L,R,L,L,T,0.0
L191V,191,L,R,K,L,T,V,-0.5
L191P,191,L,R,K,L,T,P,-5.321928
L192F,192,L,K,L,T,G,F,0.0
L192S,192,L,K,L,T,G,S,-2.321928
L192I,192,L,K,L,T,G,I,0.0
T193I,193,T,L,L,G,E,I,0.333333333
T193A,193,T,L,L,G,E,A,0.0
T193N,193,T,L,L,G,E,N,0.0
T193S,193,T,L,L,G,E,S,-0.333333333
G194S,194,G,L,T,E,L,S,0.0
G194D,194,G,L,T,E,L,D,0.0
G194A,194,G,L,T,E,L,A,0.0
G194C,194,G,L,T,E,L,C,-0.333333333
E195K,195,E,T,G,L,L,K,0.0
E195V,195,E,T,G,L,L,V,-2.321928
E195G,195,E,T,G,L,L,G,-1.0
E195D,195,E,T,G,L,L,D,0.0
L196V,196,L,G,E,L,T,V,0.0
L196P,196,L,G,E,L,T,P,-1.0
L196Q,196,L,G,E,L,T,Q,0.0
L197P,197,L,E,L,T,L,P,-2.6552613330000003
L197H,197,L,E,L,T,L,H,-1.944234286
L197F,197,L,E,L,T,L,F,-2.321928
T198S,198,T,L,L,L,A,S,0.0
T198P,198,T,L,L,L,A,P,-1.0
T198A,198,T,L,L,L,A,A,-0.25
T198I,198,T,L,L,L,A,I,-1.881285333
L199I,199,L,L,T,A,S,I,0.0
L199P,199,L,L,T,A,S,P,0.0
L199Q,199,L,L,T,A,S,Q,0.166666667
A200D,200,A,T,L,S,R,D,-2.321928
A200G,200,A,T,L,S,R,G,0.0
A200T,200,A,T,L,S,R,T,0.0
A200S,200,A,T,L,S,R,S,0.0
A200V,200,A,T,L,S,R,V,0.0
S201C,201,S,L,A,R,Q,C,0.0
S201F,201,S,L,A,R,Q,F,-3.321928
S201P,201,S,L,A,R,Q,P,-3.571928
S201T,201,S,L,A,R,Q,T,-1.0
R202W,202,R,A,S,Q,Q,W,-4.321928
R202Q,202,R,A,S,Q,Q,Q,0.2
R202L,202,R,A,S,Q,Q,L,-1.440642667
Q203L,203,Q,S,R,Q,L,L,0.0
Q203R,203,Q,S,R,Q,L,R,0.166666667
Q203H,203,Q,S,R,Q,L,H,0.0
Q203E,203,Q,S,R,Q,L,E,-1.160964
Q204E,204,Q,R,Q,L,I,E,0.0
Q204H,204,Q,R,Q,L,I,H,-0.666666667
Q204R,204,Q,R,Q,L,I,R,-0.4
L205I,205,L,Q,Q,I,D,I,-0.666666667
L205S,205,L,Q,Q,I,D,S,-5.321928
I206M,206,I,Q,L,D,W,M,0.0
I206T,206,I,Q,L,D,W,T,-1.0
I206V,206,I,Q,L,D,W,V,-0.333333333
I206L,206,I,Q,L,D,W,L,0.0
I206K,206,I,Q,L,D,W,K,0.0
D207E,207,D,L,I,W,M,E,0.0
D207G,207,D,L,I,W,M,G,-1.0
D207V,207,D,L,I,W,M,V,-0.5
D207Y,207,D,L,I,W,M,Y,0.0
W208C,208,W,I,D,M,E,C,-2.988594667
W208R,208,W,I,D,M,E,R,-5.321928
M209V,209,M,D,W,E,A,V,-5.321928
M209L,209,M,D,W,E,A,L,0.0
M209I,209,M,D,W,E,A,I,-5.321928
E210D,210,E,W,M,A,D,D,0.0
E210G,210,E,W,M,A,D,G,-0.5
A211S,211,A,M,E,D,K,S,0.0
A211T,211,A,M,E,D,K,T,-1.0
A211V,211,A,M,E,D,K,V,-1.0
A211G,211,A,M,E,D,K,G,-1.0
D212N,212,D,E,A,K,V,N,-1.660964
D212V,212,D,E,A,K,V,V,-2.988594667
K213I,213,K,A,D,V,A,I,0.0
K213N,213,K,A,D,V,A,N,0.0
K213T,213,K,A,D,V,A,T,-0.5
V214L,214,V,D,K,A,G,L,-1.0
V214I,214,V,D,K,A,G,I,-1.0
V214G,214,V,D,K,A,G,G,-2.321928
V214F,214,V,D,K,A,G,F,-1.0
V214D,214,V,D,K,A,G,D,-5.071928
V214A,214,V,D,K,A,G,A,-0.666666667
A215E,215,A,K,V,G,P,E,-3.321928
A215T,215,A,K,V,G,P,T,-1.660964
A215V,215,A,K,V,G,P,V,-3.321928
G216E,216,G,V,A,P,L,E,-2.160964
G216R,216,G,V,A,P,L,R,-1.0
G216V,216,G,V,A,P,L,V,-2.321928
P217A,217,P,A,G,L,L,A,-0.2
P217L,217,P,A,G,L,L,L,0.0
P217S,217,P,A,G,L,L,S,-0.924658667
L218I,218,L,G,P,L,R,I,-2.321928
L218H,218,L,G,P,L,R,H,-3.321928
L218V,218,L,G,P,L,R,V,-4.321928
L218F,218,L,G,P,L,R,F,-4.321928
L219M,219,L,P,L,R,S,M,0.0
L219V,219,L,P,L,R,S,V,-1.0
L219R,219,L,P,L,R,S,R,-3.321928
L219Q,219,L,P,L,R,S,Q,-3.321928
L219P,219,L,P,L,R,S,P,-3.321928
R220C,220,R,L,L,S,A,C,-3.821928
R220H,220,R,L,L,S,A,H,-3.446928
R220L,220,R,L,L,S,A,L,-4.321928
R220S,220,R,L,L,S,A,S,-3.321928
S221P,221,S,L,R,A,L,P,-0.666666667
S221A,221,S,L,R,A,L,A,0.0
S221T,221,S,L,R,A,L,T,0.0
S221W,221,S,L,R,A,L,W,-1.0
S221L,221,S,L,R,A,L,L,0.0
A222T,222,A,R,S,L,P,T,0.0
A222V,222,A,R,S,L,P,V,0.125
L223R,223,L,S,A,P,A,R,-2.321928
L223H,223,L,S,A,P,A,H,-4.571928
L223I,223,L,S,A,P,A,I,0.0
L223P,223,L,S,A,P,A,P,-4.821928
L223F,223,L,S,A,P,A,F,-2.4575424
P224S,224,P,A,L,A,G,S,-5.321928
P224L,224,P,A,L,A,G,L,-2.160964
P224Q,224,P,A,L,A,G,Q,-1.107309333
A225T,225,A,L,P,G,W,T,0.0
A225S,225,A,L,P,G,W,S,-1.0
A225P,225,A,L,P,G,W,P,0.0
A225V,225,A,L,P,G,W,V,0.0
A225G,225,A,L,P,G,W,G,1.0
G226D,226,G,P,A,W,F,D,0.0
G226S,226,G,P,A,W,F,S,0.0
W227L,227,W,A,G,F,I,L,-5.321928
W227G,227,W,A,G,F,I,G,-5.321928
W227S,227,W,A,G,F,I,S,-5.321928
W227R,227,W,A,G,F,I,R,-5.321928
F228I,228,F,G,W,I,A,I,-1.0
F228L,228,F,G,W,I,A,L,-1.881285333
F228S,228,F,G,W,I,A,S,-2.321928
I229T,229,I,W,F,A,D,T,-4.821928
I229V,229,I,W,F,A,D,V,-1.0
I229M,229,I,W,F,A,D,M,-1.0
A230T,230,A,F,I,D,K,T,-5.321928
A230S,230,A,F,I,D,K,S,-1.0
A230D,230,A,F,I,D,K,D,-5.321928
A230V,230,A,F,I,D,K,V,-1.991446
A230P,230,A,F,I,D,K,P,-5.321928
D231N,231,D,I,A,K,S,N,-2.821928
D231E,231,D,I,A,K,S,E,-3.821928
D231V,231,D,I,A,K,S,V,-4.321928
K232E,232,K,A,D,S,G,E,-5.321928
K232Q,232,K,A,D,S,G,Q,-5.321928
S233Y,233,S,D,K,G,A,Y,-5.321928
S233T,233,S,D,K,G,A,T,0.0
S233C,233,S,D,K,G,A,C,-5.321928
S233P,233,S,D,K,G,A,P,-3.321928
G234E,234,G,K,S,A,G,E,-5.321928
G234R,234,G,K,S,A,G,R,-5.321928
G234V,234,G,K,S,A,G,V,-5.321928
A235T,235,A,S,G,G,E,T,-2.321928
A235S,235,A,S,G,G,E,S,-1.660964
A235D,235,A,S,G,G,E,D,-5.321928
A235V,235,A,S,G,G,E,V,-2.101606667
G236S,236,G,G,A,E,R,S,-2.321928
G236A,236,G,G,A,E,R,A,0.0
G236C,236,G,G,A,E,R,C,-3.321928
G236V,236,G,G,A,E,R,V,-5.321928
G236R,236,G,G,A,E,R,R,-5.321928
G236D,236,G,G,A,E,R,D,-4.321928
E237D,237,E,A,G,R,G,D,0.0
E237K,237,E,A,G,R,G,K,0.5
E237V,237,E,A,G,R,G,V,-1.0
R238C,238,R,G,E,G,S,C,-0.285714286
R238G,238,R,G,E,G,S,G,-0.5
G239V,239,G,E,R,S,R,V,-5.321928
G239E,239,G,E,R,S,R,E,-5.321928
G239R,239,G,E,R,S,R,R,-5.321928
G239W,239,G,E,R,S,R,W,-5.321928
S240A,240,S,R,G,R,G,A,0.0
S240F,240,S,R,G,R,G,F,-4.321928
S240Y,240,S,R,G,R,G,Y,-5.321928
S240T,240,S,R,G,R,G,T,-1.0
R241S,241,R,G,S,G,I,S,-3.321928
R241H,241,R,G,S,G,I,H,-3.988594667
R241C,241,R,G,S,G,I,C,-4.321928
G242C,242,G,S,R,I,I,C,-0.666666667
G242D,242,G,S,R,I,I,D,-5.321928
G242S,242,G,S,R,I,I,S,-1.0643856000000005
G242A,242,G,S,R,I,I,A,-0.5
I243N,243,I,R,G,I,A,N,-4.988594667
I243T,243,I,R,G,I,A,T,-3.321928
I243F,243,I,R,G,I,A,F,-2.321928
I244F,244,I,G,I,A,A,F,-3.821928
I244M,244,I,G,I,A,A,M,0.0
I244N,244,I,G,I,A,A,N,-5.321928
I244T,244,I,G,I,A,A,T,-1.220321333
I244V,244,I,G,I,A,A,V,0.25
A245G,245,A,I,I,A,L,G,-1.0
A245V,245,A,I,I,A,L,V,-2.321928
A245E,245,A,I,I,A,L,E,-5.321928
A246S,246,A,I,A,L,G,S,0.0
A246T,246,A,I,A,L,G,T,0.0
A246V,246,A,I,A,L,G,V,0.0
L247Q,247,L,A,A,G,P,Q,-5.321928
L247R,247,L,A,A,G,P,R,-5.321928
L247M,247,L,A,A,G,P,M,-0.25
L247P,247,L,A,A,G,P,P,-5.321928
G248E,248,G,A,L,P,D,E,-5.321928
G248R,248,G,A,L,P,D,R,-5.321928
G248W,248,G,A,L,P,D,W,-5.321928
P249T,249,P,L,G,D,G,T,-1.0
P249S,249,P,L,G,D,G,S,-0.5
P249L,249,P,L,G,D,G,L,-1.881285333
P249A,249,P,L,G,D,G,A,-1.0
D250N,250,D,G,P,G,K,N,0.5
D250H,250,D,G,P,G,K,H,1.0
D250V,250,D,G,P,G,K,V,0.0
D250E,250,D,G,P,G,K,E,0.0
D250G,250,D,G,P,G,K,G,-0.333333333
D250Y,250,D,G,P,G,K,Y,0.0
G251C,251,G,P,D,K,P,C,0.0
G251D,251,G,P,D,K,P,D,-3.321928
G251V,251,G,P,D,K,P,V,-1.0
K252M,252,K,D,G,P,S,M,0.333333333
K252T,252,K,D,G,P,S,T,-1.0
K252E,252,K,D,G,P,S,E,0.0
K252N,252,K,D,G,P,S,N,0.0
K252R,252,K,D,G,P,S,R,-0.428571429
P253R,253,P,G,K,S,R,R,0.0
P253S,253,P,G,K,S,R,S,-0.333333333
P253L,253,P,G,K,S,R,L,0.0
P253A,253,P,G,K,S,R,A,0.0
S254P,254,S,K,P,R,I,P,-0.5
S254T,254,S,K,P,R,I,T,-1.0
R255C,255,R,P,S,I,V,C,-3.321928
R255H,255,R,P,S,I,V,H,-1.7414459999999998
R255S,255,R,P,S,I,V,S,-1.881285333
I256V,256,I,S,R,V,V,V,0.0
I256T,256,I,S,R,V,V,T,-4.321928
I256N,256,I,S,R,V,V,N,-5.321928
I256L,256,I,S,R,V,V,L,0.0
V257I,257,V,R,I,V,I,I,-0.25
V257E,257,V,R,I,V,I,E,-5.321928
V257A,257,V,R,I,V,I,A,-1.0
V257L,257,V,R,I,V,I,L,-1.0
V258A,258,V,I,V,I,Y,A,-5.321928
V258D,258,V,I,V,I,Y,D,-5.321928
V258F,258,V,I,V,I,Y,F,-5.321928
V258I,258,V,I,V,I,Y,I,0.0
I259F,259,I,V,V,Y,T,F,-1.0
I259M,259,I,V,V,Y,T,M,-1.0
I259T,259,I,V,V,Y,T,T,-3.321928
Y260D,260,Y,V,I,T,T,D,-5.321928
Y260S,260,Y,V,I,T,T,S,-5.321928
Y260H,260,Y,V,I,T,T,H,-5.321928
Y260N,260,Y,V,I,T,T,N,-5.321928
Y260F,260,Y,V,I,T,T,F,0.0
T261S,261,T,I,Y,T,G,S,0.0
T261A,261,T,I,Y,T,G,A,0.0
T261M,261,T,I,Y,T,G,M,0.181818182
T261K,261,T,I,Y,T,G,K,-5.321928
T261R,261,T,I,Y,T,G,R,-4.988594667
T262A,262,T,Y,T,G,S,A,0.0
T262M,262,T,Y,T,G,S,M,0.0
T262S,262,T,Y,T,G,S,S,0.0
T262R,262,T,Y,T,G,S,R,-1.0
G263W,263,G,T,T,S,Q,W,-3.321928
G263V,263,G,T,T,S,Q,V,-3.988594667
S264I,264,S,T,G,Q,A,I,-2.821928
S264G,264,S,T,G,Q,A,G,-0.75
S264N,264,S,T,G,Q,A,N,-1.0
S264T,264,S,T,G,Q,A,T,0.0
S264R,264,S,T,G,Q,A,R,-2.521928
Q265P,265,Q,G,S,A,T,P,0.0
Q265R,265,Q,G,S,A,T,R,0.0
Q265H,265,Q,G,S,A,T,H,0.0
Q265L,265,Q,G,S,A,T,L,-0.25
A266V,266,A,S,Q,T,M,V,0.0
A266T,266,A,S,Q,T,M,T,-0.5
A266S,266,A,S,Q,T,M,S,0.0
A266G,266,A,S,Q,T,M,G,0.0
T267S,267,T,Q,A,M,D,S,-0.333333333
T267A,267,T,Q,A,M,D,A,0.0
T267I,267,T,Q,A,M,D,I,-1.0
M268L,268,M,A,T,D,E,L,-0.5
M268K,268,M,A,T,D,E,K,-1.660964
M268T,268,M,A,T,D,E,T,-0.666666667
M268V,268,M,A,T,D,E,V,-1.547952
M268I,268,M,A,T,D,E,I,-0.166666667
D269E,269,D,T,M,E,R,E,-0.25
D269Y,269,D,T,M,E,R,Y,0.0
D269N,269,D,T,M,E,R,N,0.0
D269G,269,D,T,M,E,R,G,0.0
D269V,269,D,T,M,E,R,V,-0.5
E270G,270,E,M,D,R,N,G,-0.5
E270D,270,E,M,D,R,N,D,0.0
E270V,270,E,M,D,R,N,V,-0.25
E270K,270,E,M,D,R,N,K,-0.5
R271G,271,R,D,E,N,R,G,-1.0
R271Q,271,R,D,E,N,R,Q,0.0
N272I,272,N,E,R,R,Q,I,-3.321928
N272Y,272,N,E,R,R,Q,Y,-5.321928
N272K,272,N,E,R,R,Q,K,-5.321928
R273S,273,R,R,N,Q,I,S,0.0
R273K,273,R,R,N,Q,I,K,0.5
R273I,273,R,R,N,Q,I,I,0.0
R273G,273,R,R,N,Q,I,G,0.0
Q274K,274,Q,N,R,I,A,K,0.0
Q274L,274,Q,N,R,I,A,L,-1.0
Q274P,274,Q,N,R,I,A,P,-3.321928
Q274R,274,Q,N,R,I,A,R,0.0
Q274E,274,Q,N,R,I,A,E,0.0
Q274H,274,Q,N,R,I,A,H,0.0
I275M,275,I,R,Q,A,E,M,0.0
I275N,275,I,R,Q,A,E,N,-5.321928
I275T,275,I,R,Q,A,E,T,-4.321928
A276T,276,A,Q,I,E,I,T,-0.5
E277V,277,E,I,A,I,G,V,-0.7602754290000001
E277K,277,E,I,A,I,G,K,-0.5
E277G,277,E,I,A,I,G,G,0.0
E277A,277,E,I,A,I,G,A,0.0
I278K,278,I,A,E,G,A,K,-5.321928
I278L,278,I,A,E,G,A,L,0.0
I278T,278,I,A,E,G,A,T,-4.321928
I278M,278,I,A,E,G,A,M,-1.0
I278V,278,I,A,E,G,A,V,0.0
G279C,279,G,E,I,A,S,C,-1.0
G279R,279,G,E,I,A,S,R,-5.321928
G279S,279,G,E,I,A,S,S,-1.660964
A280S,280,A,I,G,S,L,S,0.0
A280T,280,A,I,G,S,L,T,0.0
A280V,280,A,I,G,S,L,V,-0.166666667
S281T,281,S,G,A,L,I,T,0.0
S281P,281,S,G,A,L,I,P,-3.321928
S281A,281,S,G,A,L,I,A,0.0
L282V,282,L,A,S,I,K,V,0.0
L282P,282,L,A,S,I,K,P,-5.321928
L282Q,282,L,A,S,I,K,Q,-1.160964
I283F,283,I,S,L,K,H,F,0.0
I283V,283,I,S,L,K,H,V,-0.333333333
I283T,283,I,S,L,K,H,T,0.0
I283N,283,I,S,L,K,H,N,-4.321928
K284E,284,K,L,I,H,W,E,0.0
K284N,284,K,L,I,H,W,N,-1.0
K284R,284,K,L,I,H,W,R,0.5
K284T,284,K,L,I,H,W,T,0.0
H285Y,285,H,I,K,W,X,Y,0.0
H285Q,285,H,I,K,W,X,Q,-0.333333333
H285P,285,H,I,K,W,X,P,-3.214618667
H285N,285,H,I,K,W,X,N,0.0
H285L,285,H,I,K,W,X,L,-1.0
W286R,286,W,K,H,X,X,R,-5.250499429
W286C,286,W,K,H,X,X,C,-5.321928
W286L,286,W,K,H,X,X,L,-2.321928
