experiment,model,position,actual,predicted,error,absolute_error
HistGradientBoosting Mild Extreme,HistGradientBoosting,218.0,-4.321928,0.02514338057395113,4.347071380573951,4.347071380573951
Extra Trees Target Transform,Extra Trees,233.0,-5.321928,-0.9924010015132471,4.329526998486752,4.329526998486752
HistGradientBoosting Target Transform,HistGradientBoosting,239.0,-5.321928,-1.0169485146638844,4.304979485336116,4.304979485336116
Extra Trees Target Transform,Extra Trees,240.0,-5.321928,-1.0470336247294487,4.274894375270551,4.274894375270551
HistGradientBoosting Target Transform,HistGradientBoosting,240.0,-5.321928,-1.069298278893411,4.252629721106588,4.252629721106588
HistGradientBoosting Target Transform,HistGradientBoosting,239.0,-5.321928,-1.0708210886830467,4.251106911316953,4.251106911316953
HistGradientBoosting Target Transform,HistGradientBoosting,218.0,-4.321928,-0.10924089289871951,4.212687107101281,4.212687107101281
HistGradientBoosting Baseline,HistGradientBoosting,218.0,-4.321928,-0.17492907264304036,4.146998927356959,4.146998927356959
Random Forest Target Transform,Random Forest,240.0,-5.321928,-1.1989262738025062,4.123001726197494,4.123001726197494
Extra Trees Target Transform,Extra Trees,218.0,-4.321928,-0.2789878045767773,4.042940195423222,4.042940195423222
HistGradientBoosting Target Transform,HistGradientBoosting,218.0,-4.321928,-0.3292173650641853,3.9927106349358144,3.9927106349358144
Random Forest Target Transform,Random Forest,218.0,-4.321928,-0.3396488376715606,3.9822791623284393,3.9822791623284393
Extra Trees Target Transform,Extra Trees,34.0,-5.321928,-1.391696120000418,3.9302318799995817,3.9302318799995817
HistGradientBoosting Target Transform,HistGradientBoosting,70.0,-4.321928,-0.5063121776660578,3.815615822333942,3.815615822333942
Extra Trees Target Transform,Extra Trees,218.0,-4.321928,-0.5092811072953446,3.812646892704655,3.812646892704655
Extra Trees Baseline,Extra Trees,240.0,-5.321928,-1.5122594229530575,3.809668577046942,3.809668577046942
HistGradientBoosting Baseline,HistGradientBoosting,218.0,-4.321928,-0.5151169138303309,3.806811086169669,3.806811086169669
Random Forest Target Transform,Random Forest,233.0,-5.321928,-1.5248327111974171,3.7970952888025824,3.7970952888025824
Random Forest Mild Extreme,Random Forest,218.0,-4.321928,-0.525092528119376,3.7968354718806236,3.7968354718806236
Random Forest Baseline,Random Forest,218.0,-4.321928,-0.5271696741076356,3.794758325892364,3.794758325892364
Extra Trees Moderate Extreme,Extra Trees,218.0,-4.321928,-0.5314373969496148,3.790490603050385,3.790490603050385
HistGradientBoosting Target Transform,HistGradientBoosting,239.0,-5.321928,-1.5363108812368786,3.7856171187631213,3.7856171187631213
Extra Trees Target Transform,Extra Trees,233.0,-5.321928,-1.548086196312828,3.773841803687172,3.773841803687172
Random Forest Balanced Extreme,Random Forest,218.0,-4.321928,-0.551747396599358,3.7701806034006418,3.7701806034006418
Extra Trees Mild Extreme,Extra Trees,218.0,-4.321928,-0.5545276777480999,3.7674003222519,3.7674003222519
Extra Trees Baseline,Extra Trees,218.0,-4.321928,-0.5612387811573344,3.7606892188426655,3.7606892188426655
Random Forest Target Transform,Random Forest,233.0,-5.321928,-1.5798230187036424,3.7421049812963574,3.7421049812963574
HistGradientBoosting Target Transform,HistGradientBoosting,42.0,-5.321928,-1.5838607720344537,3.738067227965546,3.738067227965546
Random Forest Moderate Extreme,Random Forest,218.0,-4.321928,-0.5849193220612717,3.737008677938728,3.737008677938728
Random Forest Target Transform,Random Forest,218.0,-4.321928,-0.5875590791210644,3.7343689208789352,3.7343689208789352
Extra Trees Baseline,Extra Trees,233.0,-5.321928,-1.608374844404057,3.7135531555959425,3.7135531555959425
Random Forest Target Transform,Random Forest,239.0,-5.321928,-1.6302469042564511,3.6916810957435486,3.6916810957435486
Extra Trees Mild Extreme,Extra Trees,240.0,-5.321928,-1.6577470982936908,3.6641809017063087,3.6641809017063087
Extra Trees Mild Extreme,Extra Trees,233.0,-5.321928,-1.6625984749858886,3.659329525014111,3.659329525014111
Extra Trees Target Transform,Extra Trees,69.0,-5.321928,-1.6664381087983149,3.655489891201685,3.655489891201685
HistGradientBoosting Mild Extreme,HistGradientBoosting,218.0,-4.321928,-0.6757704101401493,3.6461575898598504,3.6461575898598504
Random Forest Target Transform,Random Forest,34.0,-5.321928,-1.7134394050707624,3.6084885949292373,3.6084885949292373
HistGradientBoosting Baseline,HistGradientBoosting,240.0,-5.321928,-1.7481317490309405,3.5737962509690595,3.5737962509690595
Extra Trees Target Transform,Extra Trees,70.0,-4.321928,-0.7660453127789918,3.555882687221008,3.555882687221008
Extra Trees Target Transform,Extra Trees,247.0,-5.321928,-1.787873111079692,3.534054888920308,3.534054888920308
Random Forest Baseline,Random Forest,240.0,-5.321928,-1.7879954204383823,3.5339325795616174,3.5339325795616174
Random Forest Target Transform,Random Forest,69.0,-5.321928,-1.7890337794951277,3.532894220504872,3.532894220504872
HistGradientBoosting Target Transform,HistGradientBoosting,239.0,-5.321928,-1.789176390825193,3.532751609174807,3.532751609174807
Extra Trees Moderate Extreme,Extra Trees,240.0,-5.321928,-1.8013173920871934,3.5206106079128063,3.5206106079128063
Random Forest Target Transform,Random Forest,239.0,-5.321928,-1.8087447490111275,3.513183250988872,3.513183250988872
Extra Trees Moderate Extreme,Extra Trees,218.0,-4.321928,-0.8177887556718959,3.504139244328104,3.504139244328104
HistGradientBoosting Target Transform,HistGradientBoosting,69.0,-5.321928,-1.8186932780107574,3.5032347219892426,3.5032347219892426
HistGradientBoosting Baseline,HistGradientBoosting,70.0,-4.321928,-0.8370474571561014,3.4848805428438983,3.4848805428438983
Extra Trees Moderate Extreme,Extra Trees,233.0,-5.321928,-1.8373957885909273,3.484532211409072,3.484532211409072
Extra Trees Baseline,Extra Trees,218.0,-4.321928,-0.8420049717106574,3.4799230282893423,3.4799230282893423
HistGradientBoosting Mild Extreme,HistGradientBoosting,239.0,-5.321928,-1.8510536349424203,3.4708743650575795,3.4708743650575795
Random Forest Target Transform,Random Forest,70.0,-4.321928,-0.8543055055664595,3.4676224944335403,3.4676224944335403
Extra Trees Mild Extreme,Extra Trees,218.0,-4.321928,-0.8567993708990371,3.4651286291009624,3.4651286291009624
Extra Trees Target Transform,Extra Trees,42.0,-5.321928,-1.8683595031396505,3.453568496860349,3.453568496860349
Random Forest Baseline,Random Forest,218.0,-4.321928,-0.9024873743095355,3.419440625690464,3.419440625690464
Random Forest Target Transform,Random Forest,69.0,-4.321928,-0.9039898149998639,3.417938185000136,3.417938185000136
Random Forest Target Transform,Random Forest,239.0,-5.321928,-1.9187100791489016,3.403217920851098,3.403217920851098
Random Forest Target Transform,Random Forest,42.0,-5.321928,-1.9234359377998982,3.3984920622001016,3.3984920622001016
Random Forest Balanced Extreme,Random Forest,218.0,-4.321928,-0.9480139043217642,3.3739140956782356,3.3739140956782356
Random Forest Target Transform,Random Forest,247.0,-5.321928,-1.9506737147425457,3.371254285257454,3.371254285257454
Extra Trees Target Transform,Extra Trees,69.0,-4.321928,-0.9586590729837944,3.3632689270162053,3.3632689270162053
Random Forest Mild Extreme,Random Forest,218.0,-4.321928,-0.9594564837189712,3.362471516281029,3.362471516281029
HistGradientBoosting Baseline,HistGradientBoosting,239.0,-5.321928,-1.9768951657529374,3.3450328342470623,3.3450328342470623
Random Forest Target Transform,Random Forest,239.0,-5.321928,-1.9800991524545173,3.3418288475454823,3.3418288475454823
Random Forest Moderate Extreme,Random Forest,218.0,-4.321928,-1.0014416262056096,3.32048637379439,3.32048637379439
Extra Trees Baseline,Extra Trees,233.0,-5.321928,-2.002276808862458,3.3196511911375417,3.3196511911375417
HistGradientBoosting Mild Extreme,HistGradientBoosting,69.0,-5.321928,-2.0071624984600756,3.314765501539924,3.314765501539924
HistGradientBoosting Mild Extreme,HistGradientBoosting,240.0,-5.321928,-2.013365421270181,3.308562578729819,3.308562578729819
HistGradientBoosting Baseline,HistGradientBoosting,69.0,-4.321928,-1.0509647186725886,3.270963281327411,3.270963281327411
HistGradientBoosting Mild Extreme,HistGradientBoosting,239.0,-5.321928,-2.054858857580752,3.2670691424192477,3.2670691424192477
HistGradientBoosting Baseline,HistGradientBoosting,239.0,-5.321928,-2.067228696586835,3.254699303413165,3.254699303413165
Extra Trees Target Transform,Extra Trees,239.0,-5.321928,-2.069374995099677,3.2525530049003226,3.2525530049003226
HistGradientBoosting Mild Extreme,HistGradientBoosting,239.0,-5.321928,-2.0819774975677947,3.239950502432205,3.239950502432205
Extra Trees Target Transform,Extra Trees,239.0,-5.321928,-2.103397600363778,3.218530399636222,3.218530399636222
Random Forest Baseline,Random Forest,233.0,-5.321928,-2.1172313969376635,3.2046966030623363,3.2046966030623363
Extra Trees Target Transform,Extra Trees,42.0,-5.321928,-2.1197813201706452,3.2021466798293545,3.2021466798293545
Random Forest Target Transform,Random Forest,278.0,-5.321928,-2.1312020055117804,3.1907259944882194,3.1907259944882194
Extra Trees Baseline,Extra Trees,70.0,-4.321928,-1.138333514387997,3.183594485612003,3.183594485612003
HistGradientBoosting Target Transform,HistGradientBoosting,34.0,-5.321928,-2.151476761758832,3.1704512382411676,3.1704512382411676
HistGradientBoosting Baseline,HistGradientBoosting,239.0,-5.321928,-2.1758392067340924,3.1460887932659074,3.1460887932659074
Random Forest Mild Extreme,Random Forest,240.0,-5.321928,-2.1868399858381236,3.135088014161876,3.135088014161876
Extra Trees Baseline,Extra Trees,34.0,-5.321928,-2.1906057207023792,3.1313222792976205,3.1313222792976205
HistGradientBoosting Mild Extreme,HistGradientBoosting,239.0,-5.321928,-2.199852605693564,3.1220753943064357,3.1220753943064357
Random Forest Target Transform,Random Forest,34.0,-4.821928,-1.7054969418957744,3.1164310581042254,3.1164310581042254
Random Forest Baseline,Random Forest,233.0,-5.321928,-2.207561426520269,3.114366573479731,3.114366573479731
Extra Trees Target Transform,Extra Trees,239.0,-5.321928,-2.2104203563822074,3.1115076436177924,3.1115076436177924
HistGradientBoosting Target Transform,HistGradientBoosting,233.0,-5.321928,-2.2228802202081086,3.099047779791891,3.099047779791891
HistGradientBoosting Baseline,HistGradientBoosting,233.0,-5.321928,-2.2310855114080974,3.0908424885919024,3.0908424885919024
Random Forest Target Transform,Random Forest,42.0,-5.321928,-2.2323827585518314,3.0895452414481683,3.0895452414481683
Extra Trees Target Transform,Extra Trees,239.0,-5.321928,-2.232781612133338,3.089146387866662,3.089146387866662
HistGradientBoosting Mild Extreme,HistGradientBoosting,42.0,-5.321928,-2.25956293499731,3.0623650650026897,3.0623650650026897
Extra Trees Target Transform,Extra Trees,278.0,-5.321928,-2.2605254581780763,3.0614025418219235,3.0614025418219235
HistGradientBoosting Baseline,HistGradientBoosting,42.0,-5.321928,-2.2750949837878327,3.046833016212167,3.046833016212167
HistGradientBoosting Target Transform,HistGradientBoosting,42.0,-5.321928,-2.3039224834303735,3.0180055165696262,3.0180055165696262
Random Forest Baseline,Random Forest,69.0,-4.321928,-1.3156835121603176,3.006244487839682,3.006244487839682
Extra Trees Target Transform,Extra Trees,43.0,-5.321928,-2.316176603543378,3.005751396456622,3.005751396456622
Extra Trees Mild Extreme,Extra Trees,233.0,-5.321928,-2.3234938593880385,2.9984341406119612,2.9984341406119612
HistGradientBoosting Target Transform,HistGradientBoosting,233.0,-5.321928,-2.3280964578503593,2.9938315421496404,2.9938315421496404
HistGradientBoosting Target Transform,HistGradientBoosting,69.0,-4.321928,-1.347869299239507,2.9740587007604926,2.9740587007604926
Extra Trees Mild Extreme,Extra Trees,70.0,-4.321928,-1.3548050268820868,2.967122973117913,2.967122973117913
HistGradientBoosting Baseline,HistGradientBoosting,69.0,-5.321928,-2.364582671494256,2.9573453285057436,2.9573453285057436
Random Forest Baseline,Random Forest,239.0,-5.321928,-2.36551321073959,2.9564147892604096,2.9564147892604096
Random Forest Baseline,Random Forest,42.0,-5.321928,-2.3745443208091515,2.9473836791908483,2.9473836791908483
Random Forest Mild Extreme,Random Forest,233.0,-5.321928,-2.3915645301476363,2.9303634698523635,2.9303634698523635
HistGradientBoosting Mild Extreme,HistGradientBoosting,69.0,-4.321928,-1.394977031006124,2.926950968993876,2.926950968993876
HistGradientBoosting Baseline,HistGradientBoosting,239.0,-5.321928,-2.401304595513378,2.920623404486622,2.920623404486622
HistGradientBoosting Mild Extreme,HistGradientBoosting,70.0,-4.321928,-1.4127116957299808,2.9092163042700188,2.9092163042700188
Extra Trees Baseline,Extra Trees,69.0,-4.321928,-1.434095923045069,2.887832076954931,2.887832076954931
Extra Trees Moderate Extreme,Extra Trees,233.0,-5.321928,-2.4404355046880046,2.881492495311995,2.881492495311995
Random Forest Target Transform,Random Forest,43.0,-5.321928,-2.4430009284539724,2.8789270715460273,2.8789270715460273
Extra Trees Baseline,Extra Trees,247.0,-5.321928,-2.4449254542903356,2.877002545709664,2.877002545709664
Random Forest Mild Extreme,Random Forest,233.0,-5.321928,-2.448095750571303,2.873832249428697,2.873832249428697
Random Forest Balanced Extreme,Random Forest,69.0,-4.321928,-1.4530822597988584,2.8688457402011416,2.8688457402011416
Extra Trees Target Transform,Extra Trees,125.0,-5.321928,-2.456551235477635,2.865376764522365,2.865376764522365
Extra Trees Target Transform,Extra Trees,34.0,-4.821928,-1.9565783083035881,2.8653496916964114,2.8653496916964114
Random Forest Mild Extreme,Random Forest,69.0,-4.321928,-1.4583320734809249,2.863595926519075,2.863595926519075
Random Forest Target Transform,Random Forest,240.0,-4.321928,-1.479654166723079,2.842273833276921,2.842273833276921
Extra Trees Target Transform,Extra Trees,240.0,-4.321928,-1.4914881504568536,2.830439849543146,2.830439849543146
Extra Trees Baseline,Extra Trees,42.0,-5.321928,-2.5015094558611706,2.820418544138829,2.820418544138829
Extra Trees Mild Extreme,Extra Trees,42.0,-5.321928,-2.515691094556384,2.806236905443616,2.806236905443616
Random Forest Moderate Extreme,Random Forest,42.0,-5.321928,-2.515981737849167,2.8059462621508326,2.8059462621508326
Extra Trees Mild Extreme,Extra Trees,69.0,-4.321928,-1.5312212706514263,2.7907067293485737,2.7907067293485737
Random Forest Balanced Extreme,Random Forest,233.0,-5.321928,-2.5335303191595173,2.7883976808404825,2.7883976808404825
Extra Trees Moderate Extreme,Extra Trees,70.0,-4.321928,-1.5344706945168904,2.7874573054831093,2.7874573054831093
Extra Trees Target Transform,Extra Trees,247.0,-5.321928,-2.537201787269634,2.784726212730366,2.784726212730366
HistGradientBoosting Baseline,HistGradientBoosting,233.0,-5.321928,-2.5407648305643225,2.7811631694356773,2.7811631694356773
Extra Trees Moderate Extreme,Extra Trees,42.0,-5.321928,-2.5426108175732987,2.779317182426701,2.779317182426701
Random Forest Balanced Extreme,Random Forest,240.0,-5.321928,-2.5486113848316765,2.7733166151683233,2.7733166151683233
Random Forest Moderate Extreme,Random Forest,69.0,-4.321928,-1.5530996460416537,2.7688283539583463,2.7688283539583463
Random Forest Baseline,Random Forest,34.0,-5.321928,-2.561905861871862,2.7600221381281376,2.7600221381281376
Random Forest Baseline,Random Forest,247.0,-5.321928,-2.5619659275839446,2.759962072416055,2.759962072416055
Extra Trees Mild Extreme,Extra Trees,247.0,-5.321928,-2.562070311255168,2.7598576887448316,2.7598576887448316
HistGradientBoosting Baseline,HistGradientBoosting,34.0,-5.321928,-2.565008802838371,2.7569191971616287,2.7569191971616287
HistGradientBoosting Target Transform,HistGradientBoosting,43.0,-5.321928,-2.5704635070454236,2.751464492954576,2.751464492954576
Extra Trees Baseline,Extra Trees,69.0,-5.321928,-2.5717635680049815,2.7501644319950183,2.7501644319950183
Extra Trees Mild Extreme,Extra Trees,34.0,-5.321928,-2.5720401922286507,2.749887807771349,2.749887807771349
HistGradientBoosting Target Transform,HistGradientBoosting,247.0,-5.321928,-2.572963681650735,2.7489643183492647,2.7489643183492647
Random Forest Baseline,Random Forest,69.0,-5.321928,-2.5748211143699846,2.747106885630015,2.747106885630015
HistGradientBoosting Target Transform,HistGradientBoosting,240.0,-4.321928,-1.5774334150288682,2.7444945849711315,2.7444945849711315
HistGradientBoosting Mild Extreme,HistGradientBoosting,233.0,-5.321928,-2.5822845513212367,2.739643448678763,2.739643448678763
Extra Trees Target Transform,Extra Trees,278.0,-4.321928,-1.5997925593248454,2.7221354406751543,2.7221354406751543
Extra Trees Moderate Extreme,Extra Trees,69.0,-4.321928,-1.6009195145443829,2.721008485455617,2.721008485455617
Random Forest Moderate Extreme,Random Forest,233.0,-5.321928,-2.603502092802725,2.718425907197275,2.718425907197275
Random Forest Balanced Extreme,Random Forest,233.0,-5.321928,-2.6096355470114228,2.712292452988577,2.712292452988577
Random Forest Baseline,Random Forest,239.0,-5.321928,-2.6108691055034736,2.711058894496526,2.711058894496526
Random Forest Mild Extreme,Random Forest,42.0,-5.321928,-2.6286890739196354,2.6932389260803644,2.6932389260803644
Random Forest Baseline,Random Forest,239.0,-5.321928,-2.6393165551698967,2.682611444830103,2.682611444830103
Random Forest Baseline,Random Forest,70.0,-4.321928,-1.6403574669356409,2.6815705330643587,2.6815705330643587
Random Forest Moderate Extreme,Random Forest,240.0,-5.321928,-2.6489498454466385,2.6729781545533613,2.6729781545533613
Random Forest Baseline,Random Forest,239.0,-5.321928,-2.6595956701236565,2.6623323298763433,2.6623323298763433
Random Forest Target Transform,Random Forest,125.0,-5.321928,-2.6625110744686196,2.65941692553138,2.65941692553138
Extra Trees Target Transform,Extra Trees,279.0,-5.321928,-2.665744892526634,2.6561831074733657,2.6561831074733657
Random Forest Balanced Extreme,Random Forest,247.0,-5.321928,-2.6678372015410154,2.6540907984589843,2.6540907984589843
Random Forest Balanced Extreme,Random Forest,42.0,-5.321928,-2.668798762948997,2.6531292370510027,2.6531292370510027
Extra Trees Moderate Extreme,Extra Trees,34.0,-5.321928,-2.6704285173922626,2.651499482607737,2.651499482607737
HistGradientBoosting Baseline,HistGradientBoosting,247.0,-5.321928,-2.6745995231795816,2.647328476820418,2.647328476820418
HistGradientBoosting Baseline,HistGradientBoosting,42.0,-5.321928,-2.6878083801257064,2.6341196198742933,2.6341196198742933
HistGradientBoosting Mild Extreme,HistGradientBoosting,233.0,-5.321928,-2.6970795100244325,2.6248484899755673,2.6248484899755673
Extra Trees Moderate Extreme,Extra Trees,247.0,-5.321928,-2.70023699350039,2.62169100649961,2.62169100649961
Extra Trees Baseline,Extra Trees,278.0,-5.321928,-2.7143068437949434,2.6076211562050564,2.6076211562050564
Extra Trees Target Transform,Extra Trees,247.0,-5.321928,-2.724371052074641,2.5975569479253586,2.5975569479253586
Random Forest Mild Extreme,Random Forest,239.0,-5.321928,-2.7495182026156133,2.5724097973843865,2.5724097973843865
HistGradientBoosting Mild Extreme,HistGradientBoosting,42.0,-5.321928,-2.762099678108234,2.5598283218917657,2.5598283218917657
Extra Trees Baseline,Extra Trees,42.0,-5.321928,-2.794283966237512,2.527644033762488,2.527644033762488
Extra Trees Baseline,Extra Trees,239.0,-5.321928,-2.7945061979643477,2.527421802035652,2.527421802035652
HistGradientBoosting Baseline,HistGradientBoosting,278.0,-5.321928,-2.7950242287020615,2.5269037712979383,2.5269037712979383
Random Forest Target Transform,Random Forest,247.0,-5.321928,-2.7990369536287045,2.5228910463712952,2.5228910463712952
Extra Trees Baseline,Extra Trees,239.0,-5.321928,-2.8103692290577587,2.511558770942241,2.511558770942241
Extra Trees Baseline,Extra Trees,239.0,-5.321928,-2.81856558569332,2.5033624143066797,2.5033624143066797
Random Forest Mild Extreme,Random Forest,247.0,-5.321928,-2.8256275121272494,2.4963004878727504,2.4963004878727504
Random Forest Moderate Extreme,Random Forest,233.0,-5.321928,-2.8354297831758544,2.4864982168241454,2.4864982168241454
Random Forest Target Transform,Random Forest,278.0,-4.321928,-1.850999880222244,2.4709281197777555,2.4709281197777555
Random Forest Balanced Extreme,Random Forest,239.0,-5.321928,-2.852578118260382,2.4693498817396176,2.4693498817396176
Random Forest Target Transform,Random Forest,247.0,-5.321928,-2.8594968648525882,2.4624311351474115,2.4624311351474115
Random Forest Baseline,Random Forest,278.0,-5.321928,-2.8633026727232394,2.4586253272767604,2.4586253272767604
Extra Trees Mild Extreme,Extra Trees,278.0,-5.321928,-2.8690078919356403,2.4529201080643595,2.4529201080643595
Random Forest Mild Extreme,Random Forest,239.0,-5.321928,-2.8782764955266633,2.4436515044733365,2.4436515044733365
Extra Trees Mild Extreme,Extra Trees,69.0,-5.321928,-2.879433754735566,2.4424942452644336,2.4424942452644336
Random Forest Baseline,Random Forest,42.0,-5.321928,-2.889028977367529,2.432899022632471,2.432899022632471
Random Forest Mild Extreme,Random Forest,34.0,-5.321928,-2.897140409782141,2.424787590217859,2.424787590217859
Extra Trees Baseline,Extra Trees,240.0,-4.321928,-1.9017186252662959,2.420209374733704,2.420209374733704
Extra Trees Baseline,Extra Trees,239.0,-5.321928,-2.9074597954357997,2.4144682045642,2.4144682045642
HistGradientBoosting Mild Extreme,HistGradientBoosting,247.0,-5.321928,-2.908878138851811,2.4130498611481888,2.4130498611481888
Random Forest Mild Extreme,Random Forest,69.0,-5.321928,-2.9435867468057144,2.3783412531942854,2.3783412531942854
Random Forest Balanced Extreme,Random Forest,239.0,-5.321928,-2.9599669191836755,2.3619610808163243,2.3619610808163243
Extra Trees Mild Extreme,Extra Trees,240.0,-4.321928,-1.9646908353407142,2.357237164659286,2.357237164659286
Random Forest Mild Extreme,Random Forest,70.0,-4.321928,-1.9810683464607959,2.340859653539204,2.340859653539204
Extra Trees Moderate Extreme,Extra Trees,69.0,-5.321928,-2.983373619504371,2.3385543804956286,2.3385543804956286
Random Forest Balanced Extreme,Random Forest,34.0,-5.321928,-2.988969105638316,2.332958894361684,2.332958894361684
Random Forest Moderate Extreme,Random Forest,239.0,-5.321928,-2.9913101578616135,2.3306178421383863,2.3306178421383863
Random Forest Balanced Extreme,Random Forest,239.0,-5.321928,-3.0145379283442453,2.3073900716557545,2.3073900716557545
Random Forest Mild Extreme,Random Forest,239.0,-5.321928,-3.0239285088103536,2.297999491189646,2.297999491189646
Random Forest Balanced Extreme,Random Forest,239.0,-5.321928,-3.02939663532015,2.2925313646798497,2.2925313646798497
Extra Trees Moderate Extreme,Extra Trees,278.0,-5.321928,-3.0380417548396155,2.2838862451603843,2.2838862451603843
Random Forest Target Transform,Random Forest,279.0,-5.321928,-3.045205042667155,2.276722957332845,2.276722957332845
Random Forest Mild Extreme,Random Forest,239.0,-5.321928,-3.049635058690355,2.2722929413096447,2.2722929413096447
Random Forest Moderate Extreme,Random Forest,34.0,-5.321928,-3.0503197537225395,2.2716082462774603,2.2716082462774603
Random Forest Balanced Extreme,Random Forest,70.0,-4.321928,-2.0509734702580915,2.2709545297419083,2.2709545297419083
Random Forest Moderate Extreme,Random Forest,247.0,-5.321928,-3.054636579555589,2.2672914204444106,2.2672914204444106
Random Forest Moderate Extreme,Random Forest,239.0,-5.321928,-3.055391564843037,2.266536435156963,2.266536435156963
Extra Trees Baseline,Extra Trees,278.0,-4.321928,-2.0559464644495247,2.265981535550475,2.265981535550475
Extra Trees Moderate Extreme,Extra Trees,240.0,-4.321928,-2.0603689439373474,2.2615590560626524,2.2615590560626524
Extra Trees Baseline,Extra Trees,125.0,-5.321928,-3.0846184559290397,2.23730954407096,2.23730954407096
Extra Trees Mild Extreme,Extra Trees,239.0,-5.321928,-3.0884366548517215,2.2334913451482783,2.2334913451482783
Random Forest Balanced Extreme,Random Forest,69.0,-5.321928,-3.0902057216145016,2.231722278385498,2.231722278385498
Random Forest Baseline,Random Forest,240.0,-4.321928,-2.0942963842407214,2.2276316157592784,2.2276316157592784
Random Forest Baseline,Random Forest,34.0,-4.821928,-2.5952363404794383,2.2266916595205615,2.2266916595205615
Random Forest Moderate Extreme,Random Forest,239.0,-5.321928,-3.1100929316564243,2.2118350683435755,2.2118350683435755
Random Forest Mild Extreme,Random Forest,278.0,-5.321928,-3.133433925842793,2.188494074157207,2.188494074157207
Random Forest Moderate Extreme,Random Forest,69.0,-5.321928,-3.1374933554557947,2.184434644544205,2.184434644544205
Random Forest Moderate Extreme,Random Forest,70.0,-4.321928,-2.1516284238355414,2.1702995761644583,2.1702995761644583
Extra Trees Mild Extreme,Extra Trees,239.0,-5.321928,-3.152650152630379,2.169277847369621,2.169277847369621
Extra Trees Mild Extreme,Extra Trees,239.0,-5.321928,-3.1531906746787417,2.168737325321258,2.168737325321258
Extra Trees Baseline,Extra Trees,43.0,-5.321928,-3.1541104843848706,2.167817515615129,2.167817515615129
Extra Trees Mild Extreme,Extra Trees,42.0,-5.321928,-3.160871822601859,2.161056177398141,2.161056177398141
Extra Trees Baseline,Extra Trees,247.0,-5.321928,-3.1709962521407786,2.150931747859221,2.150931747859221
Extra Trees Moderate Extreme,Extra Trees,278.0,-4.321928,-2.2091542298308022,2.1127737701691975,2.1127737701691975
Random Forest Moderate Extreme,Random Forest,239.0,-5.321928,-3.213707115336338,2.1082208846636616,2.1082208846636616
Extra Trees Moderate Extreme,Extra Trees,239.0,-5.321928,-3.217230601280405,2.104697398719595,2.104697398719595
Extra Trees Baseline,Extra Trees,279.0,-5.321928,-3.221795010911655,2.100132989088345,2.100132989088345
Extra Trees Mild Extreme,Extra Trees,278.0,-4.321928,-2.232287574807326,2.0896404251926737,2.0896404251926737
Random Forest Balanced Extreme,Random Forest,278.0,-5.321928,-3.2460863742334958,2.075841625766504,2.075841625766504
HistGradientBoosting Target Transform,HistGradientBoosting,278.0,-5.321928,-3.254019872011826,2.067908127988174,2.067908127988174
Extra Trees Moderate Extreme,Extra Trees,239.0,-5.321928,-3.2764418691085253,2.0454861308914745,2.0454861308914745
Random Forest Baseline,Random Forest,43.0,-5.321928,-3.2771365478154855,2.0447914521845143,2.0447914521845143
Extra Trees Baseline,Extra Trees,34.0,-4.821928,-2.780418557234587,2.041509442765413,2.041509442765413
Extra Trees Moderate Extreme,Extra Trees,239.0,-5.321928,-3.281614077764361,2.040313922235639,2.040313922235639
Extra Trees Mild Extreme,Extra Trees,125.0,-5.321928,-3.2853359310401085,2.0365920689598913,2.0365920689598913
Extra Trees Baseline,Extra Trees,247.0,-5.321928,-3.304550283454292,2.017377716545708,2.017377716545708
Random Forest Baseline,Random Forest,278.0,-4.321928,-2.3121020434162234,2.0098259565837764,2.0098259565837764
Random Forest Baseline,Random Forest,247.0,-5.321928,-3.322207906879263,1.9997200931207368,1.9997200931207368
Extra Trees Mild Extreme,Extra Trees,239.0,-5.321928,-3.338431475134874,1.9834965248651257,1.9834965248651257
Random Forest Mild Extreme,Random Forest,240.0,-4.321928,-2.341822901645006,1.980105098354994,1.980105098354994
Extra Trees Mild Extreme,Extra Trees,247.0,-5.321928,-3.350561419558711,1.971366580441289,1.971366580441289
HistGradientBoosting Mild Extreme,HistGradientBoosting,34.0,-5.321928,-3.360354293334673,1.9615737066653267,1.9615737066653267
Random Forest Mild Extreme,Random Forest,42.0,-5.321928,-3.376206101511038,1.9457218984889617,1.9457218984889617
Extra Trees Moderate Extreme,Extra Trees,42.0,-5.321928,-3.3769852849464543,1.9449427150535454,1.9449427150535454
Extra Trees Moderate Extreme,Extra Trees,239.0,-5.321928,-3.391904220969133,1.9300237790308667,1.9300237790308667
HistGradientBoosting Baseline,HistGradientBoosting,43.0,-5.321928,-3.396064236239172,1.9258637637608276,1.9258637637608276
Random Forest Moderate Extreme,Random Forest,278.0,-5.321928,-3.4168170504412583,1.9051109495587415,1.9051109495587415
Extra Trees Moderate Extreme,Extra Trees,125.0,-5.321928,-3.439312411531394,1.8826155884686058,1.8826155884686058
Extra Trees Moderate Extreme,Extra Trees,247.0,-5.321928,-3.4425437033851463,1.8793842966148535,1.8793842966148535
Random Forest Balanced Extreme,Random Forest,42.0,-5.321928,-3.4439715943165057,1.877956405683494,1.877956405683494
HistGradientBoosting Baseline,HistGradientBoosting,125.0,-5.321928,-3.4501614773254756,1.8717665226745241,1.8717665226745241
Random Forest Mild Extreme,Random Forest,278.0,-4.321928,-2.52447813080357,1.7974498691964298,1.7974498691964298
Extra Trees Mild Extreme,Extra Trees,279.0,-5.321928,-3.525845061746358,1.7960829382536416,1.7960829382536416
Random Forest Baseline,Random Forest,125.0,-5.321928,-3.535662755600394,1.7862652443996057,1.7862652443996057
Random Forest Moderate Extreme,Random Forest,240.0,-4.321928,-2.568234288190373,1.753693711809627,1.753693711809627
Extra Trees Mild Extreme,Extra Trees,247.0,-5.321928,-3.5791108615078078,1.742817138492192,1.742817138492192
Random Forest Moderate Extreme,Random Forest,42.0,-5.321928,-3.579591157053988,1.742336842946012,1.742336842946012
Random Forest Baseline,Random Forest,279.0,-5.321928,-3.584207342458848,1.7377206575411517,1.7377206575411517
HistGradientBoosting Baseline,HistGradientBoosting,278.0,-4.321928,-2.607949689806223,1.7139783101937769,1.7139783101937769
HistGradientBoosting Target Transform,HistGradientBoosting,283.0,-4.321928,-2.611740267989527,1.7101877320104726,1.7101877320104726
Extra Trees Mild Extreme,Extra Trees,43.0,-5.321928,-3.620822665425565,1.701105334574435,1.701105334574435
Random Forest Balanced Extreme,Random Forest,278.0,-4.321928,-2.6363329801717303,1.6855950198282694,1.6855950198282694
Random Forest Baseline,Random Forest,247.0,-5.321928,-3.6385906281881786,1.6833373718118212,1.6833373718118212
Random Forest Balanced Extreme,Random Forest,247.0,-5.321928,-3.6397350173121494,1.6821929826878503,1.6821929826878503
HistGradientBoosting Mild Extreme,HistGradientBoosting,43.0,-5.321928,-3.641891380757631,1.6800366192423688,1.6800366192423688
Random Forest Balanced Extreme,Random Forest,240.0,-4.321928,-2.6513650295164353,1.6705629704835645,1.6705629704835645
Random Forest Mild Extreme,Random Forest,43.0,-5.321928,-3.6568206251009245,1.6651073748990752,1.6651073748990752
Extra Trees Moderate Extreme,Extra Trees,247.0,-5.321928,-3.66921320431157,1.6527147956884298,1.6527147956884298
HistGradientBoosting Baseline,HistGradientBoosting,247.0,-5.321928,-3.6715696018085633,1.6503583981914365,1.6503583981914365
Random Forest Mild Extreme,Random Forest,247.0,-5.321928,-3.6797593728290563,1.6421686271709435,1.6421686271709435
Random Forest Moderate Extreme,Random Forest,278.0,-4.321928,-2.693712626865751,1.6282153731342488,1.6282153731342488
Random Forest Mild Extreme,Random Forest,34.0,-4.821928,-3.195993835833932,1.6259341641660678,1.6259341641660678
HistGradientBoosting Target Transform,HistGradientBoosting,278.0,-4.321928,-2.7044490692502863,1.6174789307497135,1.6174789307497135
Extra Trees Mild Extreme,Extra Trees,34.0,-4.821928,-3.206857147066809,1.615070852933191,1.615070852933191
Extra Trees Moderate Extreme,Extra Trees,279.0,-5.321928,-3.720270188800558,1.6016578111994417,1.6016578111994417
Random Forest Moderate Extreme,Random Forest,34.0,-4.821928,-3.242857428090794,1.579070571909206,1.579070571909206
HistGradientBoosting Target Transform,HistGradientBoosting,279.0,-5.321928,-3.757986148328085,1.5639418516719146,1.5639418516719146
HistGradientBoosting Baseline,HistGradientBoosting,240.0,-4.321928,-2.781702064511255,1.5402259354887446,1.5402259354887446
Random Forest Moderate Extreme,Random Forest,43.0,-5.321928,-3.8031720139758276,1.5187559860241722,1.5187559860241722
Random Forest Balanced Extreme,Random Forest,34.0,-4.821928,-3.3269932053391496,1.4949347946608502,1.4949347946608502
Random Forest Mild Extreme,Random Forest,247.0,-5.321928,-3.8272965279940063,1.4946314720059934,1.4946314720059934
Random Forest Balanced Extreme,Random Forest,43.0,-5.321928,-3.8445098129276056,1.4774181870723941,1.4774181870723941
Random Forest Moderate Extreme,Random Forest,247.0,-5.321928,-3.851721763791805,1.470206236208195,1.470206236208195
HistGradientBoosting Target Transform,HistGradientBoosting,125.0,-5.321928,-3.867437638534528,1.4544903614654716,1.4544903614654716
HistGradientBoosting Mild Extreme,HistGradientBoosting,240.0,-4.321928,-2.8729629384879396,1.4489650615120602,1.4489650615120602
Random Forest Mild Extreme,Random Forest,125.0,-5.321928,-3.8746013863959514,1.4473266136040484,1.4473266136040484
Extra Trees Moderate Extreme,Extra Trees,43.0,-5.321928,-3.879911563852755,1.4420164361472447,1.4420164361472447
HistGradientBoosting Mild Extreme,HistGradientBoosting,125.0,-5.321928,-3.887580869830222,1.4343471301697779,1.4343471301697779
HistGradientBoosting Target Transform,HistGradientBoosting,34.0,-4.821928,-3.4141338830363264,1.4077941169636734,1.4077941169636734
Extra Trees Moderate Extreme,Extra Trees,34.0,-4.821928,-3.427221771579793,1.394706228420207,1.394706228420207
HistGradientBoosting Mild Extreme,HistGradientBoosting,278.0,-5.321928,-3.9372655711869244,1.3846624288130753,1.3846624288130753
Random Forest Target Transform,Random Forest,283.0,-4.321928,-2.9557924607043216,1.3661355392956782,1.3661355392956782
Random Forest Balanced Extreme,Random Forest,125.0,-5.321928,-3.977300968990858,1.344627031009142,1.344627031009142
HistGradientBoosting Target Transform,HistGradientBoosting,247.0,-5.321928,-3.98437441319361,1.33755358680639,1.33755358680639
Random Forest Balanced Extreme,Random Forest,247.0,-5.321928,-3.9909237690385373,1.3310042309614625,1.3310042309614625
Random Forest Moderate Extreme,Random Forest,125.0,-5.321928,-4.030026397358061,1.2919016026419392,1.2919016026419392
Random Forest Moderate Extreme,Random Forest,247.0,-5.321928,-4.039154900997777,1.282773099002223,1.282773099002223
Random Forest Balanced Extreme,Random Forest,279.0,-5.321928,-4.060448541975217,1.261479458024783,1.261479458024783
Extra Trees Target Transform,Extra Trees,283.0,-4.321928,-3.132247633049222,1.1896803669507778,1.1896803669507778
HistGradientBoosting Mild Extreme,HistGradientBoosting,279.0,-5.321928,-4.171323250863818,1.150604749136182,1.150604749136182
Random Forest Mild Extreme,Random Forest,279.0,-5.321928,-4.2230688379487775,1.0988591620512222,1.0988591620512222
HistGradientBoosting Baseline,HistGradientBoosting,279.0,-5.321928,-4.256642600366588,1.065285399633412,1.065285399633412
Random Forest Moderate Extreme,Random Forest,279.0,-5.321928,-4.3450241438987165,0.9769038561012833,0.9769038561012833
HistGradientBoosting Mild Extreme,HistGradientBoosting,278.0,-4.321928,-3.3537794553105464,0.9681485446894533,0.9681485446894533
HistGradientBoosting Mild Extreme,HistGradientBoosting,247.0,-5.321928,-4.381718333834051,0.9402096661659485,0.9402096661659485
HistGradientBoosting Target Transform,HistGradientBoosting,247.0,-5.321928,-4.419909665790155,0.9020183342098447,0.9020183342098447
HistGradientBoosting Baseline,HistGradientBoosting,247.0,-5.321928,-4.443216909864288,0.8787110901357114,0.8787110901357114
HistGradientBoosting Baseline,HistGradientBoosting,283.0,-4.321928,-3.486979217732318,0.834948782267682,0.834948782267682
Random Forest Baseline,Random Forest,283.0,-4.321928,-3.506879282994691,0.8150487170053089,0.8150487170053089
HistGradientBoosting Baseline,HistGradientBoosting,34.0,-4.821928,-4.118572851978056,0.7033551480219442,0.7033551480219442
HistGradientBoosting Mild Extreme,HistGradientBoosting,283.0,-4.321928,-3.650100963175591,0.6718270368244088,0.6718270368244088
Random Forest Mild Extreme,Random Forest,283.0,-4.321928,-3.6841794661724476,0.6377485338275521,0.6377485338275521
Extra Trees Baseline,Extra Trees,283.0,-4.321928,-3.685821429520379,0.6361065704796207,0.6361065704796207
Extra Trees Mild Extreme,Extra Trees,283.0,-4.321928,-3.745446492007166,0.5764815079928338,0.5764815079928338
HistGradientBoosting Mild Extreme,HistGradientBoosting,247.0,-5.321928,-4.771225811198195,0.5507021888018047,0.5507021888018047
Random Forest Balanced Extreme,Random Forest,283.0,-4.321928,-3.8472768537556457,0.4746511462443541,0.4746511462443541
Extra Trees Moderate Extreme,Extra Trees,283.0,-4.321928,-3.853440860463231,0.4684871395367689,0.4684871395367689
Random Forest Moderate Extreme,Random Forest,283.0,-4.321928,-3.893553732488831,0.4283742675111686,0.4283742675111686
HistGradientBoosting Mild Extreme,HistGradientBoosting,34.0,-4.821928,-4.46823610475078,0.35369189524922007,0.35369189524922007
